
-- Running command `read_verilog -sv ../build/generated/bedrock_decode_synth.sv; synth -top bedrock_decode_synth; stat -top bedrock_decode_synth; write_json ../build/yosys/bedrock_decode_synth.json' --

1. Executing Verilog-2005 frontend: ../build/generated/bedrock_decode_synth.sv
Parsing SystemVerilog input from `../build/generated/bedrock_decode_synth.sv' to AST representation.
Generating RTLIL representation for module `\bedrock_decode_synth'.
Successfully finished Verilog frontend.

2. Executing SYNTH pass.

2.1. Executing HIERARCHY pass (managing design hierarchy).

2.1.1. Analyzing design hierarchy..
Top module:  \bedrock_decode_synth

2.1.2. Analyzing design hierarchy..
Top module:  \bedrock_decode_synth
Removed 0 unused modules.

2.2. Executing PROC pass (convert processes to netlists).

2.2.1. Executing PROC_CLEAN pass (remove empty switches from decision trees).
Cleaned up 0 empty switches.

2.2.2. Executing PROC_RMDEAD pass (remove dead branches from decision trees).
Removed 4 dead cases from process $proc$../build/generated/bedrock_decode_synth.sv:322$1 in module bedrock_decode_synth.
Marked 39 switch rules as full_case in process $proc$../build/generated/bedrock_decode_synth.sv:322$1 in module bedrock_decode_synth.
Removed a total of 4 dead cases.

2.2.3. Executing PROC_PRUNE pass (remove redundant assignments in processes).
Removed 0 redundant assignments.
Promoted 10 assignments to connections.

2.2.4. Executing PROC_INIT pass (extract init attributes).

2.2.5. Executing PROC_ARST pass (detect async resets in processes).

2.2.6. Executing PROC_ROM pass (convert switches to ROMs).
Converted 1 switch.
<suppressed ~38 debug messages>

2.2.7. Executing PROC_MUX pass (convert decision trees to multiplexers).
Creating decoders for process `\bedrock_decode_synth.$proc$../build/generated/bedrock_decode_synth.sv:322$1'.
     1/154: $5\required_words_o[3:0]
     2/154: $2\field_format_token_words[3:0]
     3/154: $4\required_words_o[3:0]
     4/154: $1\field_format_token_words[3:0]
     5/154: $35\field_format_id_o[5:0]
     6/154: $35\opcode_id_o[7:0]
     7/154: $35\valid_o[0:0]
     8/154: $34\field_format_id_o[5:0]
     9/154: $34\opcode_id_o[7:0]
    10/154: $34\valid_o[0:0]
    11/154: $33\field_format_id_o[5:0]
    12/154: $33\opcode_id_o[7:0]
    13/154: $33\valid_o[0:0]
    14/154: $17\repg_allowed_o[0:0]
    15/154: $16\repg_allowed_o[0:0]
    16/154: $16\repcc_allowed_o[0:0]
    17/154: $32\field_format_id_o[5:0]
    18/154: $32\opcode_id_o[7:0]
    19/154: $32\valid_o[0:0]
    20/154: $15\repg_allowed_o[0:0]
    21/154: $15\repcc_allowed_o[0:0]
    22/154: $31\field_format_id_o[5:0]
    23/154: $31\opcode_id_o[7:0]
    24/154: $31\valid_o[0:0]
    25/154: $14\repg_allowed_o[0:0]
    26/154: $14\repcc_allowed_o[0:0]
    27/154: $30\field_format_id_o[5:0]
    28/154: $30\opcode_id_o[7:0]
    29/154: $30\valid_o[0:0]
    30/154: $13\repg_allowed_o[0:0]
    31/154: $13\repcc_allowed_o[0:0]
    32/154: $29\field_format_id_o[5:0]
    33/154: $29\opcode_id_o[7:0]
    34/154: $29\valid_o[0:0]
    35/154: $12\repg_allowed_o[0:0]
    36/154: $12\repcc_allowed_o[0:0]
    37/154: $28\field_format_id_o[5:0]
    38/154: $28\opcode_id_o[7:0]
    39/154: $28\valid_o[0:0]
    40/154: $11\repg_allowed_o[0:0]
    41/154: $11\repcc_allowed_o[0:0]
    42/154: $27\field_format_id_o[5:0]
    43/154: $27\opcode_id_o[7:0]
    44/154: $27\valid_o[0:0]
    45/154: $10\repg_allowed_o[0:0]
    46/154: $10\repcc_allowed_o[0:0]
    47/154: $26\field_format_id_o[5:0]
    48/154: $26\opcode_id_o[7:0]
    49/154: $26\valid_o[0:0]
    50/154: $9\repg_allowed_o[0:0]
    51/154: $9\repcc_allowed_o[0:0]
    52/154: $25\field_format_id_o[5:0]
    53/154: $25\opcode_id_o[7:0]
    54/154: $25\valid_o[0:0]
    55/154: $8\repg_allowed_o[0:0]
    56/154: $8\repcc_allowed_o[0:0]
    57/154: $24\field_format_id_o[5:0]
    58/154: $24\opcode_id_o[7:0]
    59/154: $24\valid_o[0:0]
    60/154: $7\repg_fast_candidate_o[0:0]
    61/154: $7\repg_allowed_o[0:0]
    62/154: $7\repcc_allowed_o[0:0]
    63/154: $23\field_format_id_o[5:0]
    64/154: $23\opcode_id_o[7:0]
    65/154: $23\valid_o[0:0]
    66/154: $6\repg_fast_candidate_o[0:0]
    67/154: $6\repg_allowed_o[0:0]
    68/154: $6\repcc_allowed_o[0:0]
    69/154: $22\field_format_id_o[5:0]
    70/154: $22\opcode_id_o[7:0]
    71/154: $22\valid_o[0:0]
    72/154: $5\repg_allowed_o[0:0]
    73/154: $5\repcc_allowed_o[0:0]
    74/154: $21\field_format_id_o[5:0]
    75/154: $21\opcode_id_o[7:0]
    76/154: $21\valid_o[0:0]
    77/154: $5\repg_fast_candidate_o[0:0]
    78/154: $20\field_format_id_o[5:0]
    79/154: $20\opcode_id_o[7:0]
    80/154: $20\valid_o[0:0]
    81/154: $19\field_format_id_o[5:0]
    82/154: $19\opcode_id_o[7:0]
    83/154: $19\valid_o[0:0]
    84/154: $4\repg_fast_candidate_o[0:0]
    85/154: $4\repg_allowed_o[0:0]
    86/154: $4\repcc_allowed_o[0:0]
    87/154: $18\field_format_id_o[5:0]
    88/154: $18\opcode_id_o[7:0]
    89/154: $18\valid_o[0:0]
    90/154: $17\field_format_id_o[5:0]
    91/154: $17\opcode_id_o[7:0]
    92/154: $17\valid_o[0:0]
    93/154: $16\field_format_id_o[5:0]
    94/154: $16\opcode_id_o[7:0]
    95/154: $16\valid_o[0:0]
    96/154: $15\field_format_id_o[5:0]
    97/154: $15\opcode_id_o[7:0]
    98/154: $15\valid_o[0:0]
    99/154: $14\field_format_id_o[5:0]
   100/154: $14\opcode_id_o[7:0]
   101/154: $14\valid_o[0:0]
   102/154: $13\field_format_id_o[5:0]
   103/154: $13\opcode_id_o[7:0]
   104/154: $13\valid_o[0:0]
   105/154: $12\field_format_id_o[5:0]
   106/154: $12\opcode_id_o[7:0]
   107/154: $12\valid_o[0:0]
   108/154: $11\field_format_id_o[5:0]
   109/154: $11\opcode_id_o[7:0]
   110/154: $11\valid_o[0:0]
   111/154: $10\field_format_id_o[5:0]
   112/154: $10\opcode_id_o[7:0]
   113/154: $10\valid_o[0:0]
   114/154: $9\field_format_id_o[5:0]
   115/154: $9\opcode_id_o[7:0]
   116/154: $9\valid_o[0:0]
   117/154: $8\field_format_id_o[5:0]
   118/154: $8\opcode_id_o[7:0]
   119/154: $8\valid_o[0:0]
   120/154: $7\field_format_id_o[5:0]
   121/154: $7\opcode_id_o[7:0]
   122/154: $7\valid_o[0:0]
   123/154: $6\field_format_id_o[5:0]
   124/154: $6\opcode_id_o[7:0]
   125/154: $6\valid_o[0:0]
   126/154: $5\field_format_id_o[5:0]
   127/154: $5\opcode_id_o[7:0]
   128/154: $5\valid_o[0:0]
   129/154: $4\field_format_id_o[5:0]
   130/154: $4\opcode_id_o[7:0]
   131/154: $4\valid_o[0:0]
   132/154: $3\field_format_id_o[5:0]
   133/154: $3\opcode_id_o[7:0]
   134/154: $3\valid_o[0:0]
   135/154: $3\repg_fast_candidate_o[0:0]
   136/154: $3\repg_allowed_o[0:0]
   137/154: $3\repcc_allowed_o[0:0]
   138/154: $2\repg_fast_candidate_o[0:0]
   139/154: $2\repg_allowed_o[0:0]
   140/154: $2\repcc_allowed_o[0:0]
   141/154: $2\field_format_id_o[5:0]
   142/154: $2\opcode_id_o[7:0]
   143/154: $2\valid_o[0:0]
   144/154: $3\required_words_o[3:0]
   145/154: $2\required_words_o[3:0]
   146/154: $1\field_format_id_o[5:0]
   147/154: $1\opcode_id_o[7:0]
   148/154: $1\valid_o[0:0]
   149/154: $1\repg_fast_candidate_o[0:0]
   150/154: $1\repg_allowed_o[0:0]
   151/154: $1\repcc_allowed_o[0:0]
   152/154: $1\ext_root_o[4:0]
   153/154: $1\required_words_o[3:0]
   154/154: $1\needs_extension_o[0:0]

2.2.8. Executing PROC_DLATCH pass (convert process syncs to latches).
No latch inferred for signal `\bedrock_decode_synth.\valid_o' from process `\bedrock_decode_synth.$proc$../build/generated/bedrock_decode_synth.sv:322$1'.
No latch inferred for signal `\bedrock_decode_synth.\needs_extension_o' from process `\bedrock_decode_synth.$proc$../build/generated/bedrock_decode_synth.sv:322$1'.
No latch inferred for signal `\bedrock_decode_synth.\opcode_id_o' from process `\bedrock_decode_synth.$proc$../build/generated/bedrock_decode_synth.sv:322$1'.
No latch inferred for signal `\bedrock_decode_synth.\field_format_id_o' from process `\bedrock_decode_synth.$proc$../build/generated/bedrock_decode_synth.sv:322$1'.
No latch inferred for signal `\bedrock_decode_synth.\required_words_o' from process `\bedrock_decode_synth.$proc$../build/generated/bedrock_decode_synth.sv:322$1'.
No latch inferred for signal `\bedrock_decode_synth.\ext_root_o' from process `\bedrock_decode_synth.$proc$../build/generated/bedrock_decode_synth.sv:322$1'.
No latch inferred for signal `\bedrock_decode_synth.\repcc_allowed_o' from process `\bedrock_decode_synth.$proc$../build/generated/bedrock_decode_synth.sv:322$1'.
No latch inferred for signal `\bedrock_decode_synth.\repg_allowed_o' from process `\bedrock_decode_synth.$proc$../build/generated/bedrock_decode_synth.sv:322$1'.
No latch inferred for signal `\bedrock_decode_synth.\repg_fast_candidate_o' from process `\bedrock_decode_synth.$proc$../build/generated/bedrock_decode_synth.sv:322$1'.
No latch inferred for signal `\bedrock_decode_synth.\field_format_token_words' from process `\bedrock_decode_synth.$proc$../build/generated/bedrock_decode_synth.sv:322$1'.

2.2.9. Executing PROC_DFF pass (convert process syncs to FFs).

2.2.10. Executing PROC_MEMWR pass (convert process memory writes to cells).

2.2.11. Executing PROC_CLEAN pass (remove empty switches from decision trees).
Found and cleaned up 39 empty switches in `\bedrock_decode_synth.$proc$../build/generated/bedrock_decode_synth.sv:322$1'.
Removing empty process `bedrock_decode_synth.$proc$../build/generated/bedrock_decode_synth.sv:322$1'.
Cleaned up 39 empty switches.

2.2.12. Executing OPT_EXPR pass (perform const folding).
Optimizing module bedrock_decode_synth.
<suppressed ~93 debug messages>

2.3. Executing OPT_EXPR pass (perform const folding).
Optimizing module bedrock_decode_synth.

2.4. Executing OPT_CLEAN pass (remove unused cells and wires).
Finding unused cells or wires in module \bedrock_decode_synth..
Removed 1 unused cells and 519 unused wires.
<suppressed ~3 debug messages>

2.5. Executing CHECK pass (checking for obvious problems).
Checking module bedrock_decode_synth...
Found and reported 0 problems.

2.6. Executing OPT pass (performing simple optimizations).

2.6.1. Executing OPT_EXPR pass (perform const folding).
Optimizing module bedrock_decode_synth.

2.6.2. Executing OPT_MERGE pass (detect identical cells).
Finding identical cells in module `\bedrock_decode_synth'.
Computing hashes of 2660 cells of `\bedrock_decode_synth'.
Finding duplicate cells in `\bedrock_decode_synth'.
Computing hashes of 901 cells of `\bedrock_decode_synth'.
Finding duplicate cells in `\bedrock_decode_synth'.
Computing hashes of 900 cells of `\bedrock_decode_synth'.
Finding duplicate cells in `\bedrock_decode_synth'.
<suppressed ~5280 debug messages>
Removed a total of 1760 cells.

2.6.3. Executing OPT_MUXTREE pass (detect dead branches in mux trees).
Running muxtree optimizer on module \bedrock_decode_synth..
  Creating internal representation of mux trees.
  Evaluating internal representation of mux trees.
  Analyzing evaluation results.
    dead port 1/2 on $mux $procmux$4149.
    dead port 1/2 on $mux $procmux$4146.
    dead port 2/2 on $mux $procmux$4122.
    dead port 2/2 on $mux $procmux$4120.
    dead port 2/2 on $mux $procmux$4789.
    dead port 1/2 on $mux $procmux$4118.
    dead port 1/2 on $mux $procmux$4115.
    dead port 1/2 on $mux $procmux$4112.
    dead port 1/2 on $mux $procmux$4109.
    dead port 2/2 on $mux $procmux$4085.
    dead port 2/2 on $mux $procmux$4083.
    dead port 1/2 on $mux $procmux$4081.
    dead port 1/2 on $mux $procmux$4078.
    dead port 1/2 on $mux $procmux$4075.
    dead port 1/2 on $mux $procmux$4072.
    dead port 2/2 on $mux $procmux$4045.
    dead port 2/2 on $mux $procmux$4043.
    dead port 1/2 on $mux $procmux$4041.
    dead port 1/2 on $mux $procmux$4038.
    dead port 1/2 on $mux $procmux$4035.
    dead port 1/2 on $mux $procmux$4032.
    dead port 2/2 on $mux $procmux$4005.
    dead port 2/2 on $mux $procmux$4003.
    dead port 1/2 on $mux $procmux$4001.
    dead port 1/2 on $mux $procmux$3998.
    dead port 1/2 on $mux $procmux$3995.
    dead port 1/2 on $mux $procmux$3992.
    dead port 2/2 on $mux $procmux$3965.
    dead port 2/2 on $mux $procmux$3963.
    dead port 1/2 on $mux $procmux$3961.
    dead port 1/2 on $mux $procmux$3958.
    dead port 1/2 on $mux $procmux$3955.
    dead port 1/2 on $mux $procmux$3952.
    dead port 1/2 on $mux $procmux$3949.
    dead port 1/2 on $mux $procmux$3946.
    dead port 2/2 on $mux $procmux$3922.
    dead port 2/2 on $mux $procmux$3920.
    dead port 2/2 on $mux $procmux$1358.
    dead port 2/2 on $mux $procmux$1356.
    dead port 1/2 on $mux $procmux$3918.
    dead port 1/2 on $mux $procmux$3915.
    dead port 1/2 on $mux $procmux$3912.
    dead port 1/2 on $mux $procmux$3909.
    dead port 1/2 on $mux $procmux$3906.
    dead port 1/2 on $mux $procmux$3903.
    dead port 2/2 on $mux $procmux$3879.
    dead port 2/2 on $mux $procmux$3877.
    dead port 1/2 on $mux $procmux$3875.
    dead port 1/2 on $mux $procmux$3872.
    dead port 1/2 on $mux $procmux$3869.
    dead port 1/2 on $mux $procmux$3866.
    dead port 1/2 on $mux $procmux$3863.
    dead port 1/2 on $mux $procmux$3860.
    dead port 2/2 on $mux $procmux$3836.
    dead port 2/2 on $mux $procmux$3834.
    dead port 1/2 on $mux $procmux$3832.
    dead port 1/2 on $mux $procmux$3829.
    dead port 1/2 on $mux $procmux$3826.
    dead port 1/2 on $mux $procmux$3823.
    dead port 1/2 on $mux $procmux$3820.
    dead port 1/2 on $mux $procmux$3817.
    dead port 2/2 on $mux $procmux$3790.
    dead port 2/2 on $mux $procmux$3788.
    dead port 2/2 on $mux $procmux$2280.
    dead port 2/2 on $mux $procmux$2278.
    dead port 1/2 on $mux $procmux$3786.
    dead port 1/2 on $mux $procmux$3783.
    dead port 1/2 on $mux $procmux$3780.
    dead port 1/2 on $mux $procmux$3777.
    dead port 1/2 on $mux $procmux$3774.
    dead port 1/2 on $mux $procmux$3771.
    dead port 2/2 on $mux $procmux$3744.
    dead port 2/2 on $mux $procmux$3742.
    dead port 1/2 on $mux $procmux$3740.
    dead port 1/2 on $mux $procmux$3737.
    dead port 1/2 on $mux $procmux$3734.
    dead port 1/2 on $mux $procmux$3731.
    dead port 1/2 on $mux $procmux$3728.
    dead port 1/2 on $mux $procmux$3725.
    dead port 2/2 on $mux $procmux$3698.
    dead port 2/2 on $mux $procmux$3696.
    dead port 1/2 on $mux $procmux$3694.
    dead port 1/2 on $mux $procmux$3691.
    dead port 1/2 on $mux $procmux$3688.
    dead port 1/2 on $mux $procmux$3685.
    dead port 1/2 on $mux $procmux$3682.
    dead port 1/2 on $mux $procmux$3679.
    dead port 1/2 on $mux $procmux$3676.
    dead port 2/2 on $mux $procmux$3649.
    dead port 2/2 on $mux $procmux$3647.
    dead port 1/2 on $mux $procmux$3645.
    dead port 2/2 on $mux $procmux$1276.
    dead port 2/2 on $mux $procmux$1274.
    dead port 1/2 on $mux $procmux$3642.
    dead port 1/2 on $mux $procmux$3639.
    dead port 1/2 on $mux $procmux$3636.
    dead port 1/2 on $mux $procmux$3633.
    dead port 1/2 on $mux $procmux$3630.
    dead port 1/2 on $mux $procmux$3627.
    dead port 2/2 on $mux $procmux$3600.
    dead port 2/2 on $mux $procmux$3598.
    dead port 1/2 on $mux $procmux$3596.
    dead port 1/2 on $mux $procmux$3593.
    dead port 1/2 on $mux $procmux$3590.
    dead port 1/2 on $mux $procmux$3587.
    dead port 1/2 on $mux $procmux$3584.
    dead port 1/2 on $mux $procmux$3581.
    dead port 1/2 on $mux $procmux$3578.
    dead port 2/2 on $mux $procmux$3551.
    dead port 2/2 on $mux $procmux$3549.
    dead port 1/2 on $mux $procmux$3547.
    dead port 1/2 on $mux $procmux$3544.
    dead port 1/2 on $mux $procmux$3541.
    dead port 1/2 on $mux $procmux$3538.
    dead port 1/2 on $mux $procmux$3535.
    dead port 1/2 on $mux $procmux$3532.
    dead port 1/2 on $mux $procmux$3529.
    dead port 1/2 on $mux $procmux$3526.
    dead port 2/2 on $mux $procmux$3499.
    dead port 2/2 on $mux $procmux$3497.
    dead port 1/2 on $mux $procmux$3495.
    dead port 1/2 on $mux $procmux$3492.
    dead port 1/2 on $mux $procmux$3489.
    dead port 1/2 on $mux $procmux$3486.
    dead port 1/2 on $mux $procmux$3483.
    dead port 1/2 on $mux $procmux$3480.
    dead port 1/2 on $mux $procmux$3477.
    dead port 1/2 on $mux $procmux$3474.
    dead port 2/2 on $mux $procmux$2185.
    dead port 2/2 on $mux $procmux$2183.
    dead port 2/2 on $mux $procmux$3447.
    dead port 2/2 on $mux $procmux$3445.
    dead port 1/2 on $mux $procmux$3443.
    dead port 1/2 on $mux $procmux$3440.
    dead port 1/2 on $mux $procmux$3437.
    dead port 1/2 on $mux $procmux$3434.
    dead port 1/2 on $mux $procmux$3431.
    dead port 1/2 on $mux $procmux$3428.
    dead port 1/2 on $mux $procmux$3425.
    dead port 1/2 on $mux $procmux$3422.
    dead port 2/2 on $mux $procmux$3395.
    dead port 2/2 on $mux $procmux$3393.
    dead port 2/2 on $mux $procmux$4768.
    dead port 1/2 on $mux $procmux$3391.
    dead port 1/2 on $mux $procmux$3388.
    dead port 1/2 on $mux $procmux$3385.
    dead port 1/2 on $mux $procmux$3382.
    dead port 2/2 on $mux $procmux$1194.
    dead port 2/2 on $mux $procmux$1192.
    dead port 1/2 on $mux $procmux$3379.
    dead port 1/2 on $mux $procmux$3376.
    dead port 1/2 on $mux $procmux$3373.
    dead port 1/2 on $mux $procmux$3370.
    dead port 1/2 on $mux $procmux$3367.
    dead port 2/2 on $mux $procmux$3340.
    dead port 2/2 on $mux $procmux$3338.
    dead port 1/2 on $mux $procmux$3336.
    dead port 1/2 on $mux $procmux$3333.
    dead port 1/2 on $mux $procmux$3330.
    dead port 1/2 on $mux $procmux$3327.
    dead port 1/2 on $mux $procmux$3324.
    dead port 1/2 on $mux $procmux$3321.
    dead port 1/2 on $mux $procmux$3318.
    dead port 1/2 on $mux $procmux$3315.
    dead port 1/2 on $mux $procmux$3312.
    dead port 2/2 on $mux $procmux$3285.
    dead port 2/2 on $mux $procmux$3283.
    dead port 1/2 on $mux $procmux$3281.
    dead port 1/2 on $mux $procmux$3278.
    dead port 2/2 on $mux $procmux$1145.
    dead port 2/2 on $mux $procmux$1143.
    dead port 1/2 on $mux $procmux$3275.
    dead port 1/2 on $mux $procmux$3272.
    dead port 1/2 on $mux $procmux$3269.
    dead port 1/2 on $mux $procmux$3266.
    dead port 1/2 on $mux $procmux$3263.
    dead port 1/2 on $mux $procmux$3260.
    dead port 1/2 on $mux $procmux$3257.
    dead port 2/2 on $mux $procmux$3230.
    dead port 2/2 on $mux $procmux$3228.
    dead port 1/2 on $mux $procmux$3226.
    dead port 1/2 on $mux $procmux$3223.
    dead port 1/2 on $mux $procmux$3220.
    dead port 1/2 on $mux $procmux$3217.
    dead port 1/2 on $mux $procmux$3214.
    dead port 1/2 on $mux $procmux$3211.
    dead port 1/2 on $mux $procmux$3208.
    dead port 1/2 on $mux $procmux$3205.
    dead port 1/2 on $mux $procmux$3202.
    dead port 1/2 on $mux $procmux$3199.
    dead port 2/2 on $mux $procmux$3172.
    dead port 2/2 on $mux $procmux$3170.
    dead port 1/2 on $mux $procmux$3168.
    dead port 1/2 on $mux $procmux$3165.
    dead port 1/2 on $mux $procmux$3162.
    dead port 1/2 on $mux $procmux$3159.
    dead port 1/2 on $mux $procmux$3156.
    dead port 2/2 on $mux $procmux$2090.
    dead port 2/2 on $mux $procmux$1096.
    dead port 2/2 on $mux $procmux$1094.
    dead port 2/2 on $mux $procmux$2088.
    dead port 1/2 on $mux $procmux$3153.
    dead port 1/2 on $mux $procmux$3150.
    dead port 1/2 on $mux $procmux$3147.
    dead port 2/2 on $mux $procmux$2054.
    dead port 2/2 on $mux $procmux$2052.
    dead port 1/2 on $mux $procmux$3144.
    dead port 1/2 on $mux $procmux$3141.
    dead port 2/2 on $mux $procmux$3114.
    dead port 2/2 on $mux $procmux$3112.
    dead port 1/2 on $mux $procmux$3110.
    dead port 1/2 on $mux $procmux$3107.
    dead port 1/2 on $mux $procmux$3104.
    dead port 1/2 on $mux $procmux$3101.
    dead port 1/2 on $mux $procmux$3098.
    dead port 1/2 on $mux $procmux$3095.
    dead port 2/2 on $mux $procmux$1047.
    dead port 2/2 on $mux $procmux$1045.
    dead port 1/2 on $mux $procmux$3092.
    dead port 1/2 on $mux $procmux$3089.
    dead port 1/2 on $mux $procmux$3086.
    dead port 1/2 on $mux $procmux$3083.
    dead port 2/2 on $mux $procmux$2018.
    dead port 2/2 on $mux $procmux$2016.
    dead port 2/2 on $mux $procmux$3056.
    dead port 2/2 on $mux $procmux$3054.
    dead port 2/2 on $mux $procmux$4748.
    dead port 2/2 on $mux $procmux$3026.
    dead port 2/2 on $mux $procmux$3024.
    dead port 2/2 on $mux $procmux$1982.
    dead port 2/2 on $mux $procmux$1980.
    dead port 2/2 on $mux $procmux$2996.
    dead port 2/2 on $mux $procmux$2994.
    dead port 2/2 on $mux $procmux$1001.
    dead port 2/2 on $mux $procmux$999.
    dead port 2/2 on $mux $procmux$2967.
    dead port 2/2 on $mux $procmux$2965.
    dead port 2/2 on $mux $procmux$1947.
    dead port 2/2 on $mux $procmux$1945.
    dead port 2/2 on $mux $procmux$2937.
    dead port 2/2 on $mux $procmux$2935.
    dead port 2/2 on $mux $procmux$2907.
    dead port 2/2 on $mux $procmux$2905.
    dead port 2/2 on $mux $procmux$955.
    dead port 2/2 on $mux $procmux$953.
    dead port 2/2 on $mux $procmux$935.
    dead port 2/2 on $mux $procmux$933.
    dead port 2/2 on $mux $procmux$1912.
    dead port 2/2 on $mux $procmux$1910.
    dead port 2/2 on $mux $procmux$915.
    dead port 2/2 on $mux $procmux$913.
    dead port 2/2 on $mux $procmux$2877.
    dead port 2/2 on $mux $procmux$2875.
    dead port 2/2 on $mux $procmux$4721.
    dead port 2/2 on $mux $procmux$895.
    dead port 2/2 on $mux $procmux$893.
    dead port 2/2 on $mux $procmux$2849.
    dead port 2/2 on $mux $procmux$875.
    dead port 2/2 on $mux $procmux$873.
    dead port 2/2 on $mux $procmux$2847.
    dead port 2/2 on $mux $procmux$1878.
    dead port 2/2 on $mux $procmux$1876.
    dead port 2/2 on $mux $procmux$855.
    dead port 2/2 on $mux $procmux$853.
    dead port 2/2 on $mux $procmux$2821.
    dead port 2/2 on $mux $procmux$836.
    dead port 2/2 on $mux $procmux$834.
    dead port 2/2 on $mux $procmux$2819.
    dead port 2/2 on $mux $procmux$817.
    dead port 2/2 on $mux $procmux$815.
    dead port 2/2 on $mux $procmux$2793.
    dead port 2/2 on $mux $procmux$2791.
    dead port 2/2 on $mux $procmux$798.
    dead port 2/2 on $mux $procmux$796.
    dead port 2/2 on $mux $procmux$779.
    dead port 2/2 on $mux $procmux$777.
    dead port 2/2 on $mux $procmux$1839.
    dead port 2/2 on $mux $procmux$1837.
    dead port 2/2 on $mux $procmux$760.
    dead port 2/2 on $mux $procmux$758.
    dead port 2/2 on $mux $procmux$2760.
    dead port 2/2 on $mux $procmux$742.
    dead port 2/2 on $mux $procmux$740.
    dead port 2/2 on $mux $procmux$2758.
    dead port 2/2 on $mux $procmux$724.
    dead port 2/2 on $mux $procmux$722.
    dead port 2/2 on $mux $procmux$706.
    dead port 2/2 on $mux $procmux$704.
    dead port 2/2 on $mux $procmux$688.
    dead port 2/2 on $mux $procmux$686.
    dead port 2/2 on $mux $procmux$2727.
    dead port 2/2 on $mux $procmux$1800.
    dead port 2/2 on $mux $procmux$1798.
    dead port 2/2 on $mux $procmux$670.
    dead port 2/2 on $mux $procmux$668.
    dead port 2/2 on $mux $procmux$2725.
    dead port 2/2 on $mux $procmux$4694.
    dead port 2/2 on $mux $procmux$653.
    dead port 2/2 on $mux $procmux$651.
    dead port 2/2 on $mux $procmux$636.
    dead port 2/2 on $mux $procmux$634.
    dead port 2/2 on $mux $procmux$2694.
    dead port 2/2 on $mux $procmux$2692.
    dead port 2/2 on $mux $procmux$619.
    dead port 2/2 on $mux $procmux$617.
    dead port 2/2 on $mux $procmux$602.
    dead port 2/2 on $mux $procmux$600.
    dead port 2/2 on $mux $procmux$2668.
    dead port 2/2 on $mux $procmux$1761.
    dead port 2/2 on $mux $procmux$1759.
    dead port 2/2 on $mux $procmux$2666.
    dead port 2/2 on $mux $procmux$585.
    dead port 2/2 on $mux $procmux$583.
    dead port 2/2 on $mux $procmux$2642.
    dead port 2/2 on $mux $procmux$569.
    dead port 2/2 on $mux $procmux$567.
    dead port 2/2 on $mux $procmux$2640.
    dead port 2/2 on $mux $procmux$553.
    dead port 2/2 on $mux $procmux$551.
    dead port 2/2 on $mux $procmux$2616.
    dead port 2/2 on $mux $procmux$2614.
    dead port 2/2 on $mux $procmux$537.
    dead port 2/2 on $mux $procmux$535.
    dead port 2/2 on $mux $procmux$1722.
    dead port 2/2 on $mux $procmux$521.
    dead port 2/2 on $mux $procmux$519.
    dead port 2/2 on $mux $procmux$1720.
    dead port 2/2 on $mux $procmux$505.
    dead port 2/2 on $mux $procmux$503.
    dead port 2/2 on $mux $procmux$491.
    dead port 2/2 on $mux $procmux$489.
    dead port 2/2 on $mux $procmux$477.
    dead port 2/2 on $mux $procmux$475.
    dead port 2/2 on $mux $procmux$463.
    dead port 2/2 on $mux $procmux$461.
    dead port 2/2 on $mux $procmux$449.
    dead port 2/2 on $mux $procmux$447.
    dead port 2/2 on $mux $procmux$435.
    dead port 2/2 on $mux $procmux$433.
    dead port 2/2 on $mux $procmux$1683.
    dead port 2/2 on $mux $procmux$1681.
    dead port 2/2 on $mux $procmux$400.
    dead port 2/2 on $mux $procmux$398.
    dead port 2/2 on $mux $procmux$2567.
    dead port 2/2 on $mux $procmux$2565.
    dead port 2/2 on $mux $procmux$365.
    dead port 2/2 on $mux $procmux$363.
    dead port 2/2 on $mux $procmux$1622.
    dead port 2/2 on $mux $procmux$1620.
    dead port 2/2 on $mux $procmux$4667.
    dead port 2/2 on $mux $procmux$4665.
    dead port 2/2 on $mux $procmux$330.
    dead port 2/2 on $mux $procmux$328.
    dead port 2/2 on $mux $procmux$4632.
    dead port 2/2 on $mux $procmux$4630.
    dead port 2/2 on $mux $procmux$295.
    dead port 2/2 on $mux $procmux$293.
    dead port 2/2 on $mux $procmux$4597.
    dead port 2/2 on $mux $procmux$4595.
    dead port 2/2 on $mux $procmux$1534.
    dead port 2/2 on $mux $procmux$1532.
    dead port 2/2 on $mux $procmux$260.
    dead port 2/2 on $mux $procmux$258.
    dead port 2/2 on $mux $procmux$239.
    dead port 2/2 on $mux $procmux$237.
    dead port 2/2 on $mux $procmux$205.
    dead port 2/2 on $mux $procmux$203.
    dead port 2/2 on $mux $procmux$2471.
    dead port 2/2 on $mux $procmux$2469.
    dead port 2/2 on $mux $procmux$4562.
    dead port 2/2 on $mux $procmux$4560.
    dead port 2/2 on $mux $procmux$4533.
    dead port 2/2 on $mux $procmux$4531.
    dead port 2/2 on $mux $procmux$4810.
    dead port 2/2 on $mux $procmux$4504.
    dead port 2/2 on $mux $procmux$171.
    dead port 2/2 on $mux $procmux$169.
    dead port 2/2 on $mux $procmux$4502.
    dead port 2/2 on $mux $procmux$4475.
    dead port 2/2 on $mux $procmux$4473.
    dead port 2/2 on $mux $procmux$4447.
    dead port 2/2 on $mux $procmux$4445.
    dead port 2/2 on $mux $procmux$4419.
    dead port 2/2 on $mux $procmux$4417.
    dead port 2/2 on $mux $procmux$147.
    dead port 2/2 on $mux $procmux$145.
    dead port 2/2 on $mux $procmux$4391.
    dead port 2/2 on $mux $procmux$4389.
    dead port 1/2 on $mux $procmux$4387.
    dead port 2/2 on $mux $procmux$4360.
    dead port 2/2 on $mux $procmux$4358.
    dead port 1/2 on $mux $procmux$4356.
    dead port 2/2 on $mux $procmux$123.
    dead port 2/2 on $mux $procmux$121.
    dead port 2/2 on $mux $procmux$4329.
    dead port 2/2 on $mux $procmux$4327.
    dead port 1/2 on $mux $procmux$4325.
    dead port 2/2 on $mux $procmux$4298.
    dead port 2/2 on $mux $procmux$4296.
    dead port 1/2 on $mux $procmux$4294.
    dead port 1/2 on $mux $procmux$4291.
    dead port 2/2 on $mux $procmux$4264.
    dead port 2/2 on $mux $procmux$1446.
    dead port 2/2 on $mux $procmux$1444.
    dead port 2/2 on $mux $procmux$4262.
    dead port 2/2 on $mux $procmux$99.
    dead port 2/2 on $mux $procmux$97.
    dead port 1/2 on $mux $procmux$4260.
    dead port 1/2 on $mux $procmux$4257.
    dead port 2/2 on $mux $procmux$4230.
    dead port 2/2 on $mux $procmux$4228.
    dead port 1/2 on $mux $procmux$4226.
    dead port 1/2 on $mux $procmux$4223.
    dead port 2/2 on $mux $procmux$4196.
    dead port 2/2 on $mux $procmux$4194.
    dead port 1/2 on $mux $procmux$4192.
    dead port 2/2 on $mux $procmux$77.
    dead port 2/2 on $mux $procmux$75.
    dead port 1/2 on $mux $procmux$4189.
    dead port 1/2 on $mux $procmux$4186.
    dead port 2/2 on $mux $procmux$68.
    dead port 2/2 on $mux $procmux$66.
    dead port 1/2 on $mux $procmux$4183.
    dead port 2/2 on $mux $procmux$4159.
    dead port 2/2 on $mux $procmux$59.
    dead port 2/2 on $mux $procmux$57.
    dead port 2/2 on $mux $procmux$4157.
    dead port 2/2 on $mux $procmux$40.
    dead port 2/2 on $mux $procmux$2375.
    dead port 1/2 on $mux $procmux$4152.
    dead port 2/2 on $mux $procmux$2373.
    dead port 1/2 on $mux $procmux$4155.
Removed 432 multiplexer ports.
<suppressed ~624 debug messages>

2.6.4. Executing OPT_REDUCE pass (consolidate $*mux and $reduce_* inputs).
  Optimizing cells in module \bedrock_decode_synth.
    New ctrl vector for $pmux cell $procmux$754: $auto$opt_reduce.cc:135:opt_pmux$5298
    New ctrl vector for $pmux cell $procmux$1062: { $auto$opt_reduce.cc:135:opt_pmux$5302 $auto$opt_reduce.cc:135:opt_pmux$5300 $procmux$1187_CMP }
    New ctrl vector for $pmux cell $procmux$5251: { $auto$opt_reduce.cc:135:opt_pmux$5306 $auto$opt_reduce.cc:135:opt_pmux$5304 $procmux$5272_CMP }
    New ctrl vector for $pmux cell $procmux$718: $auto$opt_reduce.cc:135:opt_pmux$5308
    New ctrl vector for $pmux cell $procmux$2748: { $procmux$2782_CMP $procmux$2783_CMP $procmux$2784_CMP $procmux$2785_CMP $auto$opt_reduce.cc:135:opt_pmux$5310 $procmux$2787_CMP $procmux$2788_CMP $procmux$2790_CMP }
    New ctrl vector for $pmux cell $procmux$700: $auto$opt_reduce.cc:135:opt_pmux$5312
    New ctrl vector for $pmux cell $procmux$2036: { $auto$opt_reduce.cc:135:opt_pmux$5322 $auto$opt_reduce.cc:135:opt_pmux$5320 $auto$opt_reduce.cc:135:opt_pmux$5318 $auto$opt_reduce.cc:135:opt_pmux$5316 $auto$opt_reduce.cc:135:opt_pmux$5314 $procmux$2083_CMP $procmux$2085_CMP }
    New ctrl vector for $pmux cell $procmux$1210: $auto$opt_reduce.cc:135:opt_pmux$5324
    New ctrl vector for $pmux cell $procmux$682: $auto$opt_reduce.cc:135:opt_pmux$5326
    New ctrl vector for $pmux cell $procmux$663: $auto$opt_reduce.cc:135:opt_pmux$5328
    New ctrl vector for $pmux cell $procmux$5124: $auto$opt_reduce.cc:135:opt_pmux$5330
    New ctrl vector for $pmux cell $procmux$3049: $auto$opt_reduce.cc:135:opt_pmux$5332
    New ctrl vector for $pmux cell $procmux$2715: { $auto$opt_reduce.cc:135:opt_pmux$5338 $auto$opt_reduce.cc:135:opt_pmux$5336 $procmux$2786_CMP $auto$opt_reduce.cc:135:opt_pmux$5334 }
    New ctrl vector for $pmux cell $procmux$629: $auto$opt_reduce.cc:135:opt_pmux$5340
    New ctrl vector for $pmux cell $procmux$2688: $auto$opt_reduce.cc:135:opt_pmux$5342
    New ctrl vector for $pmux cell $procmux$612: $auto$opt_reduce.cc:135:opt_pmux$5344
    New ctrl vector for $pmux cell $procmux$1778: $auto$opt_reduce.cc:135:opt_pmux$5346
    New ctrl vector for $pmux cell $procmux$2000: { $auto$opt_reduce.cc:135:opt_pmux$5354 $auto$opt_reduce.cc:135:opt_pmux$5352 $auto$opt_reduce.cc:135:opt_pmux$5350 $procmux$2078_CMP $auto$opt_reduce.cc:135:opt_pmux$5348 $procmux$2083_CMP $procmux$2085_CMP $procmux$2086_CMP }
    New ctrl vector for $pmux cell $procmux$595: $auto$opt_reduce.cc:135:opt_pmux$5356
    New ctrl vector for $pmux cell $procmux$578: $auto$opt_reduce.cc:135:opt_pmux$5358
    New ctrl vector for $pmux cell $procmux$1016: $auto$opt_reduce.cc:135:opt_pmux$5360
    New ctrl vector for $pmux cell $procmux$4979: $auto$opt_reduce.cc:135:opt_pmux$5362
    New ctrl vector for $pmux cell $procmux$2636: { $procmux$2689_CMP $auto$opt_reduce.cc:135:opt_pmux$5364 }
    New ctrl vector for $pmux cell $procmux$546: $auto$opt_reduce.cc:135:opt_pmux$5366
    New ctrl vector for $pmux cell $procmux$2990: { $auto$opt_reduce.cc:135:opt_pmux$5368 $procmux$4559_CMP }
    New ctrl vector for $pmux cell $procmux$5176: $auto$opt_reduce.cc:135:opt_pmux$5370
    New ctrl vector for $pmux cell $procmux$1739: $auto$opt_reduce.cc:135:opt_pmux$5372
    New ctrl vector for $pmux cell $procmux$530: $auto$opt_reduce.cc:135:opt_pmux$5374
    New ctrl vector for $pmux cell $procmux$514: $auto$opt_reduce.cc:135:opt_pmux$5376
    New ctrl vector for $pmux cell $procmux$500: $auto$opt_reduce.cc:135:opt_pmux$5378
    New ctrl vector for $pmux cell $procmux$1965: $auto$opt_reduce.cc:135:opt_pmux$5380
    New ctrl vector for $pmux cell $procmux$2204: $auto$opt_reduce.cc:135:opt_pmux$5382
    New ctrl vector for $pmux cell $procmux$472: $auto$opt_reduce.cc:135:opt_pmux$5384
    New ctrl vector for $pmux cell $procmux$2959: $auto$opt_reduce.cc:135:opt_pmux$5386
    New ctrl vector for $pmux cell $procmux$5274: $auto$opt_reduce.cc:135:opt_pmux$5388
    New ctrl vector for $pmux cell $procmux$458: $auto$opt_reduce.cc:135:opt_pmux$5390
    New ctrl vector for $pmux cell $procmux$444: $auto$opt_reduce.cc:135:opt_pmux$5392
    New ctrl vector for $pmux cell $procmux$1700: $auto$opt_reduce.cc:135:opt_pmux$5394
    New ctrl vector for $pmux cell $procmux$2589: $auto$opt_reduce.cc:135:opt_pmux$5396
    New ctrl vector for $pmux cell $procmux$408: $auto$opt_reduce.cc:135:opt_pmux$5398
    New ctrl vector for $pmux cell $procmux$2929: { $auto$opt_reduce.cc:135:opt_pmux$5402 $auto$opt_reduce.cc:135:opt_pmux$5400 }
    New ctrl vector for $pmux cell $procmux$1638: $auto$opt_reduce.cc:135:opt_pmux$5404
    New ctrl vector for $pmux cell $procmux$373: { $auto$opt_reduce.cc:135:opt_pmux$5426 $auto$opt_reduce.cc:135:opt_pmux$5424 $auto$opt_reduce.cc:135:opt_pmux$5422 $auto$opt_reduce.cc:135:opt_pmux$5420 $auto$opt_reduce.cc:135:opt_pmux$5418 $auto$opt_reduce.cc:135:opt_pmux$5416 $auto$opt_reduce.cc:135:opt_pmux$5414 $auto$opt_reduce.cc:135:opt_pmux$5412 $procmux$2960_CMP $auto$opt_reduce.cc:135:opt_pmux$5410 $procmux$428_CMP $auto$opt_reduce.cc:135:opt_pmux$5408 $auto$opt_reduce.cc:135:opt_pmux$5406 }
    New ctrl vector for $pmux cell $procmux$970: $auto$opt_reduce.cc:135:opt_pmux$5428
    New ctrl vector for $pmux cell $procmux$1930: $auto$opt_reduce.cc:135:opt_pmux$5430
    New ctrl vector for $pmux cell $procmux$5079: $auto$opt_reduce.cc:135:opt_pmux$5432
    New ctrl vector for $pmux cell $procmux$338: { $auto$opt_reduce.cc:135:opt_pmux$5434 $procmux$2960_CMP $procmux$428_CMP }
    New ctrl vector for $pmux cell $procmux$4658: $auto$opt_reduce.cc:135:opt_pmux$5436
    New ctrl vector for $pmux cell $procmux$948: $auto$opt_reduce.cc:135:opt_pmux$5438
    New ctrl vector for $pmux cell $procmux$303: $auto$opt_reduce.cc:135:opt_pmux$5440
    New ctrl vector for $pmux cell $procmux$2109: $auto$opt_reduce.cc:135:opt_pmux$5442
    New ctrl vector for $pmux cell $procmux$4861: { $auto$opt_reduce.cc:135:opt_pmux$5460 $auto$opt_reduce.cc:135:opt_pmux$5458 $auto$opt_reduce.cc:135:opt_pmux$5456 $auto$opt_reduce.cc:135:opt_pmux$5454 $auto$opt_reduce.cc:135:opt_pmux$5452 $auto$opt_reduce.cc:135:opt_pmux$5450 $procmux$5182_CMP $auto$opt_reduce.cc:135:opt_pmux$5448 $auto$opt_reduce.cc:135:opt_pmux$5446 $auto$opt_reduce.cc:135:opt_pmux$5444 $procmux$5200_CMP }
    New ctrl vector for $pmux cell $procmux$1111: { $auto$opt_reduce.cc:135:opt_pmux$5484 $auto$opt_reduce.cc:135:opt_pmux$5482 $auto$opt_reduce.cc:135:opt_pmux$5480 $auto$opt_reduce.cc:135:opt_pmux$5478 $auto$opt_reduce.cc:135:opt_pmux$5476 $auto$opt_reduce.cc:135:opt_pmux$5474 $auto$opt_reduce.cc:135:opt_pmux$5472 $auto$opt_reduce.cc:135:opt_pmux$5470 $procmux$2507_CMP $procmux$2508_CMP $procmux$2509_CMP $procmux$2510_CMP $procmux$2511_CMP $auto$opt_reduce.cc:135:opt_pmux$5468 $auto$opt_reduce.cc:135:opt_pmux$5466 $auto$opt_reduce.cc:135:opt_pmux$5464 $auto$opt_reduce.cc:135:opt_pmux$5462 $procmux$1187_CMP }
    New ctrl vector for $pmux cell $procmux$1550: $auto$opt_reduce.cc:135:opt_pmux$5486
    New ctrl vector for $pmux cell $procmux$268: $auto$opt_reduce.cc:135:opt_pmux$5488
    New ctrl vector for $pmux cell $procmux$255: $auto$opt_reduce.cc:135:opt_pmux$5490
    New ctrl vector for $pmux cell $procmux$212: $auto$opt_reduce.cc:135:opt_pmux$5492
    New ctrl vector for $pmux cell $procmux$2899: { $procmux$2960_CMP $auto$opt_reduce.cc:135:opt_pmux$5494 }
    New ctrl vector for $pmux cell $procmux$2490: $auto$opt_reduce.cc:135:opt_pmux$5496
    New ctrl vector for $pmux cell $procmux$4588: { $auto$opt_reduce.cc:135:opt_pmux$5498 $procmux$4664_CMP }
    New ctrl vector for $pmux cell $procmux$908: $auto$opt_reduce.cc:135:opt_pmux$5500
    New ctrl vector for $pmux cell $procmux$2871: $auto$opt_reduce.cc:135:opt_pmux$5502
    New ctrl vector for $pmux cell $procmux$888: $auto$opt_reduce.cc:135:opt_pmux$5504
    New ctrl vector for $pmux cell $procmux$1896: $auto$opt_reduce.cc:135:opt_pmux$5506
    New ctrl vector for $pmux cell $procmux$154: { $auto$opt_reduce.cc:135:opt_pmux$5512 $procmux$216_CMP $auto$opt_reduce.cc:135:opt_pmux$5510 $procmux$220_CMP $procmux$2537_CMP $auto$opt_reduce.cc:135:opt_pmux$5508 }
    New ctrl vector for $pmux cell $procmux$868: $auto$opt_reduce.cc:135:opt_pmux$5514
    New ctrl vector for $pmux cell $procmux$129: $auto$opt_reduce.cc:135:opt_pmux$5516
    New ctrl vector for $pmux cell $procmux$2843: $auto$opt_reduce.cc:135:opt_pmux$5518
    New ctrl vector for $pmux cell $procmux$848: $auto$opt_reduce.cc:135:opt_pmux$5520
    New ctrl vector for $pmux cell $procmux$2072: $auto$opt_reduce.cc:135:opt_pmux$5522
    New ctrl vector for $pmux cell $procmux$1462: { $auto$opt_reduce.cc:135:opt_pmux$5562 $auto$opt_reduce.cc:135:opt_pmux$5560 $auto$opt_reduce.cc:135:opt_pmux$5558 $auto$opt_reduce.cc:135:opt_pmux$5556 $auto$opt_reduce.cc:135:opt_pmux$5554 $auto$opt_reduce.cc:135:opt_pmux$5552 $auto$opt_reduce.cc:135:opt_pmux$5550 $auto$opt_reduce.cc:135:opt_pmux$5548 $auto$opt_reduce.cc:135:opt_pmux$5546 $auto$opt_reduce.cc:135:opt_pmux$5544 $auto$opt_reduce.cc:135:opt_pmux$5542 $auto$opt_reduce.cc:135:opt_pmux$5540 $procmux$1576_CMP $procmux$1577_CMP $procmux$1578_CMP $procmux$1579_CMP $auto$opt_reduce.cc:135:opt_pmux$5538 $auto$opt_reduce.cc:135:opt_pmux$5536 $auto$opt_reduce.cc:135:opt_pmux$5534 $auto$opt_reduce.cc:135:opt_pmux$5532 $auto$opt_reduce.cc:135:opt_pmux$5530 $auto$opt_reduce.cc:135:opt_pmux$5528 $procmux$1591_CMP $procmux$1592_CMP $auto$opt_reduce.cc:135:opt_pmux$5526 $procmux$1596_CMP $procmux$1668_CMP $auto$opt_reduce.cc:135:opt_pmux$5524 $procmux$1619_CMP }
    New ctrl vector for $pmux cell $procmux$4925: { $procmux$5002_CMP $procmux$5252_CMP $auto$opt_reduce.cc:135:opt_pmux$5586 $auto$opt_reduce.cc:135:opt_pmux$5584 $auto$opt_reduce.cc:135:opt_pmux$5582 $auto$opt_reduce.cc:135:opt_pmux$5580 $auto$opt_reduce.cc:135:opt_pmux$5578 $auto$opt_reduce.cc:135:opt_pmux$5576 $procmux$5256_CMP $procmux$5257_CMP $auto$opt_reduce.cc:135:opt_pmux$5574 $auto$opt_reduce.cc:135:opt_pmux$5572 $procmux$5180_CMP $procmux$5181_CMP $procmux$5182_CMP $procmux$5184_CMP $procmux$5185_CMP $procmux$5189_CMP $auto$opt_reduce.cc:135:opt_pmux$5570 $procmux$5191_CMP $procmux$5192_CMP $auto$opt_reduce.cc:135:opt_pmux$5568 $procmux$5195_CMP $procmux$5196_CMP $auto$opt_reduce.cc:135:opt_pmux$5566 $procmux$5199_CMP $procmux$5200_CMP $procmux$5201_CMP $procmux$5267_CMP $procmux$5268_CMP $procmux$5269_CMP $procmux$5270_CMP $procmux$5050_CMP $auto$opt_reduce.cc:135:opt_pmux$5564 $procmux$5053_CMP }
    New ctrl vector for $pmux cell $procmux$2815: $auto$opt_reduce.cc:135:opt_pmux$5588
    New ctrl vector for $pmux cell $procmux$810: $auto$opt_reduce.cc:135:opt_pmux$5590
    New ctrl vector for $pmux cell $procmux$83: { $auto$opt_reduce.cc:135:opt_pmux$5594 $procmux$220_CMP $auto$opt_reduce.cc:135:opt_pmux$5592 $procmux$2563_CMP }
    New ctrl vector for $pmux cell $procmux$1856: $auto$opt_reduce.cc:135:opt_pmux$5596
    New ctrl vector for $pmux cell $procmux$791: $auto$opt_reduce.cc:135:opt_pmux$5598
    New ctrl vector for $pmux cell $procmux$1292: $auto$opt_reduce.cc:135:opt_pmux$5600
    New ctrl vector for $pmux cell $procmux$2299: { $auto$opt_reduce.cc:135:opt_pmux$5610 $auto$opt_reduce.cc:135:opt_pmux$5608 $procmux$2516_CMP $auto$opt_reduce.cc:135:opt_pmux$5606 $auto$opt_reduce.cc:135:opt_pmux$5604 $auto$opt_reduce.cc:135:opt_pmux$5602 $procmux$2537_CMP $procmux$2538_CMP }
    New ctrl vector for $pmux cell $procmux$772: $auto$opt_reduce.cc:135:opt_pmux$5612
    New ctrl vector for $pmux cell $procmux$2394: { $auto$opt_reduce.cc:135:opt_pmux$5670 $auto$opt_reduce.cc:135:opt_pmux$5668 $auto$opt_reduce.cc:135:opt_pmux$5666 $auto$opt_reduce.cc:135:opt_pmux$5664 $auto$opt_reduce.cc:135:opt_pmux$5662 $auto$opt_reduce.cc:135:opt_pmux$5660 $auto$opt_reduce.cc:135:opt_pmux$5658 $auto$opt_reduce.cc:135:opt_pmux$5656 $auto$opt_reduce.cc:135:opt_pmux$5654 $auto$opt_reduce.cc:135:opt_pmux$5652 $auto$opt_reduce.cc:135:opt_pmux$5650 $auto$opt_reduce.cc:135:opt_pmux$5648 $auto$opt_reduce.cc:135:opt_pmux$5646 $auto$opt_reduce.cc:135:opt_pmux$5644 $auto$opt_reduce.cc:135:opt_pmux$5642 $auto$opt_reduce.cc:135:opt_pmux$5640 $auto$opt_reduce.cc:135:opt_pmux$5638 $auto$opt_reduce.cc:135:opt_pmux$5636 $auto$opt_reduce.cc:135:opt_pmux$5634 $auto$opt_reduce.cc:135:opt_pmux$5632 $procmux$2516_CMP $procmux$2521_CMP $auto$opt_reduce.cc:135:opt_pmux$5630 $auto$opt_reduce.cc:135:opt_pmux$5628 $auto$opt_reduce.cc:135:opt_pmux$5626 $auto$opt_reduce.cc:135:opt_pmux$5624 $auto$opt_reduce.cc:135:opt_pmux$5622 $procmux$2551_CMP $auto$opt_reduce.cc:135:opt_pmux$5620 $auto$opt_reduce.cc:135:opt_pmux$5618 $auto$opt_reduce.cc:135:opt_pmux$5616 $auto$opt_reduce.cc:135:opt_pmux$5614 }
    New ctrl vector for $pmux cell $procmux$1374: { $auto$opt_reduce.cc:135:opt_pmux$5692 $auto$opt_reduce.cc:135:opt_pmux$5690 $procmux$1562_CMP $procmux$1563_CMP $auto$opt_reduce.cc:135:opt_pmux$5688 $auto$opt_reduce.cc:135:opt_pmux$5686 $auto$opt_reduce.cc:135:opt_pmux$5684 $auto$opt_reduce.cc:135:opt_pmux$5682 $procmux$1663_CMP $procmux$1596_CMP $procmux$1597_CMP $auto$opt_reduce.cc:135:opt_pmux$5680 $auto$opt_reduce.cc:135:opt_pmux$5678 $auto$opt_reduce.cc:135:opt_pmux$5676 $auto$opt_reduce.cc:135:opt_pmux$5674 $procmux$1675_CMP $auto$opt_reduce.cc:135:opt_pmux$5672 }
    New ctrl vector for $pmux cell $procmux$1160: $auto$opt_reduce.cc:135:opt_pmux$5694
    New ctrl vector for $pmux cell $procmux$2781: $auto$opt_reduce.cc:135:opt_pmux$5696
  Optimizing cells in module \bedrock_decode_synth.
Performed a total of 84 changes.

2.6.5. Executing OPT_MERGE pass (detect identical cells).
Finding identical cells in module `\bedrock_decode_synth'.
Computing hashes of 668 cells of `\bedrock_decode_synth'.
Finding duplicate cells in `\bedrock_decode_synth'.
Computing hashes of 627 cells of `\bedrock_decode_synth'.
Finding duplicate cells in `\bedrock_decode_synth'.
Computing hashes of 613 cells of `\bedrock_decode_synth'.
Finding duplicate cells in `\bedrock_decode_synth'.
Computing hashes of 604 cells of `\bedrock_decode_synth'.
Finding duplicate cells in `\bedrock_decode_synth'.
<suppressed ~192 debug messages>
Removed a total of 64 cells.

2.6.6. Executing OPT_DFF pass (perform DFF optimizations).

2.6.7. Executing OPT_CLEAN pass (remove unused cells and wires).
Finding unused cells or wires in module \bedrock_decode_synth..
Removed 0 unused cells and 2256 unused wires.
<suppressed ~1 debug messages>

2.6.8. Executing OPT_EXPR pass (perform const folding).
Optimizing module bedrock_decode_synth.

2.6.9. Rerunning OPT passes. (Maybe there is more to do..)

2.6.10. Executing OPT_MUXTREE pass (detect dead branches in mux trees).
Running muxtree optimizer on module \bedrock_decode_synth..
  Creating internal representation of mux trees.
  Evaluating internal representation of mux trees.
  Analyzing evaluation results.
Removed 0 multiplexer ports.
<suppressed ~219 debug messages>

2.6.11. Executing OPT_REDUCE pass (consolidate $*mux and $reduce_* inputs).
  Optimizing cells in module \bedrock_decode_synth.
    New ctrl vector for $pmux cell $procmux$4774: { $procmux$170_CMP $procmux$294_CMP $procmux$448_CMP $auto$opt_reduce.cc:135:opt_pmux$5698 $procmux$4679_CMP $procmux$1000_CMP $procmux$1275_CMP $procmux$1721_CMP $procmux$1911_CMP $procmux$2184_CMP $procmux$2820_CMP }
    New ctrl vector for $pmux cell $procmux$4671: { $auto$opt_reduce.cc:135:opt_pmux$5704 $procmux$122_CMP $procmux$170_CMP $procmux$294_CMP $procmux$448_CMP $auto$opt_reduce.cc:135:opt_pmux$5702 $procmux$4679_CMP $auto$opt_reduce.cc:135:opt_pmux$5700 $procmux$1000_CMP $procmux$1275_CMP $procmux$1721_CMP $procmux$1911_CMP $procmux$2184_CMP $procmux$2641_CMP $procmux$2726_CMP $procmux$2820_CMP $procmux$2995_CMP $procmux$3113_CMP $procmux$4596_CMP }
    New ctrl vector for $pmux cell $procmux$4725: { $auto$opt_reduce.cc:135:opt_pmux$5708 $procmux$122_CMP $procmux$170_CMP $procmux$294_CMP $procmux$448_CMP $auto$opt_reduce.cc:135:opt_pmux$5706 $procmux$4679_CMP $procmux$1000_CMP $procmux$1275_CMP $procmux$1721_CMP $procmux$1911_CMP $procmux$2184_CMP $procmux$2641_CMP $procmux$2726_CMP $procmux$2820_CMP $procmux$2995_CMP $procmux$3113_CMP $procmux$4596_CMP }
    New ctrl vector for $pmux cell $procmux$4796: { $procmux$294_CMP $procmux$448_CMP $auto$opt_reduce.cc:135:opt_pmux$5710 $procmux$4679_CMP $procmux$1000_CMP $procmux$1275_CMP $procmux$1721_CMP $procmux$1911_CMP $procmux$2184_CMP $procmux$2820_CMP }
  Optimizing cells in module \bedrock_decode_synth.
Performed a total of 4 changes.

2.6.12. Executing OPT_MERGE pass (detect identical cells).
Finding identical cells in module `\bedrock_decode_synth'.
Computing hashes of 611 cells of `\bedrock_decode_synth'.
Finding duplicate cells in `\bedrock_decode_synth'.
Computing hashes of 608 cells of `\bedrock_decode_synth'.
Finding duplicate cells in `\bedrock_decode_synth'.
<suppressed ~9 debug messages>
Removed a total of 3 cells.

2.6.13. Executing OPT_DFF pass (perform DFF optimizations).

2.6.14. Executing OPT_CLEAN pass (remove unused cells and wires).
Finding unused cells or wires in module \bedrock_decode_synth..
Removed 0 unused cells and 3 unused wires.
<suppressed ~1 debug messages>

2.6.15. Executing OPT_EXPR pass (perform const folding).
Optimizing module bedrock_decode_synth.

2.6.16. Rerunning OPT passes. (Maybe there is more to do..)

2.6.17. Executing OPT_MUXTREE pass (detect dead branches in mux trees).
Running muxtree optimizer on module \bedrock_decode_synth..
  Creating internal representation of mux trees.
  Evaluating internal representation of mux trees.
  Analyzing evaluation results.
Removed 0 multiplexer ports.
<suppressed ~206 debug messages>

2.6.18. Executing OPT_REDUCE pass (consolidate $*mux and $reduce_* inputs).
  Optimizing cells in module \bedrock_decode_synth.
Performed a total of 0 changes.

2.6.19. Executing OPT_MERGE pass (detect identical cells).
Finding identical cells in module `\bedrock_decode_synth'.
Computing hashes of 608 cells of `\bedrock_decode_synth'.
Finding duplicate cells in `\bedrock_decode_synth'.
Removed a total of 0 cells.

2.6.20. Executing OPT_DFF pass (perform DFF optimizations).

2.6.21. Executing OPT_CLEAN pass (remove unused cells and wires).
Finding unused cells or wires in module \bedrock_decode_synth..

2.6.22. Executing OPT_EXPR pass (perform const folding).
Optimizing module bedrock_decode_synth.

2.6.23. Finished fast OPT passes. (There is nothing left to do.)

2.7. Executing FSM pass (extract and optimize FSM).

2.7.1. Executing FSM_DETECT pass (finding FSMs in design).

2.7.2. Executing FSM_EXTRACT pass (extracting FSM from design).

2.7.3. Executing FSM_OPT pass (simple optimizations of FSMs).

2.7.4. Executing OPT_CLEAN pass (remove unused cells and wires).
Finding unused cells or wires in module \bedrock_decode_synth..

2.7.5. Executing FSM_OPT pass (simple optimizations of FSMs).

2.7.6. Executing FSM_RECODE pass (re-assigning FSM state encoding).

2.7.7. Executing FSM_INFO pass (dumping all available information on FSM cells).

2.7.8. Executing FSM_MAP pass (mapping FSMs to basic logic).

2.8. Executing OPT pass (performing simple optimizations).

2.8.1. Executing OPT_EXPR pass (perform const folding).
Optimizing module bedrock_decode_synth.

2.8.2. Executing OPT_MERGE pass (detect identical cells).
Finding identical cells in module `\bedrock_decode_synth'.
Computing hashes of 608 cells of `\bedrock_decode_synth'.
Finding duplicate cells in `\bedrock_decode_synth'.
Removed a total of 0 cells.

2.8.3. Executing OPT_MUXTREE pass (detect dead branches in mux trees).
Running muxtree optimizer on module \bedrock_decode_synth..
  Creating internal representation of mux trees.
  Evaluating internal representation of mux trees.
  Analyzing evaluation results.
Removed 0 multiplexer ports.
<suppressed ~206 debug messages>

2.8.4. Executing OPT_REDUCE pass (consolidate $*mux and $reduce_* inputs).
  Optimizing cells in module \bedrock_decode_synth.
Performed a total of 0 changes.

2.8.5. Executing OPT_MERGE pass (detect identical cells).
Finding identical cells in module `\bedrock_decode_synth'.
Computing hashes of 608 cells of `\bedrock_decode_synth'.
Finding duplicate cells in `\bedrock_decode_synth'.
Removed a total of 0 cells.

2.8.6. Executing OPT_DFF pass (perform DFF optimizations).

2.8.7. Executing OPT_CLEAN pass (remove unused cells and wires).
Finding unused cells or wires in module \bedrock_decode_synth..

2.8.8. Executing OPT_EXPR pass (perform const folding).
Optimizing module bedrock_decode_synth.

2.8.9. Finished fast OPT passes. (There is nothing left to do.)

2.9. Executing WREDUCE pass (reducing word size of cells).
Removed top 26 address bits (of 32) from memory init port bedrock_decode_synth.$auto$mem.cc:351:emit$35 ($auto$proc_rom.cc:155:do_switch$33).
Removed top 5 bits (of 16) from port B of cell bedrock_decode_synth.$le$../build/generated/bedrock_decode_synth.sv:860$4 ($le).
Removed top 4 bits (of 16) from port B of cell bedrock_decode_synth.$ge$../build/generated/bedrock_decode_synth.sv:865$5 ($ge).
Removed top 4 bits (of 16) from port B of cell bedrock_decode_synth.$le$../build/generated/bedrock_decode_synth.sv:865$6 ($le).
Removed top 4 bits (of 16) from port B of cell bedrock_decode_synth.$ge$../build/generated/bedrock_decode_synth.sv:875$11 ($ge).
Removed top 4 bits (of 16) from port B of cell bedrock_decode_synth.$le$../build/generated/bedrock_decode_synth.sv:875$12 ($le).
Removed top 4 bits (of 16) from port B of cell bedrock_decode_synth.$eq$../build/generated/bedrock_decode_synth.sv:885$15 ($eq).
Removed top 4 bits (of 16) from port B of cell bedrock_decode_synth.$ge$../build/generated/bedrock_decode_synth.sv:890$16 ($ge).
Removed top 4 bits (of 16) from port B of cell bedrock_decode_synth.$le$../build/generated/bedrock_decode_synth.sv:890$17 ($le).
Removed top 3 bits (of 16) from port B of cell bedrock_decode_synth.$ge$../build/generated/bedrock_decode_synth.sv:895$19 ($ge).
Removed top 3 bits (of 16) from port B of cell bedrock_decode_synth.$le$../build/generated/bedrock_decode_synth.sv:895$20 ($le).
Removed top 3 bits (of 16) from port B of cell bedrock_decode_synth.$ge$../build/generated/bedrock_decode_synth.sv:900$22 ($ge).
Removed top 3 bits (of 16) from port B of cell bedrock_decode_synth.$le$../build/generated/bedrock_decode_synth.sv:900$23 ($le).
Removed top 2 bits (of 16) from port B of cell bedrock_decode_synth.$ge$../build/generated/bedrock_decode_synth.sv:905$25 ($ge).
Removed top 2 bits (of 16) from port B of cell bedrock_decode_synth.$le$../build/generated/bedrock_decode_synth.sv:905$26 ($le).
Removed top 2 bits (of 16) from port B of cell bedrock_decode_synth.$ge$../build/generated/bedrock_decode_synth.sv:910$28 ($ge).
Removed top 2 bits (of 16) from port B of cell bedrock_decode_synth.$le$../build/generated/bedrock_decode_synth.sv:910$29 ($le).
Removed top 2 bits (of 8) from mux cell bedrock_decode_synth.$procmux$64 ($mux).
Removed top 2 bits (of 6) from mux cell bedrock_decode_synth.$procmux$83 ($pmux).
Removed top 6 bits (of 10) from port B of cell bedrock_decode_synth.$procmux$130_CMP0 ($eq).
Removed top 6 bits (of 10) from port B of cell bedrock_decode_synth.$procmux$131_CMP0 ($eq).
Removed top 6 bits (of 10) from port B of cell bedrock_decode_synth.$procmux$132_CMP0 ($eq).
Removed top 7 bits (of 10) from port B of cell bedrock_decode_synth.$procmux$133_CMP0 ($eq).
Removed top 7 bits (of 10) from port B of cell bedrock_decode_synth.$procmux$134_CMP0 ($eq).
Removed top 1 bits (of 6) from mux cell bedrock_decode_synth.$procmux$154 ($pmux).
Removed top 7 bits (of 13) from port B of cell bedrock_decode_synth.$procmux$213_CMP0 ($eq).
Removed top 7 bits (of 16) from port B of cell bedrock_decode_synth.$procmux$214_CMP0 ($eq).
Removed top 7 bits (of 16) from port B of cell bedrock_decode_synth.$procmux$215_CMP0 ($eq).
Removed top 7 bits (of 13) from port B of cell bedrock_decode_synth.$procmux$216_CMP0 ($eq).
Removed top 7 bits (of 13) from port B of cell bedrock_decode_synth.$procmux$217_CMP0 ($eq).
Removed top 7 bits (of 10) from port B of cell bedrock_decode_synth.$procmux$218_CMP0 ($eq).
Removed top 8 bits (of 10) from port B of cell bedrock_decode_synth.$procmux$219_CMP0 ($eq).
Removed top 8 bits (of 10) from port B of cell bedrock_decode_synth.$procmux$220_CMP0 ($eq).
Removed top 10 bits (of 16) from port B of cell bedrock_decode_synth.$procmux$224_CMP0 ($eq).
Removed top 10 bits (of 16) from port B of cell bedrock_decode_synth.$procmux$225_CMP0 ($eq).
Removed top 10 bits (of 16) from port B of cell bedrock_decode_synth.$procmux$226_CMP0 ($eq).
Removed top 10 bits (of 16) from port B of cell bedrock_decode_synth.$procmux$227_CMP0 ($eq).
Removed top 10 bits (of 16) from port B of cell bedrock_decode_synth.$procmux$228_CMP0 ($eq).
Removed top 10 bits (of 16) from port B of cell bedrock_decode_synth.$procmux$229_CMP0 ($eq).
Removed top 10 bits (of 16) from port B of cell bedrock_decode_synth.$procmux$230_CMP0 ($eq).
Removed top 10 bits (of 13) from port B of cell bedrock_decode_synth.$procmux$231_CMP0 ($eq).
Removed top 10 bits (of 13) from port B of cell bedrock_decode_synth.$procmux$232_CMP0 ($eq).
Removed top 11 bits (of 13) from port B of cell bedrock_decode_synth.$procmux$233_CMP0 ($eq).
Removed top 11 bits (of 13) from port B of cell bedrock_decode_synth.$procmux$234_CMP0 ($eq).
Removed top 10 bits (of 13) from port B of cell bedrock_decode_synth.$procmux$256_CMP0 ($eq).
Removed top 10 bits (of 16) from port B of cell bedrock_decode_synth.$procmux$257_CMP0 ($eq).
Removed top 2 bits (of 16) from port B of cell bedrock_decode_synth.$procmux$428_CMP0 ($eq).
Removed top 1 bits (of 8) from port B of cell bedrock_decode_synth.$procmux$1166_CMP0 ($eq).
Removed top 1 bits (of 8) from port B of cell bedrock_decode_synth.$procmux$1167_CMP0 ($eq).
Removed top 1 bits (of 8) from port B of cell bedrock_decode_synth.$procmux$1168_CMP0 ($eq).
Removed top 1 bits (of 8) from port B of cell bedrock_decode_synth.$procmux$1169_CMP0 ($eq).
Removed top 1 bits (of 8) from port B of cell bedrock_decode_synth.$procmux$1170_CMP0 ($eq).
Removed top 5 bits (of 8) from port B of cell bedrock_decode_synth.$procmux$1186_CMP0 ($eq).
Removed top 5 bits (of 8) from port B of cell bedrock_decode_synth.$procmux$1187_CMP0 ($eq).
Removed top 6 bits (of 8) from port B of cell bedrock_decode_synth.$procmux$1188_CMP0 ($eq).
Removed top 1 bits (of 8) from port B of cell bedrock_decode_synth.$procmux$1576_CMP0 ($eq).
Removed top 1 bits (of 8) from port B of cell bedrock_decode_synth.$procmux$1577_CMP0 ($eq).
Removed top 1 bits (of 8) from port B of cell bedrock_decode_synth.$procmux$1578_CMP0 ($eq).
Removed top 1 bits (of 8) from port B of cell bedrock_decode_synth.$procmux$1579_CMP0 ($eq).
Removed top 5 bits (of 8) from port B of cell bedrock_decode_synth.$procmux$1591_CMP0 ($eq).
Removed top 5 bits (of 8) from port B of cell bedrock_decode_synth.$procmux$1592_CMP0 ($eq).
Removed top 7 bits (of 10) from port B of cell bedrock_decode_synth.$procmux$1596_CMP0 ($eq).
Removed top 7 bits (of 11) from port B of cell bedrock_decode_synth.$procmux$1597_CMP0 ($eq).
Removed top 7 bits (of 16) from port B of cell bedrock_decode_synth.$procmux$1601_CMP0 ($eq).
Removed top 7 bits (of 16) from port B of cell bedrock_decode_synth.$procmux$1616_CMP0 ($eq).
Removed top 7 bits (of 16) from port B of cell bedrock_decode_synth.$procmux$1617_CMP0 ($eq).
Removed top 7 bits (of 16) from port B of cell bedrock_decode_synth.$procmux$1618_CMP0 ($eq).
Removed top 1 bits (of 6) from port B of cell bedrock_decode_synth.$procmux$1650_CMP0 ($eq).
Removed top 2 bits (of 6) from port B of cell bedrock_decode_synth.$procmux$1651_CMP0 ($eq).
Removed top 2 bits (of 7) from port B of cell bedrock_decode_synth.$procmux$1652_CMP0 ($eq).
Removed top 2 bits (of 7) from port B of cell bedrock_decode_synth.$procmux$1653_CMP0 ($eq).
Removed top 2 bits (of 6) from port B of cell bedrock_decode_synth.$procmux$1657_CMP0 ($eq).
Removed top 7 bits (of 9) from port B of cell bedrock_decode_synth.$procmux$1663_CMP0 ($eq).
Removed top 7 bits (of 16) from port B of cell bedrock_decode_synth.$procmux$1664_CMP0 ($eq).
Removed top 7 bits (of 16) from port B of cell bedrock_decode_synth.$procmux$1665_CMP0 ($eq).
Removed top 7 bits (of 16) from port B of cell bedrock_decode_synth.$procmux$1666_CMP0 ($eq).
Removed top 7 bits (of 16) from port B of cell bedrock_decode_synth.$procmux$1667_CMP0 ($eq).
Removed top 7 bits (of 16) from port B of cell bedrock_decode_synth.$procmux$1668_CMP0 ($eq).
Removed top 7 bits (of 16) from port B of cell bedrock_decode_synth.$procmux$1669_CMP0 ($eq).
Removed top 7 bits (of 16) from port B of cell bedrock_decode_synth.$procmux$1670_CMP0 ($eq).
Removed top 7 bits (of 16) from port B of cell bedrock_decode_synth.$procmux$1671_CMP0 ($eq).
Removed top 7 bits (of 16) from port B of cell bedrock_decode_synth.$procmux$1672_CMP0 ($eq).
Removed top 7 bits (of 16) from port B of cell bedrock_decode_synth.$procmux$1673_CMP0 ($eq).
Removed top 7 bits (of 16) from port B of cell bedrock_decode_synth.$procmux$1674_CMP0 ($eq).
Removed top 7 bits (of 16) from port B of cell bedrock_decode_synth.$procmux$1675_CMP0 ($eq).
Removed top 7 bits (of 16) from port B of cell bedrock_decode_synth.$procmux$1676_CMP0 ($eq).
Removed top 7 bits (of 16) from port B of cell bedrock_decode_synth.$procmux$1677_CMP0 ($eq).
Removed top 7 bits (of 16) from port B of cell bedrock_decode_synth.$procmux$1678_CMP0 ($eq).
Removed top 7 bits (of 16) from port B of cell bedrock_decode_synth.$procmux$1679_CMP0 ($eq).
Removed top 7 bits (of 16) from port B of cell bedrock_decode_synth.$procmux$1680_CMP0 ($eq).
Removed top 1 bits (of 8) from mux cell bedrock_decode_synth.$procmux$1817 ($pmux).
Removed top 1 bits (of 8) from mux cell bedrock_decode_synth.$procmux$2036 ($pmux).
Removed top 1 bits (of 6) from port B of cell bedrock_decode_synth.$procmux$2073_CMP0 ($eq).
Removed top 1 bits (of 4) from port B of cell bedrock_decode_synth.$procmux$2074_CMP0 ($eq).
Removed top 2 bits (of 4) from port B of cell bedrock_decode_synth.$procmux$2075_CMP0 ($eq).
Removed top 2 bits (of 6) from port B of cell bedrock_decode_synth.$procmux$2077_CMP0 ($eq).
Removed top 2 bits (of 9) from port B of cell bedrock_decode_synth.$procmux$2078_CMP0 ($eq).
Removed top 3 bits (of 4) from port B of cell bedrock_decode_synth.$procmux$2079_CMP0 ($eq).
Removed top 4 bits (of 8) from port B of cell bedrock_decode_synth.$procmux$2080_CMP0 ($eq).
Removed top 4 bits (of 8) from port B of cell bedrock_decode_synth.$procmux$2081_CMP0 ($eq).
Removed top 4 bits (of 8) from port B of cell bedrock_decode_synth.$procmux$2082_CMP0 ($eq).
Removed top 4 bits (of 7) from port B of cell bedrock_decode_synth.$procmux$2083_CMP0 ($eq).
Removed top 4 bits (of 8) from port B of cell bedrock_decode_synth.$procmux$2084_CMP0 ($eq).
Removed top 4 bits (of 11) from port B of cell bedrock_decode_synth.$procmux$2085_CMP0 ($eq).
Removed top 4 bits (of 10) from port B of cell bedrock_decode_synth.$procmux$2086_CMP0 ($eq).
Removed top 1 bits (of 8) from mux cell bedrock_decode_synth.$procmux$2394 ($pmux).
Removed top 1 bits (of 5) from port B of cell bedrock_decode_synth.$procmux$2501_CMP0 ($eq).
Removed top 1 bits (of 5) from port B of cell bedrock_decode_synth.$procmux$2502_CMP0 ($eq).
Removed top 1 bits (of 5) from port B of cell bedrock_decode_synth.$procmux$2504_CMP0 ($eq).
Removed top 1 bits (of 5) from port B of cell bedrock_decode_synth.$procmux$2507_CMP0 ($eq).
Removed top 1 bits (of 5) from port B of cell bedrock_decode_synth.$procmux$2508_CMP0 ($eq).
Removed top 2 bits (of 5) from port B of cell bedrock_decode_synth.$procmux$2509_CMP0 ($eq).
Removed top 2 bits (of 5) from port B of cell bedrock_decode_synth.$procmux$2510_CMP0 ($eq).
Removed top 2 bits (of 5) from port B of cell bedrock_decode_synth.$procmux$2511_CMP0 ($eq).
Removed top 5 bits (of 6) from port B of cell bedrock_decode_synth.$procmux$2516_CMP0 ($eq).
Removed top 8 bits (of 16) from port B of cell bedrock_decode_synth.$procmux$2517_CMP0 ($eq).
Removed top 8 bits (of 16) from port B of cell bedrock_decode_synth.$procmux$2518_CMP0 ($eq).
Removed top 8 bits (of 16) from port B of cell bedrock_decode_synth.$procmux$2519_CMP0 ($eq).
Removed top 8 bits (of 16) from port B of cell bedrock_decode_synth.$procmux$2520_CMP0 ($eq).
Removed top 8 bits (of 16) from port B of cell bedrock_decode_synth.$procmux$2521_CMP0 ($eq).
Removed top 8 bits (of 16) from port B of cell bedrock_decode_synth.$procmux$2528_CMP0 ($eq).
Removed top 8 bits (of 16) from port B of cell bedrock_decode_synth.$procmux$2529_CMP0 ($eq).
Removed top 8 bits (of 16) from port B of cell bedrock_decode_synth.$procmux$2534_CMP0 ($eq).
Removed top 9 bits (of 10) from port B of cell bedrock_decode_synth.$procmux$2537_CMP0 ($eq).
Removed top 10 bits (of 11) from port B of cell bedrock_decode_synth.$procmux$2538_CMP0 ($eq).
Removed top 11 bits (of 16) from port B of cell bedrock_decode_synth.$procmux$2542_CMP0 ($eq).
Removed top 11 bits (of 16) from port B of cell bedrock_decode_synth.$procmux$2543_CMP0 ($eq).
Removed top 11 bits (of 16) from port B of cell bedrock_decode_synth.$procmux$2544_CMP0 ($eq).
Removed top 11 bits (of 16) from port B of cell bedrock_decode_synth.$procmux$2545_CMP0 ($eq).
Removed top 11 bits (of 16) from port B of cell bedrock_decode_synth.$procmux$2546_CMP0 ($eq).
Removed top 11 bits (of 16) from port B of cell bedrock_decode_synth.$procmux$2547_CMP0 ($eq).
Removed top 11 bits (of 16) from port B of cell bedrock_decode_synth.$procmux$2548_CMP0 ($eq).
Removed top 11 bits (of 16) from port B of cell bedrock_decode_synth.$procmux$2549_CMP0 ($eq).
Removed top 11 bits (of 16) from port B of cell bedrock_decode_synth.$procmux$2551_CMP0 ($eq).
Removed top 11 bits (of 16) from port B of cell bedrock_decode_synth.$procmux$2552_CMP0 ($eq).
Removed top 12 bits (of 16) from port B of cell bedrock_decode_synth.$procmux$2553_CMP0 ($eq).
Removed top 12 bits (of 16) from port B of cell bedrock_decode_synth.$procmux$2554_CMP0 ($eq).
Removed top 12 bits (of 15) from port B of cell bedrock_decode_synth.$procmux$2555_CMP0 ($eq).
Removed top 12 bits (of 15) from port B of cell bedrock_decode_synth.$procmux$2556_CMP0 ($eq).
Removed top 12 bits (of 16) from port B of cell bedrock_decode_synth.$procmux$2557_CMP0 ($eq).
Removed top 13 bits (of 15) from port B of cell bedrock_decode_synth.$procmux$2559_CMP0 ($eq).
Removed top 13 bits (of 15) from port B of cell bedrock_decode_synth.$procmux$2560_CMP0 ($eq).
Removed top 14 bits (of 16) from port B of cell bedrock_decode_synth.$procmux$2561_CMP0 ($eq).
Removed top 15 bits (of 16) from port B of cell bedrock_decode_synth.$procmux$2563_CMP0 ($eq).
Removed top 1 bits (of 5) from port B of cell bedrock_decode_synth.$procmux$2592_CMP0 ($eq).
Removed top 1 bits (of 5) from port B of cell bedrock_decode_synth.$procmux$2593_CMP0 ($eq).
Removed top 1 bits (of 5) from port B of cell bedrock_decode_synth.$procmux$2594_CMP0 ($eq).
Removed top 2 bits (of 5) from port B of cell bedrock_decode_synth.$procmux$2595_CMP0 ($eq).
Removed top 8 bits (of 16) from port B of cell bedrock_decode_synth.$procmux$2597_CMP0 ($eq).
Removed top 8 bits (of 15) from port B of cell bedrock_decode_synth.$procmux$2598_CMP0 ($eq).
Removed top 8 bits (of 15) from port B of cell bedrock_decode_synth.$procmux$2599_CMP0 ($eq).
Removed top 8 bits (of 15) from port B of cell bedrock_decode_synth.$procmux$2600_CMP0 ($eq).
Removed top 8 bits (of 15) from port B of cell bedrock_decode_synth.$procmux$2601_CMP0 ($eq).
Removed top 8 bits (of 16) from port B of cell bedrock_decode_synth.$procmux$2602_CMP0 ($eq).
Removed top 8 bits (of 16) from port B of cell bedrock_decode_synth.$procmux$2603_CMP0 ($eq).
Removed top 8 bits (of 15) from port B of cell bedrock_decode_synth.$procmux$2604_CMP0 ($eq).
Removed top 8 bits (of 15) from port B of cell bedrock_decode_synth.$procmux$2605_CMP0 ($eq).
Removed top 8 bits (of 16) from port B of cell bedrock_decode_synth.$procmux$2606_CMP0 ($eq).
Removed top 8 bits (of 16) from port B of cell bedrock_decode_synth.$procmux$2607_CMP0 ($eq).
Removed top 8 bits (of 16) from port B of cell bedrock_decode_synth.$procmux$2608_CMP0 ($eq).
Removed top 11 bits (of 15) from port B of cell bedrock_decode_synth.$procmux$2609_CMP0 ($eq).
Removed top 11 bits (of 15) from port B of cell bedrock_decode_synth.$procmux$2610_CMP0 ($eq).
Removed top 11 bits (of 16) from port B of cell bedrock_decode_synth.$procmux$2611_CMP0 ($eq).
Removed top 11 bits (of 16) from port B of cell bedrock_decode_synth.$procmux$2612_CMP0 ($eq).
Removed top 14 bits (of 16) from port B of cell bedrock_decode_synth.$procmux$2613_CMP0 ($eq).
Removed top 1 bits (of 6) from mux cell bedrock_decode_synth.$procmux$2636 ($pmux).
Removed top 5 bits (of 10) from port B of cell bedrock_decode_synth.$procmux$2689_CMP0 ($eq).
Removed top 1 bits (of 6) from mux cell bedrock_decode_synth.$procmux$2715 ($pmux).
Removed top 6 bits (of 8) from port B of cell bedrock_decode_synth.$procmux$2782_CMP0 ($eq).
Removed top 7 bits (of 8) from port B of cell bedrock_decode_synth.$procmux$2783_CMP0 ($eq).
Removed top 9 bits (of 12) from port B of cell bedrock_decode_synth.$procmux$2784_CMP0 ($eq).
Removed top 9 bits (of 12) from port B of cell bedrock_decode_synth.$procmux$2785_CMP0 ($eq).
Removed top 10 bits (of 12) from port B of cell bedrock_decode_synth.$procmux$2786_CMP0 ($eq).
Removed top 10 bits (of 12) from port B of cell bedrock_decode_synth.$procmux$2787_CMP0 ($eq).
Removed top 11 bits (of 12) from port B of cell bedrock_decode_synth.$procmux$2788_CMP0 ($eq).
Removed top 12 bits (of 13) from port B of cell bedrock_decode_synth.$procmux$2789_CMP0 ($eq).
Removed top 1 bits (of 2) from port B of cell bedrock_decode_synth.$procmux$2960_CMP0 ($eq).
Removed top 3 bits (of 5) from port B of cell bedrock_decode_synth.$procmux$2961_CMP0 ($eq).
Removed top 3 bits (of 5) from port B of cell bedrock_decode_synth.$procmux$2962_CMP0 ($eq).
Removed top 4 bits (of 5) from port B of cell bedrock_decode_synth.$procmux$2963_CMP0 ($eq).
Removed top 1 bits (of 6) from mux cell bedrock_decode_synth.$procmux$2990 ($pmux).
Removed top 1 bits (of 8) from mux cell bedrock_decode_synth.$procmux$3019 ($pmux).
Removed top 5 bits (of 7) from port B of cell bedrock_decode_synth.$procmux$3050_CMP0 ($eq).
Removed top 6 bits (of 7) from port B of cell bedrock_decode_synth.$procmux$3051_CMP0 ($eq).
Removed top 9 bits (of 16) from port B of cell bedrock_decode_synth.$procmux$3052_CMP0 ($eq).
Removed top 3 bits (of 6) from mux cell bedrock_decode_synth.$procmux$4500 ($mux).
Removed top 1 bits (of 8) from mux cell bedrock_decode_synth.$procmux$4623 ($pmux).
Removed top 12 bits (of 16) from port B of cell bedrock_decode_synth.$procmux$4659_CMP0 ($eq).
Removed top 13 bits (of 16) from port B of cell bedrock_decode_synth.$procmux$4660_CMP0 ($eq).
Removed top 13 bits (of 16) from port B of cell bedrock_decode_synth.$procmux$4661_CMP0 ($eq).
Removed top 13 bits (of 16) from port B of cell bedrock_decode_synth.$procmux$4662_CMP0 ($eq).
Removed top 13 bits (of 16) from port B of cell bedrock_decode_synth.$procmux$4663_CMP0 ($eq).
Removed top 2 bits (of 5) from port B of cell bedrock_decode_synth.$procmux$4741_CMP0 ($eq).
Removed top 2 bits (of 5) from port B of cell bedrock_decode_synth.$procmux$4742_CMP0 ($eq).
Removed top 2 bits (of 5) from port B of cell bedrock_decode_synth.$procmux$4744_CMP0 ($eq).
Removed top 3 bits (of 5) from port B of cell bedrock_decode_synth.$procmux$4745_CMP0 ($eq).
Removed top 3 bits (of 5) from port B of cell bedrock_decode_synth.$procmux$4746_CMP0 ($eq).
Removed top 4 bits (of 5) from port B of cell bedrock_decode_synth.$procmux$4747_CMP0 ($eq).
Removed top 1 bits (of 5) from port B of cell bedrock_decode_synth.$procmux$4801_CMP0 ($eq).
Removed top 1 bits (of 5) from port B of cell bedrock_decode_synth.$procmux$4802_CMP0 ($eq).
Removed top 1 bits (of 5) from port B of cell bedrock_decode_synth.$procmux$4803_CMP0 ($eq).
Removed top 1 bits (of 5) from port B of cell bedrock_decode_synth.$procmux$4804_CMP0 ($eq).
Removed top 1 bits (of 5) from port B of cell bedrock_decode_synth.$procmux$4805_CMP0 ($eq).
Removed top 1 bits (of 5) from port B of cell bedrock_decode_synth.$procmux$4806_CMP0 ($eq).
Removed top 1 bits (of 5) from port B of cell bedrock_decode_synth.$procmux$4807_CMP0 ($eq).
Removed top 1 bits (of 5) from port B of cell bedrock_decode_synth.$procmux$4808_CMP0 ($eq).
Removed top 2 bits (of 5) from port B of cell bedrock_decode_synth.$procmux$4809_CMP0 ($eq).
Removed top 8 bits (of 9) from port B of cell bedrock_decode_synth.$procmux$5045_CMP0 ($eq).
Removed top 10 bits (of 12) from port B of cell bedrock_decode_synth.$procmux$5050_CMP0 ($eq).
Removed top 1 bits (of 2) from port B of cell bedrock_decode_synth.$procmux$5188_CMP0 ($eq).
Removed top 2 bits (of 5) from port B of cell bedrock_decode_synth.$procmux$5189_CMP0 ($eq).
Removed top 2 bits (of 5) from port B of cell bedrock_decode_synth.$procmux$5190_CMP0 ($eq).
Removed top 2 bits (of 7) from port B of cell bedrock_decode_synth.$procmux$5191_CMP0 ($eq).
Removed top 2 bits (of 7) from port B of cell bedrock_decode_synth.$procmux$5192_CMP0 ($eq).
Removed top 2 bits (of 6) from port B of cell bedrock_decode_synth.$procmux$5193_CMP0 ($eq).
Removed top 2 bits (of 5) from port B of cell bedrock_decode_synth.$procmux$5194_CMP0 ($eq).
Removed top 3 bits (of 7) from port B of cell bedrock_decode_synth.$procmux$5195_CMP0 ($eq).
Removed top 3 bits (of 7) from port B of cell bedrock_decode_synth.$procmux$5196_CMP0 ($eq).
Removed top 3 bits (of 6) from port B of cell bedrock_decode_synth.$procmux$5197_CMP0 ($eq).
Removed top 3 bits (of 5) from port B of cell bedrock_decode_synth.$procmux$5198_CMP0 ($eq).
Removed top 4 bits (of 5) from port B of cell bedrock_decode_synth.$procmux$5199_CMP0 ($eq).
Removed top 5 bits (of 6) from port B of cell bedrock_decode_synth.$procmux$5200_CMP0 ($eq).
Removed top 6 bits (of 7) from port B of cell bedrock_decode_synth.$procmux$5201_CMP0 ($eq).
Removed top 1 bits (of 4) from mux cell bedrock_decode_synth.$procmux$5251 ($pmux).
Removed top 7 bits (of 8) from port B of cell bedrock_decode_synth.$procmux$5266_CMP0 ($eq).
Removed top 9 bits (of 12) from port B of cell bedrock_decode_synth.$procmux$5267_CMP0 ($eq).
Removed top 9 bits (of 12) from port B of cell bedrock_decode_synth.$procmux$5268_CMP0 ($eq).
Removed top 9 bits (of 12) from port B of cell bedrock_decode_synth.$procmux$5269_CMP0 ($eq).
Removed top 9 bits (of 12) from port B of cell bedrock_decode_synth.$procmux$5270_CMP0 ($eq).
Removed top 10 bits (of 12) from port B of cell bedrock_decode_synth.$procmux$5271_CMP0 ($eq).
Removed top 11 bits (of 12) from port B of cell bedrock_decode_synth.$procmux$5272_CMP0 ($eq).
Removed top 3 bits (of 6) from wire bedrock_decode_synth.$35\field_format_id_o[5:0].
Removed top 2 bits (of 8) from wire bedrock_decode_synth.$35\opcode_id_o[7:0].
Removed top 2 bits (of 6) from wire bedrock_decode_synth.$34\field_format_id_o[5:0].
Removed top 1 bits (of 6) from wire bedrock_decode_synth.$33\field_format_id_o[5:0].
Removed top 1 bits (of 8) from wire bedrock_decode_synth.$23\opcode_id_o[7:0].
Removed top 1 bits (of 8) from wire bedrock_decode_synth.$22\opcode_id_o[7:0].
Removed top 1 bits (of 8) from wire bedrock_decode_synth.$21\opcode_id_o[7:0].
Removed top 1 bits (of 6) from wire bedrock_decode_synth.$20\field_format_id_o[5:0].
Removed top 1 bits (of 6) from wire bedrock_decode_synth.$19\field_format_id_o[5:0].
Removed top 1 bits (of 6) from wire bedrock_decode_synth.$17\field_format_id_o[5:0].
Removed top 1 bits (of 8) from wire bedrock_decode_synth.$17\opcode_id_o[7:0].
Removed top 1 bits (of 8) from wire bedrock_decode_synth.$4\opcode_id_o[7:0].
Removed top 1 bits (of 4) from wire bedrock_decode_synth.$1\required_words_o[3:0].

2.10. Executing PEEPOPT pass (run peephole optimizers).

2.11. Executing OPT_CLEAN pass (remove unused cells and wires).
Finding unused cells or wires in module \bedrock_decode_synth..
Removed 0 unused cells and 13 unused wires.
<suppressed ~1 debug messages>

2.12. Executing ALUMACC pass (create $alu and $macc cells).
Extracting $alu and $macc cells in module bedrock_decode_synth:
  creating $alu model for $gt$../build/generated/bedrock_decode_synth.sv:3235$31 ($gt): new $alu
  creating $alu model for $le$../build/generated/bedrock_decode_synth.sv:910$29 ($le): new $alu
  creating $alu model for $ge$../build/generated/bedrock_decode_synth.sv:910$28 ($ge): new $alu
  creating $alu model for $le$../build/generated/bedrock_decode_synth.sv:905$26 ($le): new $alu
  creating $alu model for $ge$../build/generated/bedrock_decode_synth.sv:905$25 ($ge): new $alu
  creating $alu model for $le$../build/generated/bedrock_decode_synth.sv:900$23 ($le): new $alu
  creating $alu model for $ge$../build/generated/bedrock_decode_synth.sv:900$22 ($ge): new $alu
  creating $alu model for $le$../build/generated/bedrock_decode_synth.sv:895$20 ($le): new $alu
  creating $alu model for $ge$../build/generated/bedrock_decode_synth.sv:895$19 ($ge): new $alu
  creating $alu model for $le$../build/generated/bedrock_decode_synth.sv:890$17 ($le): new $alu
  creating $alu model for $ge$../build/generated/bedrock_decode_synth.sv:890$16 ($ge): new $alu
  creating $alu model for $le$../build/generated/bedrock_decode_synth.sv:875$12 ($le): new $alu
  creating $alu model for $ge$../build/generated/bedrock_decode_synth.sv:875$11 ($ge): new $alu
  creating $alu model for $le$../build/generated/bedrock_decode_synth.sv:865$6 ($le): new $alu
  creating $alu model for $ge$../build/generated/bedrock_decode_synth.sv:865$5 ($ge): new $alu
  creating $alu model for $le$../build/generated/bedrock_decode_synth.sv:860$4 ($le): new $alu
  creating $alu model for $procmux$428_CMP0 ($eq): merged with $ge$../build/generated/bedrock_decode_synth.sv:905$25.
  creating $alu cell for $le$../build/generated/bedrock_decode_synth.sv:860$4: $auto$alumacc.cc:512:replace_alu$5740
  creating $alu cell for $ge$../build/generated/bedrock_decode_synth.sv:865$5: $auto$alumacc.cc:512:replace_alu$5749
  creating $alu cell for $le$../build/generated/bedrock_decode_synth.sv:865$6: $auto$alumacc.cc:512:replace_alu$5762
  creating $alu cell for $ge$../build/generated/bedrock_decode_synth.sv:875$11: $auto$alumacc.cc:512:replace_alu$5771
  creating $alu cell for $le$../build/generated/bedrock_decode_synth.sv:875$12: $auto$alumacc.cc:512:replace_alu$5784
  creating $alu cell for $ge$../build/generated/bedrock_decode_synth.sv:890$16: $auto$alumacc.cc:512:replace_alu$5793
  creating $alu cell for $le$../build/generated/bedrock_decode_synth.sv:890$17: $auto$alumacc.cc:512:replace_alu$5806
  creating $alu cell for $ge$../build/generated/bedrock_decode_synth.sv:895$19: $auto$alumacc.cc:512:replace_alu$5815
  creating $alu cell for $le$../build/generated/bedrock_decode_synth.sv:895$20: $auto$alumacc.cc:512:replace_alu$5828
  creating $alu cell for $ge$../build/generated/bedrock_decode_synth.sv:900$22: $auto$alumacc.cc:512:replace_alu$5837
  creating $alu cell for $le$../build/generated/bedrock_decode_synth.sv:900$23: $auto$alumacc.cc:512:replace_alu$5850
  creating $alu cell for $ge$../build/generated/bedrock_decode_synth.sv:905$25, $procmux$428_CMP0: $auto$alumacc.cc:512:replace_alu$5859
  creating $alu cell for $le$../build/generated/bedrock_decode_synth.sv:905$26: $auto$alumacc.cc:512:replace_alu$5872
  creating $alu cell for $ge$../build/generated/bedrock_decode_synth.sv:910$28: $auto$alumacc.cc:512:replace_alu$5881
  creating $alu cell for $le$../build/generated/bedrock_decode_synth.sv:910$29: $auto$alumacc.cc:512:replace_alu$5894
  creating $alu cell for $gt$../build/generated/bedrock_decode_synth.sv:3235$31: $auto$alumacc.cc:512:replace_alu$5903
  created 16 $alu and 0 $macc cells.

2.13. Executing SHARE pass (SAT-based resource sharing).

2.14. Executing OPT pass (performing simple optimizations).

2.14.1. Executing OPT_EXPR pass (perform const folding).
Optimizing module bedrock_decode_synth.
<suppressed ~1 debug messages>

2.14.2. Executing OPT_MERGE pass (detect identical cells).
Finding identical cells in module `\bedrock_decode_synth'.
Computing hashes of 670 cells of `\bedrock_decode_synth'.
Finding duplicate cells in `\bedrock_decode_synth'.
Removed a total of 0 cells.

2.14.3. Executing OPT_MUXTREE pass (detect dead branches in mux trees).
Running muxtree optimizer on module \bedrock_decode_synth..
  Creating internal representation of mux trees.
  Evaluating internal representation of mux trees.
  Analyzing evaluation results.
Removed 0 multiplexer ports.
<suppressed ~206 debug messages>

2.14.4. Executing OPT_REDUCE pass (consolidate $*mux and $reduce_* inputs).
  Optimizing cells in module \bedrock_decode_synth.
Performed a total of 0 changes.

2.14.5. Executing OPT_MERGE pass (detect identical cells).
Finding identical cells in module `\bedrock_decode_synth'.
Computing hashes of 670 cells of `\bedrock_decode_synth'.
Finding duplicate cells in `\bedrock_decode_synth'.
Removed a total of 0 cells.

2.14.6. Executing OPT_DFF pass (perform DFF optimizations).

2.14.7. Executing OPT_CLEAN pass (remove unused cells and wires).
Finding unused cells or wires in module \bedrock_decode_synth..
Removed 1 unused cells and 18 unused wires.
<suppressed ~2 debug messages>

2.14.8. Executing OPT_EXPR pass (perform const folding).
Optimizing module bedrock_decode_synth.

2.14.9. Rerunning OPT passes. (Maybe there is more to do..)

2.14.10. Executing OPT_MUXTREE pass (detect dead branches in mux trees).
Running muxtree optimizer on module \bedrock_decode_synth..
  Creating internal representation of mux trees.
  Evaluating internal representation of mux trees.
  Analyzing evaluation results.
Removed 0 multiplexer ports.
<suppressed ~206 debug messages>

2.14.11. Executing OPT_REDUCE pass (consolidate $*mux and $reduce_* inputs).
  Optimizing cells in module \bedrock_decode_synth.
Performed a total of 0 changes.

2.14.12. Executing OPT_MERGE pass (detect identical cells).
Finding identical cells in module `\bedrock_decode_synth'.
Computing hashes of 669 cells of `\bedrock_decode_synth'.
Finding duplicate cells in `\bedrock_decode_synth'.
Removed a total of 0 cells.

2.14.13. Executing OPT_DFF pass (perform DFF optimizations).

2.14.14. Executing OPT_CLEAN pass (remove unused cells and wires).
Finding unused cells or wires in module \bedrock_decode_synth..

2.14.15. Executing OPT_EXPR pass (perform const folding).
Optimizing module bedrock_decode_synth.

2.14.16. Finished fast OPT passes. (There is nothing left to do.)

2.15. Executing MEMORY pass.

2.15.1. Executing OPT_MEM pass (optimize memories).
bedrock_decode_synth.$auto$proc_rom.cc:155:do_switch$33: removing const-0 lane 2
bedrock_decode_synth.$auto$proc_rom.cc:155:do_switch$33: removing const-0 lane 3
Performed a total of 1 transformations.

2.15.2. Executing OPT_MEM_PRIORITY pass (removing unnecessary memory write priority relations).
Performed a total of 0 transformations.

2.15.3. Executing OPT_MEM_FEEDBACK pass (finding memory read-to-write feedback paths).

2.15.4. Executing MEMORY_BMUX2ROM pass (converting muxes to ROMs).

2.15.5. Executing MEMORY_DFF pass (merging $dff cells to $memrd).
Checking read port `$auto$proc_rom.cc:155:do_switch$33'[0] in module `\bedrock_decode_synth': no output FF found.
Checking read port address `$auto$proc_rom.cc:155:do_switch$33'[0] in module `\bedrock_decode_synth': no address FF found.

2.15.6. Executing OPT_CLEAN pass (remove unused cells and wires).
Finding unused cells or wires in module \bedrock_decode_synth..

2.15.7. Executing MEMORY_SHARE pass (consolidating $memrd/$memwr cells).

2.15.8. Executing OPT_MEM_WIDEN pass (optimize memories where all ports are wide).
Performed a total of 0 transformations.

2.15.9. Executing OPT_CLEAN pass (remove unused cells and wires).
Finding unused cells or wires in module \bedrock_decode_synth..

2.15.10. Executing MEMORY_COLLECT pass (generating $mem cells).

2.16. Executing OPT_CLEAN pass (remove unused cells and wires).
Finding unused cells or wires in module \bedrock_decode_synth..

2.17. Executing OPT pass (performing simple optimizations).

2.17.1. Executing OPT_EXPR pass (perform const folding).
Optimizing module bedrock_decode_synth.
<suppressed ~59 debug messages>

2.17.2. Executing OPT_MERGE pass (detect identical cells).
Finding identical cells in module `\bedrock_decode_synth'.
Computing hashes of 719 cells of `\bedrock_decode_synth'.
Finding duplicate cells in `\bedrock_decode_synth'.
Computing hashes of 656 cells of `\bedrock_decode_synth'.
Finding duplicate cells in `\bedrock_decode_synth'.
<suppressed ~189 debug messages>
Removed a total of 63 cells.

2.17.3. Executing OPT_DFF pass (perform DFF optimizations).

2.17.4. Executing OPT_CLEAN pass (remove unused cells and wires).
Finding unused cells or wires in module \bedrock_decode_synth..
Removed 1 unused cells and 102 unused wires.
<suppressed ~2 debug messages>

2.17.5. Finished fast OPT passes.

2.18. Executing MEMORY_MAP pass (converting memories to logic and flip-flops).
Mapping memory $auto$proc_rom.cc:155:do_switch$33 in module \bedrock_decode_synth:
  created 64 $dff cells and 0 static cells of width 2.
  read interface: 0 $dff and 63 $mux cells.
  write interface: 0 write mux blocks.

2.19. Executing OPT pass (performing simple optimizations).

2.19.1. Executing OPT_EXPR pass (perform const folding).
Optimizing module bedrock_decode_synth.
<suppressed ~19 debug messages>

2.19.2. Executing OPT_MERGE pass (detect identical cells).
Finding identical cells in module `\bedrock_decode_synth'.
Computing hashes of 698 cells of `\bedrock_decode_synth'.
Finding duplicate cells in `\bedrock_decode_synth'.
Removed a total of 0 cells.

2.19.3. Executing OPT_MUXTREE pass (detect dead branches in mux trees).
Running muxtree optimizer on module \bedrock_decode_synth..
  Creating internal representation of mux trees.
  Evaluating internal representation of mux trees.
  Analyzing evaluation results.
Removed 0 multiplexer ports.
<suppressed ~130 debug messages>

2.19.4. Executing OPT_REDUCE pass (consolidate $*mux and $reduce_* inputs).
  Optimizing cells in module \bedrock_decode_synth.
    Consolidated identical input bits for $mux cell $memory$auto$proc_rom.cc:155:do_switch$33$rdmux[0][5][11]$6194:
      Old ports: A=2'10, B=2'11, Y=$memory$auto$proc_rom.cc:155:do_switch$33$rdmux[0][4][5]$b$6130
      New ports: A=1'0, B=1'1, Y=$memory$auto$proc_rom.cc:155:do_switch$33$rdmux[0][4][5]$b$6130 [0]
      New connections: $memory$auto$proc_rom.cc:155:do_switch$33$rdmux[0][4][5]$b$6130 [1] = 1'1
    Consolidated identical input bits for $mux cell $memory$auto$proc_rom.cc:155:do_switch$33$rdmux[0][5][26]$6239:
      Old ports: A=2'11, B=2'10, Y=$memory$auto$proc_rom.cc:155:do_switch$33$rdmux[0][4][13]$a$6153
      New ports: A=1'1, B=1'0, Y=$memory$auto$proc_rom.cc:155:do_switch$33$rdmux[0][4][13]$a$6153 [0]
      New connections: $memory$auto$proc_rom.cc:155:do_switch$33$rdmux[0][4][13]$a$6153 [1] = 1'1
    Consolidated identical input bits for $mux cell $memory$auto$proc_rom.cc:155:do_switch$33$rdmux[0][5][9]$6188:
      Old ports: A=2'11, B=2'10, Y=$memory$auto$proc_rom.cc:155:do_switch$33$rdmux[0][4][4]$b$6127
      New ports: A=1'1, B=1'0, Y=$memory$auto$proc_rom.cc:155:do_switch$33$rdmux[0][4][4]$b$6127 [0]
      New connections: $memory$auto$proc_rom.cc:155:do_switch$33$rdmux[0][4][4]$b$6127 [1] = 1'1
    Consolidated identical input bits for $mux cell $memory$auto$proc_rom.cc:155:do_switch$33$rdmux[0][5][8]$6185:
      Old ports: A=2'10, B=2'11, Y=$memory$auto$proc_rom.cc:155:do_switch$33$rdmux[0][4][4]$a$6126
      New ports: A=1'0, B=1'1, Y=$memory$auto$proc_rom.cc:155:do_switch$33$rdmux[0][4][4]$a$6126 [0]
      New connections: $memory$auto$proc_rom.cc:155:do_switch$33$rdmux[0][4][4]$a$6126 [1] = 1'1
    Consolidated identical input bits for $mux cell $memory$auto$proc_rom.cc:155:do_switch$33$rdmux[0][5][5]$6176:
      Old ports: A=2'11, B=2'01, Y=$memory$auto$proc_rom.cc:155:do_switch$33$rdmux[0][4][2]$b$6121
      New ports: A=1'1, B=1'0, Y=$memory$auto$proc_rom.cc:155:do_switch$33$rdmux[0][4][2]$b$6121 [1]
      New connections: $memory$auto$proc_rom.cc:155:do_switch$33$rdmux[0][4][2]$b$6121 [0] = 1'1
    Consolidated identical input bits for $mux cell $memory$auto$proc_rom.cc:155:do_switch$33$rdmux[0][5][4]$6173:
      Old ports: A=2'01, B=2'11, Y=$memory$auto$proc_rom.cc:155:do_switch$33$rdmux[0][4][2]$a$6120
      New ports: A=1'0, B=1'1, Y=$memory$auto$proc_rom.cc:155:do_switch$33$rdmux[0][4][2]$a$6120 [1]
      New connections: $memory$auto$proc_rom.cc:155:do_switch$33$rdmux[0][4][2]$a$6120 [0] = 1'1
    Consolidated identical input bits for $mux cell $memory$auto$proc_rom.cc:155:do_switch$33$rdmux[0][5][13]$6200:
      Old ports: A=2'11, B=2'10, Y=$memory$auto$proc_rom.cc:155:do_switch$33$rdmux[0][4][6]$b$6133
      New ports: A=1'1, B=1'0, Y=$memory$auto$proc_rom.cc:155:do_switch$33$rdmux[0][4][6]$b$6133 [0]
      New connections: $memory$auto$proc_rom.cc:155:do_switch$33$rdmux[0][4][6]$b$6133 [1] = 1'1
    Consolidated identical input bits for $mux cell $memory$auto$proc_rom.cc:155:do_switch$33$rdmux[0][5][17]$6212:
      Old ports: A=2'01, B=2'11, Y=$memory$auto$proc_rom.cc:155:do_switch$33$rdmux[0][4][8]$b$6139
      New ports: A=1'0, B=1'1, Y=$memory$auto$proc_rom.cc:155:do_switch$33$rdmux[0][4][8]$b$6139 [1]
      New connections: $memory$auto$proc_rom.cc:155:do_switch$33$rdmux[0][4][8]$b$6139 [0] = 1'1
    Consolidated identical input bits for $mux cell $memory$auto$proc_rom.cc:155:do_switch$33$rdmux[0][4][15]$6158:
      Old ports: A=2'10, B=2'11, Y=$memory$auto$proc_rom.cc:155:do_switch$33$rdmux[0][3][7]$b$6112
      New ports: A=1'0, B=1'1, Y=$memory$auto$proc_rom.cc:155:do_switch$33$rdmux[0][3][7]$b$6112 [0]
      New connections: $memory$auto$proc_rom.cc:155:do_switch$33$rdmux[0][3][7]$b$6112 [1] = 1'1
    Consolidated identical input bits for $mux cell $memory$auto$proc_rom.cc:155:do_switch$33$rdmux[0][4][11]$6146:
      Old ports: A=2'10, B=2'11, Y=$memory$auto$proc_rom.cc:155:do_switch$33$rdmux[0][3][5]$b$6106
      New ports: A=1'0, B=1'1, Y=$memory$auto$proc_rom.cc:155:do_switch$33$rdmux[0][3][5]$b$6106 [0]
      New connections: $memory$auto$proc_rom.cc:155:do_switch$33$rdmux[0][3][5]$b$6106 [1] = 1'1
    Consolidated identical input bits for $mux cell $memory$auto$proc_rom.cc:155:do_switch$33$rdmux[0][5][25]$6236:
      Old ports: A=2'11, B=2'10, Y=$memory$auto$proc_rom.cc:155:do_switch$33$rdmux[0][4][12]$b$6151
      New ports: A=1'1, B=1'0, Y=$memory$auto$proc_rom.cc:155:do_switch$33$rdmux[0][4][12]$b$6151 [0]
      New connections: $memory$auto$proc_rom.cc:155:do_switch$33$rdmux[0][4][12]$b$6151 [1] = 1'1
    Consolidated identical input bits for $pmux cell $procmux$1062:
      Old ports: A=6'000000, B=18'101010100101010100, Y=$25\field_format_id_o[5:0]
      New ports: A=5'00000, B=15'100101010101100, Y={ $25\field_format_id_o[5:0] [5:4] $25\field_format_id_o[5:0] [2:0] }
      New connections: $25\field_format_id_o[5:0] [3] = $25\field_format_id_o[5:0] [1]
    Consolidated identical input bits for $pmux cell $procmux$736:
      Old ports: A=8'00000000, B=24'101101001011010110101110, Y=$28\opcode_id_o[7:0]
      New ports: A=4'0000, B=12'110011010110, Y={ $28\opcode_id_o[7:0] [4] $28\opcode_id_o[7:0] [2:0] }
      New connections: { $28\opcode_id_o[7:0] [7:5] $28\opcode_id_o[7:0] [3] } = { $28\opcode_id_o[7:0] [2] 1'0 $28\opcode_id_o[7:0] [2:1] }
    Consolidated identical input bits for $mux cell $procmux$718:
      Old ports: A=6'000000, B=6'101101, Y=$28\field_format_id_o[5:0]
      New ports: A=1'0, B=1'1, Y=$28\field_format_id_o[5:0] [0]
      New connections: $28\field_format_id_o[5:0] [5:1] = { $28\field_format_id_o[5:0] [0] 1'0 $28\field_format_id_o[5:0] [0] $28\field_format_id_o[5:0] [0] 1'0 }
    Consolidated identical input bits for $mux cell $procmux$3080:
      Old ports: A=6'000000, B=6'111101, Y=$16\field_format_id_o[5:0]
      New ports: A=1'0, B=1'1, Y=$16\field_format_id_o[5:0] [0]
      New connections: $16\field_format_id_o[5:0] [5:1] = { $16\field_format_id_o[5:0] [0] $16\field_format_id_o[5:0] [0] $16\field_format_id_o[5:0] [0] $16\field_format_id_o[5:0] [0] 1'0 }
    Consolidated identical input bits for $pmux cell $procmux$646:
      Old ports: A=8'00001001, B=24'000010100000101100001100, Y=$29\opcode_id_o[7:0]
      New ports: A=3'001, B=9'010011100, Y=$29\opcode_id_o[7:0] [2:0]
      New connections: $29\opcode_id_o[7:0] [7:3] = 5'00001
    Consolidated identical input bits for $pmux cell $procmux$2715:
      Old ports: A=5'00000, B=20'11111010100001000100, Y=$19\field_format_id_o[5:0]
      New ports: A=4'0000, B=16'1111101000100100, Y=$19\field_format_id_o[5:0] [3:0]
      New connections: $19\field_format_id_o[5:0] [4] = $19\field_format_id_o[5:0] [0]
    Consolidated identical input bits for $mux cell $procmux$1778:
      Old ports: A=6'000000, B=6'110011, Y=$23\field_format_id_o[5:0]
      New ports: A=1'0, B=1'1, Y=$23\field_format_id_o[5:0] [0]
      New connections: $23\field_format_id_o[5:0] [5:1] = { $23\field_format_id_o[5:0] [0] $23\field_format_id_o[5:0] [0] 2'00 $23\field_format_id_o[5:0] [0] }
    Consolidated identical input bits for $pmux cell $procmux$3019:
      Old ports: A=7'0000000, B=28'0010011111110111110101111100, Y=$17\opcode_id_o[7:0]
      New ports: A=5'00000, B=20'10011111011101011100, Y=$17\opcode_id_o[7:0] [4:0]
      New connections: $17\opcode_id_o[7:0] [6:5] = { $17\opcode_id_o[7:0] [3] $17\opcode_id_o[7:0] [3] }
    Consolidated identical input bits for $pmux cell $procmux$2662:
      Old ports: A=8'00000000, B=24'011110111011000110111110, Y=$20\opcode_id_o[7:0]
      New ports: A=6'000000, B=18'011011101001101110, Y={ $20\opcode_id_o[7:0] [7:6] $20\opcode_id_o[7:0] [4] $20\opcode_id_o[7:0] [2:0] }
      New connections: { $20\opcode_id_o[7:0] [5] $20\opcode_id_o[7:0] [3] } = { $20\opcode_id_o[7:0] [4] $20\opcode_id_o[7:0] [1] }
    Consolidated identical input bits for $pmux cell $procmux$562:
      Old ports: A=8'00001101, B=24'000011100000111100010000, Y=$30\opcode_id_o[7:0]
      New ports: A=4'0101, B=12'011001111000, Y={ $30\opcode_id_o[7:0] [4] $30\opcode_id_o[7:0] [2:0] }
      New connections: { $30\opcode_id_o[7:0] [7:5] $30\opcode_id_o[7:0] [3] } = { 3'000 $30\opcode_id_o[7:0] [2] }
    Consolidated identical input bits for $pmux cell $procmux$2636:
      Old ports: A=5'00000, B=10'0010110011, Y=$20\field_format_id_o[5:0]
      New ports: A=3'000, B=6'101011, Y=$20\field_format_id_o[5:0] [2:0]
      New connections: $20\field_format_id_o[5:0] [4:3] = { $20\field_format_id_o[5:0] [1] 1'0 }
    Consolidated identical input bits for $pmux cell $procmux$2990:
      Old ports: A=5'00000, B=10'1010100101, Y=$17\field_format_id_o[5:0]
      New ports: A=2'00, B=4'1101, Y={ $17\field_format_id_o[5:0] [4] $17\field_format_id_o[5:0] [0] }
      New connections: $17\field_format_id_o[5:0] [3:1] = { 1'0 $17\field_format_id_o[5:0] [0] 1'0 }
    Consolidated identical input bits for $pmux cell $procmux$486:
      Old ports: A=8'00000000, B=16'0111111010001010, Y=$31\opcode_id_o[7:0]
      New ports: A=3'000, B=6'011101, Y={ $31\opcode_id_o[7:0] [7] $31\opcode_id_o[7:0] [2:1] }
      New connections: { $31\opcode_id_o[7:0] [6:3] $31\opcode_id_o[7:0] [0] } = { $31\opcode_id_o[7:0] [2] $31\opcode_id_o[7:0] [2] $31\opcode_id_o[7:0] [2:1] 1'0 }
    Consolidated identical input bits for $mux cell $procmux$472:
      Old ports: A=6'000000, B=6'111000, Y=$31\field_format_id_o[5:0]
      New ports: A=1'0, B=1'1, Y=$31\field_format_id_o[5:0] [3]
      New connections: { $31\field_format_id_o[5:0] [5:4] $31\field_format_id_o[5:0] [2:0] } = { $31\field_format_id_o[5:0] [3] $31\field_format_id_o[5:0] [3] 3'000 }
    Consolidated identical input bits for $pmux cell $procmux$2929:
      Old ports: A=8'00000000, B=16'1000010111001011, Y=$18\opcode_id_o[7:0]
      New ports: A=3'000, B=6'101011, Y=$18\opcode_id_o[7:0] [2:0]
      New connections: $18\opcode_id_o[7:0] [7:3] = { $18\opcode_id_o[7:0] [0] $18\opcode_id_o[7:0] [1] 2'00 $18\opcode_id_o[7:0] [1] }
    Consolidated identical input bits for $pmux cell $procmux$373:
      Old ports: A=8'00000000, B=104'10001111100011101000110110001100100010111000010010000011001000110010000100100010001000000001010100010100, Y=$32\opcode_id_o[7:0]
      New ports: A=7'0000000, B=91'1001111100111010011011001100100101110001001000011010001101000010100010010000000101010010100, Y={ $32\opcode_id_o[7:0] [7] $32\opcode_id_o[7:0] [5:0] }
      New connections: $32\opcode_id_o[7:0] [6] = 1'0
    Consolidated identical input bits for $pmux cell $procmux$338:
      Old ports: A=6'000000, B=18'101010111000111001, Y=$32\field_format_id_o[5:0]
      New ports: A=4'0000, B=12'011011001101, Y={ $32\field_format_id_o[5:0] [4:3] $32\field_format_id_o[5:0] [1:0] }
      New connections: { $32\field_format_id_o[5:0] [5] $32\field_format_id_o[5:0] [2] } = { $32\field_format_id_o[5:0] [3] 1'0 }
    Consolidated identical input bits for $pmux cell $procmux$4623:
      Old ports: A=7'0000000, B=42'001101010000001000001100001010000111000100, Y=$4\opcode_id_o[7:0]
      New ports: A=5'00000, B=30'010101000010001100101001110100, Y={ $4\opcode_id_o[7:0] [6] $4\opcode_id_o[7:0] [3:0] }
      New connections: $4\opcode_id_o[7:0] [5:4] = { 1'0 $4\opcode_id_o[7:0] [3] }
    Consolidated identical input bits for $pmux cell $procmux$1111:
      Old ports: A=8'00000000, B=144'101101011011010010101110101011011010110010101001100111101001110110010110000111010001110000011000000101110001001000010001000001110000011010010100, Y=$25\opcode_id_o[7:0]
      New ports: A=7'0000000, B=126'111010111101001101110110110111011001101001101111010111011010110001110100111000011000001011100100100010001000011100001101010100, Y={ $25\opcode_id_o[7:0] [7] $25\opcode_id_o[7:0] [5:0] }
      New connections: $25\opcode_id_o[7:0] [6] = 1'0
    Consolidated identical input bits for $pmux cell $procmux$928:
      Old ports: A=8'00000110, B=24'000001110001000100010010, Y=$26\opcode_id_o[7:0]
      New ports: A=4'0110, B=12'011110011010, Y={ $26\opcode_id_o[7:0] [4] $26\opcode_id_o[7:0] [2:0] }
      New connections: { $26\opcode_id_o[7:0] [7:5] $26\opcode_id_o[7:0] [3] } = 4'0000
    Consolidated identical input bits for $mux cell $procmux$4834:
      Old ports: A={ 1'0 $1\required_words_o[3:0] }, B=4'0001, Y=$2\required_words_o[3:0]
      New ports: A=$1\required_words_o[3:0], B=3'001, Y=$2\required_words_o[3:0] [2:0]
      New connections: $2\required_words_o[3:0] [3] = 1'0
    Consolidated identical input bits for $pmux cell $procmux$2899:
      Old ports: A=6'000000, B=12'101011101010, Y=$18\field_format_id_o[5:0]
      New ports: A=2'00, B=4'1110, Y=$18\field_format_id_o[5:0] [1:0]
      New connections: $18\field_format_id_o[5:0] [5:2] = { $18\field_format_id_o[5:0] [1] 1'0 $18\field_format_id_o[5:0] [1] 1'0 }
    Consolidated identical input bits for $pmux cell $procmux$4588:
      Old ports: A=6'000000, B=12'111110111111, Y=$4\field_format_id_o[5:0]
      New ports: A=2'00, B=4'1011, Y=$4\field_format_id_o[5:0] [1:0]
      New connections: $4\field_format_id_o[5:0] [5:2] = { $4\field_format_id_o[5:0] [1] $4\field_format_id_o[5:0] [1] $4\field_format_id_o[5:0] [1] $4\field_format_id_o[5:0] [1] }
    Consolidated identical input bits for $mux cell $procmux$4529:
      Old ports: A=8'00000000, B=8'10011000, Y=$5\opcode_id_o[7:0]
      New ports: A=1'0, B=1'1, Y=$5\opcode_id_o[7:0] [3]
      New connections: { $5\opcode_id_o[7:0] [7:4] $5\opcode_id_o[7:0] [2:0] } = { $5\opcode_id_o[7:0] [3] 2'00 $5\opcode_id_o[7:0] [3] 3'000 }
    Consolidated identical input bits for $mux cell $procmux$4500:
      Old ports: A=3'000, B=3'101, Y=$35\field_format_id_o[5:0]
      New ports: A=1'0, B=1'1, Y=$35\field_format_id_o[5:0] [0]
      New connections: $35\field_format_id_o[5:0] [2:1] = { $35\field_format_id_o[5:0] [0] 1'0 }
    Consolidated identical input bits for $pmux cell $procmux$829:
      Old ports: A=8'10011101, B=24'100111101010110010101101, Y=$27\opcode_id_o[7:0]
      New ports: A=4'0101, B=12'011010001001, Y={ $27\opcode_id_o[7:0] [5:4] $27\opcode_id_o[7:0] [1:0] }
      New connections: { $27\opcode_id_o[7:0] [7:6] $27\opcode_id_o[7:0] [3:2] } = 4'1011
    Consolidated identical input bits for $mux cell $procmux$3138:
      Old ports: A=8'00000000, B=8'10000110, Y=$16\opcode_id_o[7:0]
      New ports: A=1'0, B=1'1, Y=$16\opcode_id_o[7:0] [1]
      New connections: { $16\opcode_id_o[7:0] [7:2] $16\opcode_id_o[7:0] [0] } = { $16\opcode_id_o[7:0] [1] 4'0000 $16\opcode_id_o[7:0] [1] 1'0 }
    Consolidated identical input bits for $mux cell $procmux$64:
      Old ports: A=6'000000, B=6'100101, Y=$35\opcode_id_o[7:0]
      New ports: A=1'0, B=1'1, Y=$35\opcode_id_o[7:0] [0]
      New connections: $35\opcode_id_o[7:0] [5:1] = { $35\opcode_id_o[7:0] [0] 2'00 $35\opcode_id_o[7:0] [0] 1'0 }
    Consolidated identical input bits for $mux cell $memory$auto$proc_rom.cc:155:do_switch$33$rdmux[0][5][28]$6245:
      Old ports: A=2'10, B=2'11, Y=$memory$auto$proc_rom.cc:155:do_switch$33$rdmux[0][4][14]$a$6156
      New ports: A=1'0, B=1'1, Y=$memory$auto$proc_rom.cc:155:do_switch$33$rdmux[0][4][14]$a$6156 [0]
      New connections: $memory$auto$proc_rom.cc:155:do_switch$33$rdmux[0][4][14]$a$6156 [1] = 1'1
  Optimizing cells in module \bedrock_decode_synth.
    Consolidated identical input bits for $mux cell $memory$auto$proc_rom.cc:155:do_switch$33$rdmux[0][4][14]$6155:
      Old ports: A=$memory$auto$proc_rom.cc:155:do_switch$33$rdmux[0][4][14]$a$6156, B=2'11, Y=$memory$auto$proc_rom.cc:155:do_switch$33$rdmux[0][3][7]$a$6111
      New ports: A=$memory$auto$proc_rom.cc:155:do_switch$33$rdmux[0][4][14]$a$6156 [0], B=1'1, Y=$memory$auto$proc_rom.cc:155:do_switch$33$rdmux[0][3][7]$a$6111 [0]
      New connections: $memory$auto$proc_rom.cc:155:do_switch$33$rdmux[0][3][7]$a$6111 [1] = 1'1
    Consolidated identical input bits for $mux cell $memory$auto$proc_rom.cc:155:do_switch$33$rdmux[0][4][13]$6152:
      Old ports: A=$memory$auto$proc_rom.cc:155:do_switch$33$rdmux[0][4][13]$a$6153, B=2'10, Y=$memory$auto$proc_rom.cc:155:do_switch$33$rdmux[0][3][6]$b$6109
      New ports: A=$memory$auto$proc_rom.cc:155:do_switch$33$rdmux[0][4][13]$a$6153 [0], B=1'0, Y=$memory$auto$proc_rom.cc:155:do_switch$33$rdmux[0][3][6]$b$6109 [0]
      New connections: $memory$auto$proc_rom.cc:155:do_switch$33$rdmux[0][3][6]$b$6109 [1] = 1'1
    Consolidated identical input bits for $mux cell $memory$auto$proc_rom.cc:155:do_switch$33$rdmux[0][4][12]$6149:
      Old ports: A=2'11, B=$memory$auto$proc_rom.cc:155:do_switch$33$rdmux[0][4][12]$b$6151, Y=$memory$auto$proc_rom.cc:155:do_switch$33$rdmux[0][3][6]$a$6108
      New ports: A=1'1, B=$memory$auto$proc_rom.cc:155:do_switch$33$rdmux[0][4][12]$b$6151 [0], Y=$memory$auto$proc_rom.cc:155:do_switch$33$rdmux[0][3][6]$a$6108 [0]
      New connections: $memory$auto$proc_rom.cc:155:do_switch$33$rdmux[0][3][6]$a$6108 [1] = 1'1
    Consolidated identical input bits for $mux cell $memory$auto$proc_rom.cc:155:do_switch$33$rdmux[0][4][8]$6137:
      Old ports: A=2'01, B=$memory$auto$proc_rom.cc:155:do_switch$33$rdmux[0][4][8]$b$6139, Y=$memory$auto$proc_rom.cc:155:do_switch$33$rdmux[0][3][4]$a$6102
      New ports: A=1'0, B=$memory$auto$proc_rom.cc:155:do_switch$33$rdmux[0][4][8]$b$6139 [1], Y=$memory$auto$proc_rom.cc:155:do_switch$33$rdmux[0][3][4]$a$6102 [1]
      New connections: $memory$auto$proc_rom.cc:155:do_switch$33$rdmux[0][3][4]$a$6102 [0] = 1'1
    Consolidated identical input bits for $mux cell $memory$auto$proc_rom.cc:155:do_switch$33$rdmux[0][4][6]$6131:
      Old ports: A=2'10, B=$memory$auto$proc_rom.cc:155:do_switch$33$rdmux[0][4][6]$b$6133, Y=$memory$auto$proc_rom.cc:155:do_switch$33$rdmux[0][3][3]$a$6099
      New ports: A=1'0, B=$memory$auto$proc_rom.cc:155:do_switch$33$rdmux[0][4][6]$b$6133 [0], Y=$memory$auto$proc_rom.cc:155:do_switch$33$rdmux[0][3][3]$a$6099 [0]
      New connections: $memory$auto$proc_rom.cc:155:do_switch$33$rdmux[0][3][3]$a$6099 [1] = 1'1
    Consolidated identical input bits for $mux cell $memory$auto$proc_rom.cc:155:do_switch$33$rdmux[0][4][5]$6128:
      Old ports: A=2'10, B=$memory$auto$proc_rom.cc:155:do_switch$33$rdmux[0][4][5]$b$6130, Y=$memory$auto$proc_rom.cc:155:do_switch$33$rdmux[0][3][2]$b$6097
      New ports: A=1'0, B=$memory$auto$proc_rom.cc:155:do_switch$33$rdmux[0][4][5]$b$6130 [0], Y=$memory$auto$proc_rom.cc:155:do_switch$33$rdmux[0][3][2]$b$6097 [0]
      New connections: $memory$auto$proc_rom.cc:155:do_switch$33$rdmux[0][3][2]$b$6097 [1] = 1'1
    Consolidated identical input bits for $mux cell $memory$auto$proc_rom.cc:155:do_switch$33$rdmux[0][4][4]$6125:
      Old ports: A=$memory$auto$proc_rom.cc:155:do_switch$33$rdmux[0][4][4]$a$6126, B=$memory$auto$proc_rom.cc:155:do_switch$33$rdmux[0][4][4]$b$6127, Y=$memory$auto$proc_rom.cc:155:do_switch$33$rdmux[0][3][2]$a$6096
      New ports: A=$memory$auto$proc_rom.cc:155:do_switch$33$rdmux[0][4][4]$a$6126 [0], B=$memory$auto$proc_rom.cc:155:do_switch$33$rdmux[0][4][4]$b$6127 [0], Y=$memory$auto$proc_rom.cc:155:do_switch$33$rdmux[0][3][2]$a$6096 [0]
      New connections: $memory$auto$proc_rom.cc:155:do_switch$33$rdmux[0][3][2]$a$6096 [1] = 1'1
    Consolidated identical input bits for $mux cell $memory$auto$proc_rom.cc:155:do_switch$33$rdmux[0][4][2]$6119:
      Old ports: A=$memory$auto$proc_rom.cc:155:do_switch$33$rdmux[0][4][2]$a$6120, B=$memory$auto$proc_rom.cc:155:do_switch$33$rdmux[0][4][2]$b$6121, Y=$memory$auto$proc_rom.cc:155:do_switch$33$rdmux[0][3][1]$a$6093
      New ports: A=$memory$auto$proc_rom.cc:155:do_switch$33$rdmux[0][4][2]$a$6120 [1], B=$memory$auto$proc_rom.cc:155:do_switch$33$rdmux[0][4][2]$b$6121 [1], Y=$memory$auto$proc_rom.cc:155:do_switch$33$rdmux[0][3][1]$a$6093 [1]
      New connections: $memory$auto$proc_rom.cc:155:do_switch$33$rdmux[0][3][1]$a$6093 [0] = 1'1
    Consolidated identical input bits for $mux cell $memory$auto$proc_rom.cc:155:do_switch$33$rdmux[0][3][5]$6104:
      Old ports: A=2'10, B=$memory$auto$proc_rom.cc:155:do_switch$33$rdmux[0][3][5]$b$6106, Y=$memory$auto$proc_rom.cc:155:do_switch$33$rdmux[0][2][2]$b$6085
      New ports: A=1'0, B=$memory$auto$proc_rom.cc:155:do_switch$33$rdmux[0][3][5]$b$6106 [0], Y=$memory$auto$proc_rom.cc:155:do_switch$33$rdmux[0][2][2]$b$6085 [0]
      New connections: $memory$auto$proc_rom.cc:155:do_switch$33$rdmux[0][2][2]$b$6085 [1] = 1'1
    Consolidated identical input bits for $mux cell $procmux$3254:
      Old ports: A=$16\field_format_id_o[5:0], B=6'111100, Y=$15\field_format_id_o[5:0]
      New ports: A={ $16\field_format_id_o[5:0] [0] $16\field_format_id_o[5:0] [0] }, B=2'10, Y={ $15\field_format_id_o[5:0] [2] $15\field_format_id_o[5:0] [0] }
      New connections: { $15\field_format_id_o[5:0] [5:3] $15\field_format_id_o[5:0] [1] } = { $15\field_format_id_o[5:0] [2] $15\field_format_id_o[5:0] [2] $15\field_format_id_o[5:0] [2] 1'0 }
    Consolidated identical input bits for $mux cell $procmux$4831:
      Old ports: A=$2\required_words_o[3:0], B=4'0010, Y=$3\required_words_o[3:0]
      New ports: A=$2\required_words_o[3:0] [2:0], B=3'010, Y=$3\required_words_o[3:0] [2:0]
      New connections: $3\required_words_o[3:0] [3] = 1'0
    Consolidated identical input bits for $mux cell $procmux$3309:
      Old ports: A=$16\opcode_id_o[7:0], B=8'10000110, Y=$15\opcode_id_o[7:0]
      New ports: A=$16\opcode_id_o[7:0] [1], B=1'1, Y=$15\opcode_id_o[7:0] [1]
      New connections: { $15\opcode_id_o[7:0] [7:2] $15\opcode_id_o[7:0] [0] } = { $15\opcode_id_o[7:0] [1] 4'0000 $15\opcode_id_o[7:0] [1] 1'0 }
  Optimizing cells in module \bedrock_decode_synth.
    Consolidated identical input bits for $mux cell $memory$auto$proc_rom.cc:155:do_switch$33$rdmux[0][3][7]$6110:
      Old ports: A=$memory$auto$proc_rom.cc:155:do_switch$33$rdmux[0][3][7]$a$6111, B=$memory$auto$proc_rom.cc:155:do_switch$33$rdmux[0][3][7]$b$6112, Y=$memory$auto$proc_rom.cc:155:do_switch$33$rdmux[0][2][3]$b$6088
      New ports: A=$memory$auto$proc_rom.cc:155:do_switch$33$rdmux[0][3][7]$a$6111 [0], B=$memory$auto$proc_rom.cc:155:do_switch$33$rdmux[0][3][7]$b$6112 [0], Y=$memory$auto$proc_rom.cc:155:do_switch$33$rdmux[0][2][3]$b$6088 [0]
      New connections: $memory$auto$proc_rom.cc:155:do_switch$33$rdmux[0][2][3]$b$6088 [1] = 1'1
    Consolidated identical input bits for $mux cell $memory$auto$proc_rom.cc:155:do_switch$33$rdmux[0][3][6]$6107:
      Old ports: A=$memory$auto$proc_rom.cc:155:do_switch$33$rdmux[0][3][6]$a$6108, B=$memory$auto$proc_rom.cc:155:do_switch$33$rdmux[0][3][6]$b$6109, Y=$memory$auto$proc_rom.cc:155:do_switch$33$rdmux[0][2][3]$a$6087
      New ports: A=$memory$auto$proc_rom.cc:155:do_switch$33$rdmux[0][3][6]$a$6108 [0], B=$memory$auto$proc_rom.cc:155:do_switch$33$rdmux[0][3][6]$b$6109 [0], Y=$memory$auto$proc_rom.cc:155:do_switch$33$rdmux[0][2][3]$a$6087 [0]
      New connections: $memory$auto$proc_rom.cc:155:do_switch$33$rdmux[0][2][3]$a$6087 [1] = 1'1
    Consolidated identical input bits for $mux cell $memory$auto$proc_rom.cc:155:do_switch$33$rdmux[0][3][2]$6095:
      Old ports: A=$memory$auto$proc_rom.cc:155:do_switch$33$rdmux[0][3][2]$a$6096, B=$memory$auto$proc_rom.cc:155:do_switch$33$rdmux[0][3][2]$b$6097, Y=$memory$auto$proc_rom.cc:155:do_switch$33$rdmux[0][2][1]$a$6081
      New ports: A=$memory$auto$proc_rom.cc:155:do_switch$33$rdmux[0][3][2]$a$6096 [0], B=$memory$auto$proc_rom.cc:155:do_switch$33$rdmux[0][3][2]$b$6097 [0], Y=$memory$auto$proc_rom.cc:155:do_switch$33$rdmux[0][2][1]$a$6081 [0]
      New connections: $memory$auto$proc_rom.cc:155:do_switch$33$rdmux[0][2][1]$a$6081 [1] = 1'1
    Consolidated identical input bits for $mux cell $procmux$3419:
      Old ports: A=$15\field_format_id_o[5:0], B=6'111101, Y=$14\field_format_id_o[5:0]
      New ports: A={ $15\field_format_id_o[5:0] [2] $15\field_format_id_o[5:0] [0] }, B=2'11, Y={ $14\field_format_id_o[5:0] [2] $14\field_format_id_o[5:0] [0] }
      New connections: { $14\field_format_id_o[5:0] [5:3] $14\field_format_id_o[5:0] [1] } = { $14\field_format_id_o[5:0] [2] $14\field_format_id_o[5:0] [2] $14\field_format_id_o[5:0] [2] 1'0 }
    Consolidated identical input bits for $mux cell $procmux$3471:
      Old ports: A=$15\opcode_id_o[7:0], B=8'10000110, Y=$14\opcode_id_o[7:0]
      New ports: A=$15\opcode_id_o[7:0] [1], B=1'1, Y=$14\opcode_id_o[7:0] [1]
      New connections: { $14\opcode_id_o[7:0] [7:2] $14\opcode_id_o[7:0] [0] } = { $14\opcode_id_o[7:0] [1] 4'0000 $14\opcode_id_o[7:0] [1] 1'0 }
    Consolidated identical input bits for $mux cell $procmux$38:
      Old ports: A={ 2'00 $2\field_format_token_words[3:0] [1:0] }, B=$3\required_words_o[3:0], Y=$5\required_words_o[3:0]
      New ports: A={ 1'0 $2\field_format_token_words[3:0] [1:0] }, B=$3\required_words_o[3:0] [2:0], Y=$5\required_words_o[3:0] [2:0]
      New connections: $5\required_words_o[3:0] [3] = 1'0
  Optimizing cells in module \bedrock_decode_synth.
    Consolidated identical input bits for $mux cell $memory$auto$proc_rom.cc:155:do_switch$33$rdmux[0][2][3]$6086:
      Old ports: A=$memory$auto$proc_rom.cc:155:do_switch$33$rdmux[0][2][3]$a$6087, B=$memory$auto$proc_rom.cc:155:do_switch$33$rdmux[0][2][3]$b$6088, Y=$memory$auto$proc_rom.cc:155:do_switch$33$rdmux[0][1][1]$b$6076
      New ports: A=$memory$auto$proc_rom.cc:155:do_switch$33$rdmux[0][2][3]$a$6087 [0], B=$memory$auto$proc_rom.cc:155:do_switch$33$rdmux[0][2][3]$b$6088 [0], Y=$memory$auto$proc_rom.cc:155:do_switch$33$rdmux[0][1][1]$b$6076 [0]
      New connections: $memory$auto$proc_rom.cc:155:do_switch$33$rdmux[0][1][1]$b$6076 [1] = 1'1
    Consolidated identical input bits for $mux cell $procmux$3624:
      Old ports: A=$14\opcode_id_o[7:0], B=8'10000110, Y=$13\opcode_id_o[7:0]
      New ports: A=$14\opcode_id_o[7:0] [1], B=1'1, Y=$13\opcode_id_o[7:0] [1]
      New connections: { $13\opcode_id_o[7:0] [7:2] $13\opcode_id_o[7:0] [0] } = { $13\opcode_id_o[7:0] [1] 4'0000 $13\opcode_id_o[7:0] [1] 1'0 }
    Consolidated identical input bits for $mux cell $procmux$3575:
      Old ports: A=$14\field_format_id_o[5:0], B=6'111100, Y=$13\field_format_id_o[5:0]
      New ports: A={ $14\field_format_id_o[5:0] [2] $14\field_format_id_o[5:0] [0] }, B=2'10, Y={ $13\field_format_id_o[5:0] [2] $13\field_format_id_o[5:0] [0] }
      New connections: { $13\field_format_id_o[5:0] [5:3] $13\field_format_id_o[5:0] [1] } = { $13\field_format_id_o[5:0] [2] $13\field_format_id_o[5:0] [2] $13\field_format_id_o[5:0] [2] 1'0 }
    Consolidated identical input bits for $mux cell $procmux$47:
      Old ports: A=$3\required_words_o[3:0], B=$5\required_words_o[3:0], Y=\required_words_o
      New ports: A=$3\required_words_o[3:0] [2:0], B=$5\required_words_o[3:0] [2:0], Y=\required_words_o [2:0]
      New connections: \required_words_o [3] = 1'0
  Optimizing cells in module \bedrock_decode_synth.
    Consolidated identical input bits for $mux cell $procmux$3722:
      Old ports: A=$13\field_format_id_o[5:0], B=6'110101, Y=$11\field_format_id_o[5:0]
      New ports: A={ $13\field_format_id_o[5:0] [2] $13\field_format_id_o[5:0] [2] $13\field_format_id_o[5:0] [0] }, B=3'011, Y={ $11\field_format_id_o[5:0] [3:2] $11\field_format_id_o[5:0] [0] }
      New connections: { $11\field_format_id_o[5:0] [5:4] $11\field_format_id_o[5:0] [1] } = { $11\field_format_id_o[5:0] [2] $11\field_format_id_o[5:0] [2] 1'0 }
    Consolidated identical input bits for $mux cell $procmux$3768:
      Old ports: A=$13\opcode_id_o[7:0], B=8'10110011, Y=$11\opcode_id_o[7:0]
      New ports: A={ $13\opcode_id_o[7:0] [1] $13\opcode_id_o[7:0] [1] 1'0 }, B=3'011, Y=$11\opcode_id_o[7:0] [2:0]
      New connections: $11\opcode_id_o[7:0] [7:3] = { $11\opcode_id_o[7:0] [1] 1'0 $11\opcode_id_o[7:0] [0] $11\opcode_id_o[7:0] [0] 1'0 }
  Optimizing cells in module \bedrock_decode_synth.
    Consolidated identical input bits for $mux cell $procmux$4029:
      Old ports: A=$11\opcode_id_o[7:0], B=8'11000000, Y=$10\opcode_id_o[7:0]
      New ports: A={ $11\opcode_id_o[7:0] [1] 1'0 $11\opcode_id_o[7:0] [2:0] }, B=5'11000, Y={ $10\opcode_id_o[7:0] [7:6] $10\opcode_id_o[7:0] [2:0] }
      New connections: $10\opcode_id_o[7:0] [5:3] = { $10\opcode_id_o[7:0] [0] $10\opcode_id_o[7:0] [0] 1'0 }
    Consolidated identical input bits for $mux cell $procmux$3989:
      Old ports: A=$11\field_format_id_o[5:0], B=6'000000, Y=$10\field_format_id_o[5:0]
      New ports: A={ $11\field_format_id_o[5:0] [3:2] $11\field_format_id_o[5:0] [0] }, B=3'000, Y={ $10\field_format_id_o[5:0] [3:2] $10\field_format_id_o[5:0] [0] }
      New connections: { $10\field_format_id_o[5:0] [5:4] $10\field_format_id_o[5:0] [1] } = { $10\field_format_id_o[5:0] [2] $10\field_format_id_o[5:0] [2] 1'0 }
  Optimizing cells in module \bedrock_decode_synth.
    Consolidated identical input bits for $mux cell $procmux$4254:
      Old ports: A=$10\opcode_id_o[7:0], B=8'01111001, Y=$8\opcode_id_o[7:0]
      New ports: A={ $10\opcode_id_o[7:0] [7:6] 1'0 $10\opcode_id_o[7:0] [2:0] }, B=6'011001, Y={ $8\opcode_id_o[7:0] [7:6] $8\opcode_id_o[7:0] [3:0] }
      New connections: $8\opcode_id_o[7:0] [5:4] = { $8\opcode_id_o[7:0] [0] $8\opcode_id_o[7:0] [0] }
    Consolidated identical input bits for $mux cell $procmux$4220:
      Old ports: A=$10\field_format_id_o[5:0], B=6'011100, Y=$8\field_format_id_o[5:0]
      New ports: A={ $10\field_format_id_o[5:0] [2] $10\field_format_id_o[5:0] [3:2] $10\field_format_id_o[5:0] [0] }, B=4'0110, Y={ $8\field_format_id_o[5:0] [5] $8\field_format_id_o[5:0] [3:2] $8\field_format_id_o[5:0] [0] }
      New connections: { $8\field_format_id_o[5:0] [4] $8\field_format_id_o[5:0] [1] } = { $8\field_format_id_o[5:0] [2] 1'0 }
  Optimizing cells in module \bedrock_decode_synth.
    Consolidated identical input bits for $mux cell $procmux$4353:
      Old ports: A=$8\opcode_id_o[7:0], B=8'01010110, Y=$7\opcode_id_o[7:0]
      New ports: A={ $8\opcode_id_o[7:0] [7:6] $8\opcode_id_o[7:0] [0] $8\opcode_id_o[7:0] [3:0] }, B=7'0110110, Y={ $7\opcode_id_o[7:0] [7:6] $7\opcode_id_o[7:0] [4:0] }
      New connections: $7\opcode_id_o[7:0] [5] = $7\opcode_id_o[7:0] [0]
    Consolidated identical input bits for $mux cell $procmux$4322:
      Old ports: A=$8\field_format_id_o[5:0], B=6'110111, Y=$7\field_format_id_o[5:0]
      New ports: A={ $8\field_format_id_o[5:0] [5] $8\field_format_id_o[5:0] [3:2] 1'0 $8\field_format_id_o[5:0] [0] }, B=5'10111, Y={ $7\field_format_id_o[5:0] [5] $7\field_format_id_o[5:0] [3:0] }
      New connections: $7\field_format_id_o[5:0] [4] = $7\field_format_id_o[5:0] [2]
  Optimizing cells in module \bedrock_decode_synth.
    Consolidated identical input bits for $mux cell $procmux$4415:
      Old ports: A=$7\field_format_id_o[5:0], B=6'111101, Y=$6\field_format_id_o[5:0]
      New ports: A={ $7\field_format_id_o[5:0] [5] $7\field_format_id_o[5:0] [3:0] }, B=5'11101, Y={ $6\field_format_id_o[5:0] [5] $6\field_format_id_o[5:0] [3:0] }
      New connections: $6\field_format_id_o[5:0] [4] = $6\field_format_id_o[5:0] [2]
  Optimizing cells in module \bedrock_decode_synth.
Performed a total of 71 changes.

2.19.5. Executing OPT_MERGE pass (detect identical cells).
Finding identical cells in module `\bedrock_decode_synth'.
Computing hashes of 698 cells of `\bedrock_decode_synth'.
Finding duplicate cells in `\bedrock_decode_synth'.
Computing hashes of 683 cells of `\bedrock_decode_synth'.
Finding duplicate cells in `\bedrock_decode_synth'.
Computing hashes of 680 cells of `\bedrock_decode_synth'.
Finding duplicate cells in `\bedrock_decode_synth'.
<suppressed ~54 debug messages>
Removed a total of 18 cells.

2.19.6. Executing OPT_SHARE pass.
    Found cells that share an operand and can be merged by moving the $pmux $procmux$4763 in front of them:
        $procmux$1638
        $procmux$1896
        $procmux$2589
        $procmux$2815

2.19.7. Executing OPT_DFF pass (perform DFF optimizations).

2.19.8. Executing OPT_CLEAN pass (remove unused cells and wires).
Finding unused cells or wires in module \bedrock_decode_synth..
Removed 0 unused cells and 105 unused wires.
<suppressed ~1 debug messages>

2.19.9. Executing OPT_EXPR pass (perform const folding).
Optimizing module bedrock_decode_synth.
<suppressed ~16 debug messages>

2.19.10. Rerunning OPT passes. (Maybe there is more to do..)

2.19.11. Executing OPT_MUXTREE pass (detect dead branches in mux trees).
Running muxtree optimizer on module \bedrock_decode_synth..
  Creating internal representation of mux trees.
  Evaluating internal representation of mux trees.
  Analyzing evaluation results.
Removed 0 multiplexer ports.
<suppressed ~111 debug messages>

2.19.12. Executing OPT_REDUCE pass (consolidate $*mux and $reduce_* inputs).
  Optimizing cells in module \bedrock_decode_synth.
    New ctrl vector for $pmux cell $procmux$4763: $auto$opt_reduce.cc:135:opt_pmux$6261
  Optimizing cells in module \bedrock_decode_synth.
Performed a total of 1 changes.

2.19.13. Executing OPT_MERGE pass (detect identical cells).
Finding identical cells in module `\bedrock_decode_synth'.
Computing hashes of 672 cells of `\bedrock_decode_synth'.
Finding duplicate cells in `\bedrock_decode_synth'.
Computing hashes of 671 cells of `\bedrock_decode_synth'.
Finding duplicate cells in `\bedrock_decode_synth'.
Computing hashes of 670 cells of `\bedrock_decode_synth'.
Finding duplicate cells in `\bedrock_decode_synth'.
Computing hashes of 669 cells of `\bedrock_decode_synth'.
Finding duplicate cells in `\bedrock_decode_synth'.
<suppressed ~9 debug messages>
Removed a total of 3 cells.

2.19.14. Executing OPT_SHARE pass.

2.19.15. Executing OPT_DFF pass (perform DFF optimizations).

2.19.16. Executing OPT_CLEAN pass (remove unused cells and wires).
Finding unused cells or wires in module \bedrock_decode_synth..
Removed 0 unused cells and 10 unused wires.
<suppressed ~1 debug messages>

2.19.17. Executing OPT_EXPR pass (perform const folding).
Optimizing module bedrock_decode_synth.

2.19.18. Rerunning OPT passes. (Maybe there is more to do..)

2.19.19. Executing OPT_MUXTREE pass (detect dead branches in mux trees).
Running muxtree optimizer on module \bedrock_decode_synth..
  Creating internal representation of mux trees.
  Evaluating internal representation of mux trees.
  Analyzing evaluation results.
Removed 0 multiplexer ports.
<suppressed ~111 debug messages>

2.19.20. Executing OPT_REDUCE pass (consolidate $*mux and $reduce_* inputs).
  Optimizing cells in module \bedrock_decode_synth.
Performed a total of 0 changes.

2.19.21. Executing OPT_MERGE pass (detect identical cells).
Finding identical cells in module `\bedrock_decode_synth'.
Computing hashes of 669 cells of `\bedrock_decode_synth'.
Finding duplicate cells in `\bedrock_decode_synth'.
Removed a total of 0 cells.

2.19.22. Executing OPT_SHARE pass.

2.19.23. Executing OPT_DFF pass (perform DFF optimizations).

2.19.24. Executing OPT_CLEAN pass (remove unused cells and wires).
Finding unused cells or wires in module \bedrock_decode_synth..

2.19.25. Executing OPT_EXPR pass (perform const folding).
Optimizing module bedrock_decode_synth.

2.19.26. Finished fast OPT passes. (There is nothing left to do.)

2.20. Executing TECHMAP pass (map to technology primitives).

2.20.1. Executing Verilog-2005 frontend: /opt/homebrew/bin/../share/yosys/techmap.v
Parsing Verilog input from `/opt/homebrew/bin/../share/yosys/techmap.v' to AST representation.
Generating RTLIL representation for module `\_90_simplemap_bool_ops'.
Generating RTLIL representation for module `\_90_simplemap_reduce_ops'.
Generating RTLIL representation for module `\_90_simplemap_logic_ops'.
Generating RTLIL representation for module `\_90_simplemap_compare_ops'.
Generating RTLIL representation for module `\_90_simplemap_various'.
Generating RTLIL representation for module `\_90_simplemap_registers'.
Generating RTLIL representation for module `\_90_shift_ops_shr_shl_sshl_sshr'.
Generating RTLIL representation for module `\_90_shift_shiftx'.
Generating RTLIL representation for module `\_90_fa'.
Generating RTLIL representation for module `\_90_lcu_brent_kung'.
Generating RTLIL representation for module `\_90_alu'.
Generating RTLIL representation for module `\_90_macc'.
Generating RTLIL representation for module `\_90_alumacc'.
Generating RTLIL representation for module `$__div_mod_u'.
Generating RTLIL representation for module `$__div_mod_trunc'.
Generating RTLIL representation for module `\_90_div'.
Generating RTLIL representation for module `\_90_mod'.
Generating RTLIL representation for module `$__div_mod_floor'.
Generating RTLIL representation for module `\_90_divfloor'.
Generating RTLIL representation for module `\_90_modfloor'.
Generating RTLIL representation for module `\_90_pow'.
Generating RTLIL representation for module `\_90_demux'.
Generating RTLIL representation for module `\_90_lut'.
Generating RTLIL representation for module `$connect'.
Generating RTLIL representation for module `$input_port'.
Successfully finished Verilog frontend.

2.20.2. Continuing TECHMAP pass.
Using extmapper simplemap for cells of type $reduce_or.
Using extmapper simplemap for cells of type $pmux.
Using extmapper simplemap for cells of type $not.
Using extmapper simplemap for cells of type $or.
Using extmapper simplemap for cells of type $reduce_and.
Using template $paramod$740b056ede97228d3eae64ea2fdc81f0a33e0fe7\_90_alu for cells of type $alu.
Using template $paramod$cf7613839d500415f5b0bc26b1d563f7648e9cd6\_90_alu for cells of type $alu.
Using template $paramod$8b1a36ab2238111d2a0f4cb4ef2e14f2a55fc1f9\_90_alu for cells of type $alu.
Using template $paramod$b8c0a997bce700f23568a5ada79cc6781d1f5ca0\_90_alu for cells of type $alu.
Using template $paramod$8566e740d04f74bcf985006e358778bd42fe2a0e\_90_alu for cells of type $alu.
Using template $paramod$eae5c6d909a05153739c7821f34da2cbc0422532\_90_alu for cells of type $alu.
Using template $paramod$8742280fdebca84e1c87f2a86ed84f62d558f4cc\_90_alu for cells of type $alu.
Using template $paramod$a9c900cfac70fce03c31ed9e1b8decb8a10ccec8\_90_alu for cells of type $alu.
Using template $paramod$50421b562f8eb1318d93ca56f0d931d9bef85d75\_90_alu for cells of type $alu.
Using template $paramod$75108d6e8d490ab2eec24aee458e87cb2a6c124c\_90_alu for cells of type $alu.
Using template $paramod$dc04b7d98e503a7bab16fce2df70e6e2c5ca34d6\_90_alu for cells of type $alu.
Using template $paramod$d110826863300b0a690a6a0b0b8913eb7015ee77\_90_alu for cells of type $alu.
Using extmapper simplemap for cells of type $logic_not.
Using extmapper simplemap for cells of type $logic_and.
Using extmapper simplemap for cells of type $and.
Using extmapper simplemap for cells of type $mux.
Using extmapper simplemap for cells of type $eq.
Using extmapper simplemap for cells of type $pos.
Using template $paramod\_90_fa\WIDTH=32'00000000000000000000000000010000 for cells of type $fa.
Using template $paramod\_90_lcu_brent_kung\WIDTH=32'00000000000000000000000000010000 for cells of type $lcu.
Using extmapper simplemap for cells of type $xor.
Using template $paramod\_90_fa\WIDTH=32'00000000000000000000000000000101 for cells of type $fa.
Using template $paramod\_90_lcu_brent_kung\WIDTH=32'00000000000000000000000000000101 for cells of type $lcu.
Using template $paramod\_90_fa\WIDTH=32'00000000000000000000000000000110 for cells of type $fa.
Using template $paramod\_90_lcu_brent_kung\WIDTH=32'00000000000000000000000000000110 for cells of type $lcu.
Using template $paramod\_90_fa\WIDTH=32'00000000000000000000000000001000 for cells of type $fa.
Using template $paramod\_90_lcu_brent_kung\WIDTH=32'00000000000000000000000000001000 for cells of type $lcu.
Using template $paramod\_90_fa\WIDTH=32'00000000000000000000000000000100 for cells of type $fa.
Using template $paramod\_90_lcu_brent_kung\WIDTH=32'00000000000000000000000000000100 for cells of type $lcu.
Using template $paramod\_90_fa\WIDTH=32'00000000000000000000000000000011 for cells of type $fa.
Using template $paramod\_90_lcu_brent_kung\WIDTH=32'00000000000000000000000000000011 for cells of type $lcu.
No more expansions possible.
<suppressed ~2549 debug messages>

2.21. Executing OPT pass (performing simple optimizations).

2.21.1. Executing OPT_EXPR pass (perform const folding).
Optimizing module bedrock_decode_synth.
<suppressed ~7708 debug messages>

2.21.2. Executing OPT_MERGE pass (detect identical cells).
Finding identical cells in module `\bedrock_decode_synth'.
Computing hashes of 7939 cells of `\bedrock_decode_synth'.
Finding duplicate cells in `\bedrock_decode_synth'.
Computing hashes of 5387 cells of `\bedrock_decode_synth'.
Finding duplicate cells in `\bedrock_decode_synth'.
Computing hashes of 4278 cells of `\bedrock_decode_synth'.
Finding duplicate cells in `\bedrock_decode_synth'.
Computing hashes of 3827 cells of `\bedrock_decode_synth'.
Finding duplicate cells in `\bedrock_decode_synth'.
Computing hashes of 3720 cells of `\bedrock_decode_synth'.
Finding duplicate cells in `\bedrock_decode_synth'.
Computing hashes of 3690 cells of `\bedrock_decode_synth'.
Finding duplicate cells in `\bedrock_decode_synth'.
Computing hashes of 3683 cells of `\bedrock_decode_synth'.
Finding duplicate cells in `\bedrock_decode_synth'.
Computing hashes of 3682 cells of `\bedrock_decode_synth'.
Finding duplicate cells in `\bedrock_decode_synth'.
<suppressed ~12771 debug messages>
Removed a total of 4257 cells.

2.21.3. Executing OPT_DFF pass (perform DFF optimizations).

2.21.4. Executing OPT_CLEAN pass (remove unused cells and wires).
Finding unused cells or wires in module \bedrock_decode_synth..
Removed 172 unused cells and 5862 unused wires.
<suppressed ~173 debug messages>

2.21.5. Finished fast OPT passes.

2.22. Executing ABC pass (technology mapping using ABC).

2.22.1. Extracting gate netlist of module `\bedrock_decode_synth' to `<abc-temp-dir>/input.blif'..

2.22.1.1. Executed ABC.
Extracted 3510 gates and 3540 wires to a netlist network with 28 inputs and 27 outputs.
Running ABC script: <abc-temp-dir>/abc.script
ABC: ======== ABC command line "source <abc-temp-dir>/abc.script"
ABC: + read_blif <abc-temp-dir>/input.blif 
ABC: + read_library <abc-temp-dir>/stdcells.genlib 
ABC: + strash 
ABC: + &get -n 
ABC: + &fraig -x 
ABC: + &put 
ABC: + scorr 
ABC: Warning: The network is combinational (run "fraig" or "fraig_sweep").
ABC: + dc2 
ABC: + dretime 
ABC: + strash 
ABC: + &get -n 
ABC: + &dch -f 
ABC: + &nf 
ABC: + &put 
ABC: + write_blif <abc-temp-dir>/output.blif 

2.22.1.2. Re-integrating ABC results.
ABC RESULTS:               AND cells:     1093
ABC RESULTS:            ANDNOT cells:      113
ABC RESULTS:               MUX cells:       11
ABC RESULTS:              NAND cells:      499
ABC RESULTS:               NOR cells:       44
ABC RESULTS:               NOT cells:       15
ABC RESULTS:                OR cells:       62
ABC RESULTS:             ORNOT cells:       54
ABC RESULTS:        internal signals:     3485
ABC RESULTS:           input signals:       28
ABC RESULTS:          output signals:       27
Removing temp directory.
Removing global temp directory.

2.23. Executing OPT pass (performing simple optimizations).

2.23.1. Executing OPT_EXPR pass (perform const folding).
Optimizing module bedrock_decode_synth.
<suppressed ~1 debug messages>

2.23.2. Executing OPT_MERGE pass (detect identical cells).
Finding identical cells in module `\bedrock_decode_synth'.
Computing hashes of 1891 cells of `\bedrock_decode_synth'.
Finding duplicate cells in `\bedrock_decode_synth'.
Removed a total of 0 cells.

2.23.3. Executing OPT_DFF pass (perform DFF optimizations).

2.23.4. Executing OPT_CLEAN pass (remove unused cells and wires).
Finding unused cells or wires in module \bedrock_decode_synth..
Removed 0 unused cells and 2229 unused wires.
<suppressed ~1 debug messages>

2.23.5. Finished fast OPT passes.

2.24. Executing HIERARCHY pass (managing design hierarchy).
Attribute `top' found on module `bedrock_decode_synth'. Setting top module to bedrock_decode_synth.

2.24.1. Analyzing design hierarchy..
Top module:  \bedrock_decode_synth

2.24.2. Analyzing design hierarchy..
Top module:  \bedrock_decode_synth
Removed 0 unused modules.

2.25. Printing statistics.

=== bedrock_decode_synth ===

        +----------Local Count, excluding submodules.
        | 
     1875 wires
     1920 wire bits
       11 public wires
       56 public wire bits
       11 ports
       56 port bits
     1891 cells
      113   $_ANDNOT_
     1093   $_AND_
       11   $_MUX_
      499   $_NAND_
       44   $_NOR_
       15   $_NOT_
       54   $_ORNOT_
       62   $_OR_

2.26. Executing CHECK pass (checking for obvious problems).
Checking module bedrock_decode_synth...
Found and reported 0 problems.

3. Printing statistics.

=== bedrock_decode_synth ===

        +----------Local Count, excluding submodules.
        | 
     1875 wires
     1920 wire bits
       11 public wires
       56 public wire bits
       11 ports
       56 port bits
     1891 cells
      113   $_ANDNOT_
     1093   $_AND_
       11   $_MUX_
      499   $_NAND_
       44   $_NOR_
       15   $_NOT_
       54   $_ORNOT_
       62   $_OR_

4. Executing JSON backend.

End of script. Logfile hash: 11eb88c224, time: 2.21s, user: 1.77s, system: 0.03s, MEM: 60.89 MB peak
Yosys 0.65 (git sha1 aec814bdf3071f7e0fd0fbe43f7f711e99d01e24, clang++ 21.0.0 -fPIC -O3)
Time spent: 48% 7x proc_mux (1 sec), 21% 1x abc (0 sec), ...
