
-- Running command `read_verilog ../build/yosys/bedrock_full_decode_sv2v.v; synth -top bedrock_full_decode; stat -top bedrock_full_decode; write_json ../build/yosys/bedrock_full_decode.json' --

1. Executing Verilog-2005 frontend: ../build/yosys/bedrock_full_decode_sv2v.v
Parsing Verilog input from `../build/yosys/bedrock_full_decode_sv2v.v' to AST representation.
Generating RTLIL representation for module `\bedrock_decode'.
Generating RTLIL representation for module `\bedrock_prefix_decode'.
Generating RTLIL representation for module `\bedrock_ea_decode'.
Generating RTLIL representation for module `\bedrock_agu_request_build'.
Generating RTLIL representation for module `\bedrock_full_decode'.
Successfully finished Verilog frontend.

2. Executing SYNTH pass.

2.1. Executing HIERARCHY pass (managing design hierarchy).

2.1.1. Analyzing design hierarchy..
Top module:  \bedrock_full_decode
Used module:     \bedrock_agu_request_build
Used module:     \bedrock_ea_decode
Used module:     \bedrock_decode
Used module:     \bedrock_prefix_decode

2.1.2. Analyzing design hierarchy..
Top module:  \bedrock_full_decode
Used module:     \bedrock_agu_request_build
Used module:     \bedrock_ea_decode
Used module:     \bedrock_decode
Used module:     \bedrock_prefix_decode
Removed 0 unused modules.

2.2. Executing PROC pass (convert processes to netlists).

2.2.1. Executing PROC_CLEAN pass (remove empty switches from decision trees).
Found and cleaned up 1 empty switch in `\bedrock_full_decode.$proc$../build/yosys/bedrock_full_decode_sv2v.v:4548$1625'.
Found and cleaned up 1 empty switch in `\bedrock_full_decode.$proc$../build/yosys/bedrock_full_decode_sv2v.v:4547$1621'.
Found and cleaned up 1 empty switch in `\bedrock_full_decode.$proc$../build/yosys/bedrock_full_decode_sv2v.v:4547$1617'.
Found and cleaned up 1 empty switch in `\bedrock_full_decode.$proc$../build/yosys/bedrock_full_decode_sv2v.v:4546$1613'.
Found and cleaned up 1 empty switch in `\bedrock_full_decode.$proc$../build/yosys/bedrock_full_decode_sv2v.v:4546$1609'.
Found and cleaned up 1 empty switch in `\bedrock_full_decode.$proc$../build/yosys/bedrock_full_decode_sv2v.v:4545$1605'.
Found and cleaned up 1 empty switch in `\bedrock_full_decode.$proc$../build/yosys/bedrock_full_decode_sv2v.v:4545$1601'.
Found and cleaned up 1 empty switch in `\bedrock_full_decode.$proc$../build/yosys/bedrock_full_decode_sv2v.v:4544$1597'.
Found and cleaned up 1 empty switch in `\bedrock_full_decode.$proc$../build/yosys/bedrock_full_decode_sv2v.v:4544$1593'.
Found and cleaned up 1 empty switch in `\bedrock_full_decode.$proc$../build/yosys/bedrock_full_decode_sv2v.v:4543$1589'.
Found and cleaned up 1 empty switch in `\bedrock_full_decode.$proc$../build/yosys/bedrock_full_decode_sv2v.v:4543$1585'.
Found and cleaned up 1 empty switch in `\bedrock_full_decode.$proc$../build/yosys/bedrock_full_decode_sv2v.v:4542$1581'.
Found and cleaned up 1 empty switch in `\bedrock_full_decode.$proc$../build/yosys/bedrock_full_decode_sv2v.v:4542$1577'.
Found and cleaned up 1 empty switch in `\bedrock_full_decode.$proc$../build/yosys/bedrock_full_decode_sv2v.v:4540$1573'.
Found and cleaned up 1 empty switch in `\bedrock_full_decode.$proc$../build/yosys/bedrock_full_decode_sv2v.v:4511$1552'.
Found and cleaned up 1 empty switch in `\bedrock_agu_request_build.$proc$../build/yosys/bedrock_full_decode_sv2v.v:4321$1280'.
Found and cleaned up 1 empty switch in `\bedrock_ea_decode.$proc$../build/yosys/bedrock_full_decode_sv2v.v:4232$1021'.
Found and cleaned up 1 empty switch in `\bedrock_prefix_decode.$proc$../build/yosys/bedrock_full_decode_sv2v.v:3168$979'.
Found and cleaned up 1 empty switch in `\bedrock_decode.$proc$../build/yosys/bedrock_full_decode_sv2v.v:2980$874'.
Cleaned up 19 empty switches.

2.2.2. Executing PROC_RMDEAD pass (remove dead branches from decision trees).
Removed 15 dead cases from process $proc$../build/yosys/bedrock_full_decode_sv2v.v:4232$1021 in module bedrock_ea_decode.
Marked 27 switch rules as full_case in process $proc$../build/yosys/bedrock_full_decode_sv2v.v:4232$1021 in module bedrock_ea_decode.
Removed 4 dead cases from process $proc$../build/yosys/bedrock_full_decode_sv2v.v:2980$874 in module bedrock_decode.
Marked 14 switch rules as full_case in process $proc$../build/yosys/bedrock_full_decode_sv2v.v:2980$874 in module bedrock_decode.
Removed a total of 19 dead cases.

2.2.3. Executing PROC_PRUNE pass (remove redundant assignments in processes).
Removed 0 redundant assignments.
Promoted 262 assignments to connections.

2.2.4. Executing PROC_INIT pass (extract init attributes).

2.2.5. Executing PROC_ARST pass (detect async resets in processes).

2.2.6. Executing PROC_ROM pass (convert switches to ROMs).
Converted 15 switches.
<suppressed ~78 debug messages>

2.2.7. Executing PROC_MUX pass (convert decision trees to multiplexers).
Creating decoders for process `\bedrock_full_decode.$proc$../build/yosys/bedrock_full_decode_sv2v.v:4973$1679'.
Creating decoders for process `\bedrock_full_decode.$proc$../build/yosys/bedrock_full_decode_sv2v.v:4967$1678'.
Creating decoders for process `\bedrock_full_decode.$proc$../build/yosys/bedrock_full_decode_sv2v.v:4966$1677'.
Creating decoders for process `\bedrock_full_decode.$proc$../build/yosys/bedrock_full_decode_sv2v.v:4965$1676'.
Creating decoders for process `\bedrock_full_decode.$proc$../build/yosys/bedrock_full_decode_sv2v.v:4964$1675'.
Creating decoders for process `\bedrock_full_decode.$proc$../build/yosys/bedrock_full_decode_sv2v.v:4963$1674'.
Creating decoders for process `\bedrock_full_decode.$proc$../build/yosys/bedrock_full_decode_sv2v.v:4962$1673'.
Creating decoders for process `\bedrock_full_decode.$proc$../build/yosys/bedrock_full_decode_sv2v.v:4961$1672'.
Creating decoders for process `\bedrock_full_decode.$proc$../build/yosys/bedrock_full_decode_sv2v.v:4947$1671'.
Creating decoders for process `\bedrock_full_decode.$proc$../build/yosys/bedrock_full_decode_sv2v.v:4941$1670'.
Creating decoders for process `\bedrock_full_decode.$proc$../build/yosys/bedrock_full_decode_sv2v.v:4940$1669'.
Creating decoders for process `\bedrock_full_decode.$proc$../build/yosys/bedrock_full_decode_sv2v.v:4939$1668'.
Creating decoders for process `\bedrock_full_decode.$proc$../build/yosys/bedrock_full_decode_sv2v.v:4938$1667'.
Creating decoders for process `\bedrock_full_decode.$proc$../build/yosys/bedrock_full_decode_sv2v.v:4937$1666'.
Creating decoders for process `\bedrock_full_decode.$proc$../build/yosys/bedrock_full_decode_sv2v.v:4936$1665'.
Creating decoders for process `\bedrock_full_decode.$proc$../build/yosys/bedrock_full_decode_sv2v.v:4935$1664'.
Creating decoders for process `\bedrock_full_decode.$proc$../build/yosys/bedrock_full_decode_sv2v.v:4913$1643'.
     1/7: $7\bedrock_decode_pkg_bedrock_decode_ea1_descriptor_word$func$../build/yosys/bedrock_full_decode_sv2v.v:4913$1495.r[15:0]$1663
     2/7: $6\bedrock_decode_pkg_bedrock_decode_ea1_descriptor_word$func$../build/yosys/bedrock_full_decode_sv2v.v:4913$1495.r[15:0]$1662
     3/7: $5\bedrock_decode_pkg_bedrock_decode_ea1_descriptor_word$func$../build/yosys/bedrock_full_decode_sv2v.v:4913$1495.r[15:0]$1661
     4/7: $4\bedrock_decode_pkg_bedrock_decode_ea1_descriptor_word$func$../build/yosys/bedrock_full_decode_sv2v.v:4913$1495.r[15:0]$1660
     5/7: $3\bedrock_decode_pkg_bedrock_decode_ea1_descriptor_word$func$../build/yosys/bedrock_full_decode_sv2v.v:4913$1495.r[15:0]$1659
     6/7: $2\bedrock_decode_pkg_bedrock_decode_ea1_descriptor_word$func$../build/yosys/bedrock_full_decode_sv2v.v:4913$1495.r[15:0]$1658
     7/7: $1\bedrock_decode_pkg_bedrock_decode_ea1_descriptor_word$func$../build/yosys/bedrock_full_decode_sv2v.v:4913$1495.r[15:0]$1657
Creating decoders for process `\bedrock_full_decode.$proc$../build/yosys/bedrock_full_decode_sv2v.v:4823$1629'.
     1/6: $1\bedrock_decode_pkg_bedrock_decode_extract_fields$func$../build/yosys/bedrock_full_decode_sv2v.v:4823$1430.r[33:0]$1642 [33:30]
     2/6: $1\bedrock_decode_pkg_bedrock_decode_extract_fields$func$../build/yosys/bedrock_full_decode_sv2v.v:4823$1430.r[33:0]$1642 [27:22]
     3/6: $1\bedrock_decode_pkg_bedrock_decode_extract_fields$func$../build/yosys/bedrock_full_decode_sv2v.v:4823$1430.r[33:0]$1642 [15:0]
     4/6: $1\bedrock_decode_pkg_bedrock_decode_extract_fields$func$../build/yosys/bedrock_full_decode_sv2v.v:4823$1430.r[33:0]$1642 [28]
     5/6: $1\bedrock_decode_pkg_bedrock_decode_extract_fields$func$../build/yosys/bedrock_full_decode_sv2v.v:4823$1430.r[33:0]$1642 [21:16]
     6/6: $1\bedrock_decode_pkg_bedrock_decode_extract_fields$func$../build/yosys/bedrock_full_decode_sv2v.v:4823$1430.r[33:0]$1642 [29]
Creating decoders for process `\bedrock_full_decode.$proc$../build/yosys/bedrock_full_decode_sv2v.v:4548$1625'.
Creating decoders for process `\bedrock_full_decode.$proc$../build/yosys/bedrock_full_decode_sv2v.v:4547$1621'.
Creating decoders for process `\bedrock_full_decode.$proc$../build/yosys/bedrock_full_decode_sv2v.v:4547$1617'.
Creating decoders for process `\bedrock_full_decode.$proc$../build/yosys/bedrock_full_decode_sv2v.v:4546$1613'.
Creating decoders for process `\bedrock_full_decode.$proc$../build/yosys/bedrock_full_decode_sv2v.v:4546$1609'.
Creating decoders for process `\bedrock_full_decode.$proc$../build/yosys/bedrock_full_decode_sv2v.v:4545$1605'.
Creating decoders for process `\bedrock_full_decode.$proc$../build/yosys/bedrock_full_decode_sv2v.v:4545$1601'.
Creating decoders for process `\bedrock_full_decode.$proc$../build/yosys/bedrock_full_decode_sv2v.v:4544$1597'.
Creating decoders for process `\bedrock_full_decode.$proc$../build/yosys/bedrock_full_decode_sv2v.v:4544$1593'.
Creating decoders for process `\bedrock_full_decode.$proc$../build/yosys/bedrock_full_decode_sv2v.v:4543$1589'.
Creating decoders for process `\bedrock_full_decode.$proc$../build/yosys/bedrock_full_decode_sv2v.v:4543$1585'.
Creating decoders for process `\bedrock_full_decode.$proc$../build/yosys/bedrock_full_decode_sv2v.v:4542$1581'.
Creating decoders for process `\bedrock_full_decode.$proc$../build/yosys/bedrock_full_decode_sv2v.v:4542$1577'.
Creating decoders for process `\bedrock_full_decode.$proc$../build/yosys/bedrock_full_decode_sv2v.v:4540$1573'.
Creating decoders for process `\bedrock_full_decode.$proc$../build/yosys/bedrock_full_decode_sv2v.v:4539$1569'.
Creating decoders for process `\bedrock_full_decode.$proc$../build/yosys/bedrock_full_decode_sv2v.v:4532$1560'.
Creating decoders for process `\bedrock_full_decode.$proc$../build/yosys/bedrock_full_decode_sv2v.v:4517$1556'.
Creating decoders for process `\bedrock_full_decode.$proc$../build/yosys/bedrock_full_decode_sv2v.v:4511$1552'.
Creating decoders for process `\bedrock_agu_request_build.$proc$../build/yosys/bedrock_full_decode_sv2v.v:4358$1292'.
Creating decoders for process `\bedrock_agu_request_build.$proc$../build/yosys/bedrock_full_decode_sv2v.v:4321$1280'.
Creating decoders for process `\bedrock_ea_decode.$proc$../build/yosys/bedrock_full_decode_sv2v.v:4259$1279'.
Creating decoders for process `\bedrock_ea_decode.$proc$../build/yosys/bedrock_full_decode_sv2v.v:4232$1021'.
     1/638: $2\bedrock_ea_decode_pkg_bedrock_decode_ea$func$../build/yosys/bedrock_full_decode_sv2v.v:4235$1004._sv2v_jump[1:0]$1278
     2/638: $2\bedrock_ea_decode_pkg_bedrock_decode_ea$func$../build/yosys/bedrock_full_decode_sv2v.v:4235$1004.$result[39:0]$1277
     3/638: $1\bedrock_ea_decode_pkg_bedrock_decode_extended_ea$func$../build/yosys/bedrock_full_decode_sv2v.v:4223$1006.r[39:0]$1073 [39]
     4/638: $3\bedrock_ea_decode_pkg_bedrock_decode_extended_ea$func$../build/yosys/bedrock_full_decode_sv2v.v:4223$1006.r[39:38]$1107 [0]
     5/638: $69\bedrock_ea_decode_pkg_bedrock_decode_extended_ea$func$../build/yosys/bedrock_full_decode_sv2v.v:4223$1006.r[36:16]$1272 [7:5]
     6/638: $69\bedrock_ea_decode_pkg_bedrock_decode_extended_ea$func$../build/yosys/bedrock_full_decode_sv2v.v:4223$1006.r[36:16]$1272 [19:14]
     7/638: $68\bedrock_ea_decode_pkg_bedrock_decode_extended_ea$func$../build/yosys/bedrock_full_decode_sv2v.v:4223$1006.r[12:0]$1271 [7]
     8/638: $68\bedrock_ea_decode_pkg_bedrock_decode_extended_ea$func$../build/yosys/bedrock_full_decode_sv2v.v:4223$1006.r[12:0]$1271 [9:8]
     9/638: $69\bedrock_ea_decode_pkg_bedrock_decode_extended_ea$func$../build/yosys/bedrock_full_decode_sv2v.v:4223$1006.r[36:16]$1272 [4:2]
    10/638: $68\bedrock_ea_decode_pkg_bedrock_decode_extended_ea$func$../build/yosys/bedrock_full_decode_sv2v.v:4223$1006.r[12:0]$1271 [2:0]
    11/638: $68\bedrock_ea_decode_pkg_bedrock_decode_extended_ea$func$../build/yosys/bedrock_full_decode_sv2v.v:4223$1006.r[12:0]$1271 [5:3]
    12/638: $68\bedrock_ea_decode_pkg_bedrock_decode_extended_ea$func$../build/yosys/bedrock_full_decode_sv2v.v:4223$1006.r[12:0]$1271 [6]
    13/638: $68\bedrock_ea_decode_pkg_bedrock_decode_extended_ea$func$../build/yosys/bedrock_full_decode_sv2v.v:4223$1006.r[12:0]$1271 [12:10]
    14/638: $69\bedrock_ea_decode_pkg_bedrock_decode_extended_ea$func$../build/yosys/bedrock_full_decode_sv2v.v:4223$1006.r[36:16]$1272 [0]
    15/638: $69\bedrock_ea_decode_pkg_bedrock_decode_extended_ea$func$../build/yosys/bedrock_full_decode_sv2v.v:4223$1006.r[36:16]$1272 [1]
    16/638: $69\bedrock_ea_decode_pkg_bedrock_decode_extended_ea$func$../build/yosys/bedrock_full_decode_sv2v.v:4223$1006.r[36:16]$1272 [8]
    17/638: $69\bedrock_ea_decode_pkg_bedrock_decode_extended_ea$func$../build/yosys/bedrock_full_decode_sv2v.v:4223$1006.r[36:16]$1272 [9]
    18/638: $69\bedrock_ea_decode_pkg_bedrock_decode_extended_ea$func$../build/yosys/bedrock_full_decode_sv2v.v:4223$1006.r[36:16]$1272 [10]
    19/638: $69\bedrock_ea_decode_pkg_bedrock_decode_extended_ea$func$../build/yosys/bedrock_full_decode_sv2v.v:4223$1006.r[36:16]$1272 [11]
    20/638: $69\bedrock_ea_decode_pkg_bedrock_decode_extended_ea$func$../build/yosys/bedrock_full_decode_sv2v.v:4223$1006.r[36:16]$1272 [12]
    21/638: $69\bedrock_ea_decode_pkg_bedrock_decode_extended_ea$func$../build/yosys/bedrock_full_decode_sv2v.v:4223$1006.r[36:16]$1272 [13]
    22/638: $70\bedrock_ea_decode_pkg_bedrock_decode_extended_ea$func$../build/yosys/bedrock_full_decode_sv2v.v:4223$1006.r[39:38]$1273 [1]
    23/638: $70\bedrock_ea_decode_pkg_bedrock_decode_extended_ea$func$../build/yosys/bedrock_full_decode_sv2v.v:4223$1006.r[39:38]$1273 [0]
    24/638: $67\bedrock_ea_decode_pkg_bedrock_decode_extended_ea$func$../build/yosys/bedrock_full_decode_sv2v.v:4223$1006.r[39:38]$1269 [1]
    25/638: $66\bedrock_ea_decode_pkg_bedrock_decode_extended_ea$func$../build/yosys/bedrock_full_decode_sv2v.v:4223$1006.r[36:16]$1268 [7:5]
    26/638: $65\bedrock_ea_decode_pkg_bedrock_decode_extended_ea$func$../build/yosys/bedrock_full_decode_sv2v.v:4223$1006.r[12:0]$1267 [7]
    27/638: $65\bedrock_ea_decode_pkg_bedrock_decode_extended_ea$func$../build/yosys/bedrock_full_decode_sv2v.v:4223$1006.r[12:0]$1267 [9:8]
    28/638: $66\bedrock_ea_decode_pkg_bedrock_decode_extended_ea$func$../build/yosys/bedrock_full_decode_sv2v.v:4223$1006.r[36:16]$1268 [4:2]
    29/638: $65\bedrock_ea_decode_pkg_bedrock_decode_extended_ea$func$../build/yosys/bedrock_full_decode_sv2v.v:4223$1006.r[12:0]$1267 [2:0]
    30/638: $65\bedrock_ea_decode_pkg_bedrock_decode_extended_ea$func$../build/yosys/bedrock_full_decode_sv2v.v:4223$1006.r[12:0]$1267 [5:3]
    31/638: $65\bedrock_ea_decode_pkg_bedrock_decode_extended_ea$func$../build/yosys/bedrock_full_decode_sv2v.v:4223$1006.r[12:0]$1267 [6]
    32/638: $65\bedrock_ea_decode_pkg_bedrock_decode_extended_ea$func$../build/yosys/bedrock_full_decode_sv2v.v:4223$1006.r[12:0]$1267 [12:10]
    33/638: $66\bedrock_ea_decode_pkg_bedrock_decode_extended_ea$func$../build/yosys/bedrock_full_decode_sv2v.v:4223$1006.r[36:16]$1268 [0]
    34/638: $66\bedrock_ea_decode_pkg_bedrock_decode_extended_ea$func$../build/yosys/bedrock_full_decode_sv2v.v:4223$1006.r[36:16]$1268 [1]
    35/638: $66\bedrock_ea_decode_pkg_bedrock_decode_extended_ea$func$../build/yosys/bedrock_full_decode_sv2v.v:4223$1006.r[36:16]$1268 [8]
    36/638: $66\bedrock_ea_decode_pkg_bedrock_decode_extended_ea$func$../build/yosys/bedrock_full_decode_sv2v.v:4223$1006.r[36:16]$1268 [9]
    37/638: $66\bedrock_ea_decode_pkg_bedrock_decode_extended_ea$func$../build/yosys/bedrock_full_decode_sv2v.v:4223$1006.r[36:16]$1268 [10]
    38/638: $66\bedrock_ea_decode_pkg_bedrock_decode_extended_ea$func$../build/yosys/bedrock_full_decode_sv2v.v:4223$1006.r[36:16]$1268 [11]
    39/638: $66\bedrock_ea_decode_pkg_bedrock_decode_extended_ea$func$../build/yosys/bedrock_full_decode_sv2v.v:4223$1006.r[36:16]$1268 [12]
    40/638: $66\bedrock_ea_decode_pkg_bedrock_decode_extended_ea$func$../build/yosys/bedrock_full_decode_sv2v.v:4223$1006.r[36:16]$1268 [13]
    41/638: $67\bedrock_ea_decode_pkg_bedrock_decode_extended_ea$func$../build/yosys/bedrock_full_decode_sv2v.v:4223$1006.r[39:38]$1269 [0]
    42/638: $66\bedrock_ea_decode_pkg_bedrock_decode_extended_ea$func$../build/yosys/bedrock_full_decode_sv2v.v:4223$1006.r[36:16]$1268 [20]
    43/638: $66\bedrock_ea_decode_pkg_bedrock_decode_extended_ea$func$../build/yosys/bedrock_full_decode_sv2v.v:4223$1006.r[36:16]$1268 [19:14]
    44/638: $2\bedrock_ea_decode_pkg_bedrock_decode_extended_ea$func$../build/yosys/bedrock_full_decode_sv2v.v:4223$1006.r[36:0]$1106 [35:16]
    45/638: $63\bedrock_ea_decode_pkg_bedrock_decode_extended_ea$func$../build/yosys/bedrock_full_decode_sv2v.v:4223$1006.r[36:16]$1263 [7:5]
    46/638: $63\bedrock_ea_decode_pkg_bedrock_decode_extended_ea$func$../build/yosys/bedrock_full_decode_sv2v.v:4223$1006.r[36:16]$1263 [19:14]
    47/638: $62\bedrock_ea_decode_pkg_bedrock_decode_extended_ea$func$../build/yosys/bedrock_full_decode_sv2v.v:4223$1006.r[12:0]$1262 [7]
    48/638: $62\bedrock_ea_decode_pkg_bedrock_decode_extended_ea$func$../build/yosys/bedrock_full_decode_sv2v.v:4223$1006.r[12:0]$1262 [9:8]
    49/638: $63\bedrock_ea_decode_pkg_bedrock_decode_extended_ea$func$../build/yosys/bedrock_full_decode_sv2v.v:4223$1006.r[36:16]$1263 [4:2]
    50/638: $62\bedrock_ea_decode_pkg_bedrock_decode_extended_ea$func$../build/yosys/bedrock_full_decode_sv2v.v:4223$1006.r[12:0]$1262 [2:0]
    51/638: $62\bedrock_ea_decode_pkg_bedrock_decode_extended_ea$func$../build/yosys/bedrock_full_decode_sv2v.v:4223$1006.r[12:0]$1262 [5:3]
    52/638: $62\bedrock_ea_decode_pkg_bedrock_decode_extended_ea$func$../build/yosys/bedrock_full_decode_sv2v.v:4223$1006.r[12:0]$1262 [6]
    53/638: $62\bedrock_ea_decode_pkg_bedrock_decode_extended_ea$func$../build/yosys/bedrock_full_decode_sv2v.v:4223$1006.r[12:0]$1262 [12:10]
    54/638: $63\bedrock_ea_decode_pkg_bedrock_decode_extended_ea$func$../build/yosys/bedrock_full_decode_sv2v.v:4223$1006.r[36:16]$1263 [0]
    55/638: $63\bedrock_ea_decode_pkg_bedrock_decode_extended_ea$func$../build/yosys/bedrock_full_decode_sv2v.v:4223$1006.r[36:16]$1263 [1]
    56/638: $63\bedrock_ea_decode_pkg_bedrock_decode_extended_ea$func$../build/yosys/bedrock_full_decode_sv2v.v:4223$1006.r[36:16]$1263 [8]
    57/638: $63\bedrock_ea_decode_pkg_bedrock_decode_extended_ea$func$../build/yosys/bedrock_full_decode_sv2v.v:4223$1006.r[36:16]$1263 [9]
    58/638: $63\bedrock_ea_decode_pkg_bedrock_decode_extended_ea$func$../build/yosys/bedrock_full_decode_sv2v.v:4223$1006.r[36:16]$1263 [10]
    59/638: $63\bedrock_ea_decode_pkg_bedrock_decode_extended_ea$func$../build/yosys/bedrock_full_decode_sv2v.v:4223$1006.r[36:16]$1263 [11]
    60/638: $63\bedrock_ea_decode_pkg_bedrock_decode_extended_ea$func$../build/yosys/bedrock_full_decode_sv2v.v:4223$1006.r[36:16]$1263 [12]
    61/638: $63\bedrock_ea_decode_pkg_bedrock_decode_extended_ea$func$../build/yosys/bedrock_full_decode_sv2v.v:4223$1006.r[36:16]$1263 [13]
    62/638: $64\bedrock_ea_decode_pkg_bedrock_decode_extended_ea$func$../build/yosys/bedrock_full_decode_sv2v.v:4223$1006.r[39:38]$1264 [1]
    63/638: $64\bedrock_ea_decode_pkg_bedrock_decode_extended_ea$func$../build/yosys/bedrock_full_decode_sv2v.v:4223$1006.r[39:38]$1264 [0]
    64/638: $61\bedrock_ea_decode_pkg_bedrock_decode_extended_ea$func$../build/yosys/bedrock_full_decode_sv2v.v:4223$1006.r[39:38]$1260 [1]
    65/638: $60\bedrock_ea_decode_pkg_bedrock_decode_extended_ea$func$../build/yosys/bedrock_full_decode_sv2v.v:4223$1006.r[36:16]$1259 [7:5]
    66/638: $59\bedrock_ea_decode_pkg_bedrock_decode_extended_ea$func$../build/yosys/bedrock_full_decode_sv2v.v:4223$1006.r[12:0]$1258 [7]
    67/638: $59\bedrock_ea_decode_pkg_bedrock_decode_extended_ea$func$../build/yosys/bedrock_full_decode_sv2v.v:4223$1006.r[12:0]$1258 [9:8]
    68/638: $60\bedrock_ea_decode_pkg_bedrock_decode_extended_ea$func$../build/yosys/bedrock_full_decode_sv2v.v:4223$1006.r[36:16]$1259 [4:2]
    69/638: $59\bedrock_ea_decode_pkg_bedrock_decode_extended_ea$func$../build/yosys/bedrock_full_decode_sv2v.v:4223$1006.r[12:0]$1258 [2:0]
    70/638: $59\bedrock_ea_decode_pkg_bedrock_decode_extended_ea$func$../build/yosys/bedrock_full_decode_sv2v.v:4223$1006.r[12:0]$1258 [5:3]
    71/638: $59\bedrock_ea_decode_pkg_bedrock_decode_extended_ea$func$../build/yosys/bedrock_full_decode_sv2v.v:4223$1006.r[12:0]$1258 [6]
    72/638: $59\bedrock_ea_decode_pkg_bedrock_decode_extended_ea$func$../build/yosys/bedrock_full_decode_sv2v.v:4223$1006.r[12:0]$1258 [12:10]
    73/638: $60\bedrock_ea_decode_pkg_bedrock_decode_extended_ea$func$../build/yosys/bedrock_full_decode_sv2v.v:4223$1006.r[36:16]$1259 [0]
    74/638: $60\bedrock_ea_decode_pkg_bedrock_decode_extended_ea$func$../build/yosys/bedrock_full_decode_sv2v.v:4223$1006.r[36:16]$1259 [1]
    75/638: $60\bedrock_ea_decode_pkg_bedrock_decode_extended_ea$func$../build/yosys/bedrock_full_decode_sv2v.v:4223$1006.r[36:16]$1259 [8]
    76/638: $60\bedrock_ea_decode_pkg_bedrock_decode_extended_ea$func$../build/yosys/bedrock_full_decode_sv2v.v:4223$1006.r[36:16]$1259 [9]
    77/638: $60\bedrock_ea_decode_pkg_bedrock_decode_extended_ea$func$../build/yosys/bedrock_full_decode_sv2v.v:4223$1006.r[36:16]$1259 [10]
    78/638: $60\bedrock_ea_decode_pkg_bedrock_decode_extended_ea$func$../build/yosys/bedrock_full_decode_sv2v.v:4223$1006.r[36:16]$1259 [11]
    79/638: $60\bedrock_ea_decode_pkg_bedrock_decode_extended_ea$func$../build/yosys/bedrock_full_decode_sv2v.v:4223$1006.r[36:16]$1259 [12]
    80/638: $60\bedrock_ea_decode_pkg_bedrock_decode_extended_ea$func$../build/yosys/bedrock_full_decode_sv2v.v:4223$1006.r[36:16]$1259 [13]
    81/638: $61\bedrock_ea_decode_pkg_bedrock_decode_extended_ea$func$../build/yosys/bedrock_full_decode_sv2v.v:4223$1006.r[39:38]$1260 [0]
    82/638: $60\bedrock_ea_decode_pkg_bedrock_decode_extended_ea$func$../build/yosys/bedrock_full_decode_sv2v.v:4223$1006.r[36:16]$1259 [20]
    83/638: $60\bedrock_ea_decode_pkg_bedrock_decode_extended_ea$func$../build/yosys/bedrock_full_decode_sv2v.v:4223$1006.r[36:16]$1259 [19:14]
    84/638: $2\bedrock_ea_decode_pkg_bedrock_decode_extended_ea$func$../build/yosys/bedrock_full_decode_sv2v.v:4223$1006.r[36:0]$1106 [15:13]
    85/638: $57\bedrock_ea_decode_pkg_bedrock_decode_extended_ea$func$../build/yosys/bedrock_full_decode_sv2v.v:4223$1006.r[36:16]$1254 [7:5]
    86/638: $57\bedrock_ea_decode_pkg_bedrock_decode_extended_ea$func$../build/yosys/bedrock_full_decode_sv2v.v:4223$1006.r[36:16]$1254 [19:14]
    87/638: $56\bedrock_ea_decode_pkg_bedrock_decode_extended_ea$func$../build/yosys/bedrock_full_decode_sv2v.v:4223$1006.r[12:0]$1253 [7]
    88/638: $56\bedrock_ea_decode_pkg_bedrock_decode_extended_ea$func$../build/yosys/bedrock_full_decode_sv2v.v:4223$1006.r[12:0]$1253 [9:8]
    89/638: $57\bedrock_ea_decode_pkg_bedrock_decode_extended_ea$func$../build/yosys/bedrock_full_decode_sv2v.v:4223$1006.r[36:16]$1254 [4:2]
    90/638: $56\bedrock_ea_decode_pkg_bedrock_decode_extended_ea$func$../build/yosys/bedrock_full_decode_sv2v.v:4223$1006.r[12:0]$1253 [2:0]
    91/638: $56\bedrock_ea_decode_pkg_bedrock_decode_extended_ea$func$../build/yosys/bedrock_full_decode_sv2v.v:4223$1006.r[12:0]$1253 [5:3]
    92/638: $56\bedrock_ea_decode_pkg_bedrock_decode_extended_ea$func$../build/yosys/bedrock_full_decode_sv2v.v:4223$1006.r[12:0]$1253 [6]
    93/638: $56\bedrock_ea_decode_pkg_bedrock_decode_extended_ea$func$../build/yosys/bedrock_full_decode_sv2v.v:4223$1006.r[12:0]$1253 [12:10]
    94/638: $57\bedrock_ea_decode_pkg_bedrock_decode_extended_ea$func$../build/yosys/bedrock_full_decode_sv2v.v:4223$1006.r[36:16]$1254 [0]
    95/638: $57\bedrock_ea_decode_pkg_bedrock_decode_extended_ea$func$../build/yosys/bedrock_full_decode_sv2v.v:4223$1006.r[36:16]$1254 [1]
    96/638: $57\bedrock_ea_decode_pkg_bedrock_decode_extended_ea$func$../build/yosys/bedrock_full_decode_sv2v.v:4223$1006.r[36:16]$1254 [8]
    97/638: $57\bedrock_ea_decode_pkg_bedrock_decode_extended_ea$func$../build/yosys/bedrock_full_decode_sv2v.v:4223$1006.r[36:16]$1254 [9]
    98/638: $57\bedrock_ea_decode_pkg_bedrock_decode_extended_ea$func$../build/yosys/bedrock_full_decode_sv2v.v:4223$1006.r[36:16]$1254 [10]
    99/638: $57\bedrock_ea_decode_pkg_bedrock_decode_extended_ea$func$../build/yosys/bedrock_full_decode_sv2v.v:4223$1006.r[36:16]$1254 [11]
   100/638: $57\bedrock_ea_decode_pkg_bedrock_decode_extended_ea$func$../build/yosys/bedrock_full_decode_sv2v.v:4223$1006.r[36:16]$1254 [12]
   101/638: $57\bedrock_ea_decode_pkg_bedrock_decode_extended_ea$func$../build/yosys/bedrock_full_decode_sv2v.v:4223$1006.r[36:16]$1254 [13]
   102/638: $58\bedrock_ea_decode_pkg_bedrock_decode_extended_ea$func$../build/yosys/bedrock_full_decode_sv2v.v:4223$1006.r[39:38]$1255 [1]
   103/638: $58\bedrock_ea_decode_pkg_bedrock_decode_extended_ea$func$../build/yosys/bedrock_full_decode_sv2v.v:4223$1006.r[39:38]$1255 [0]
   104/638: $55\bedrock_ea_decode_pkg_bedrock_decode_extended_ea$func$../build/yosys/bedrock_full_decode_sv2v.v:4223$1006.r[39:38]$1251 [1]
   105/638: $54\bedrock_ea_decode_pkg_bedrock_decode_extended_ea$func$../build/yosys/bedrock_full_decode_sv2v.v:4223$1006.r[36:16]$1250 [7:5]
   106/638: $53\bedrock_ea_decode_pkg_bedrock_decode_extended_ea$func$../build/yosys/bedrock_full_decode_sv2v.v:4223$1006.r[12:0]$1249 [7]
   107/638: $53\bedrock_ea_decode_pkg_bedrock_decode_extended_ea$func$../build/yosys/bedrock_full_decode_sv2v.v:4223$1006.r[12:0]$1249 [9:8]
   108/638: $54\bedrock_ea_decode_pkg_bedrock_decode_extended_ea$func$../build/yosys/bedrock_full_decode_sv2v.v:4223$1006.r[36:16]$1250 [4:2]
   109/638: $53\bedrock_ea_decode_pkg_bedrock_decode_extended_ea$func$../build/yosys/bedrock_full_decode_sv2v.v:4223$1006.r[12:0]$1249 [2:0]
   110/638: $53\bedrock_ea_decode_pkg_bedrock_decode_extended_ea$func$../build/yosys/bedrock_full_decode_sv2v.v:4223$1006.r[12:0]$1249 [5:3]
   111/638: $53\bedrock_ea_decode_pkg_bedrock_decode_extended_ea$func$../build/yosys/bedrock_full_decode_sv2v.v:4223$1006.r[12:0]$1249 [6]
   112/638: $53\bedrock_ea_decode_pkg_bedrock_decode_extended_ea$func$../build/yosys/bedrock_full_decode_sv2v.v:4223$1006.r[12:0]$1249 [12:10]
   113/638: $54\bedrock_ea_decode_pkg_bedrock_decode_extended_ea$func$../build/yosys/bedrock_full_decode_sv2v.v:4223$1006.r[36:16]$1250 [0]
   114/638: $54\bedrock_ea_decode_pkg_bedrock_decode_extended_ea$func$../build/yosys/bedrock_full_decode_sv2v.v:4223$1006.r[36:16]$1250 [1]
   115/638: $54\bedrock_ea_decode_pkg_bedrock_decode_extended_ea$func$../build/yosys/bedrock_full_decode_sv2v.v:4223$1006.r[36:16]$1250 [8]
   116/638: $54\bedrock_ea_decode_pkg_bedrock_decode_extended_ea$func$../build/yosys/bedrock_full_decode_sv2v.v:4223$1006.r[36:16]$1250 [9]
   117/638: $54\bedrock_ea_decode_pkg_bedrock_decode_extended_ea$func$../build/yosys/bedrock_full_decode_sv2v.v:4223$1006.r[36:16]$1250 [10]
   118/638: $54\bedrock_ea_decode_pkg_bedrock_decode_extended_ea$func$../build/yosys/bedrock_full_decode_sv2v.v:4223$1006.r[36:16]$1250 [11]
   119/638: $54\bedrock_ea_decode_pkg_bedrock_decode_extended_ea$func$../build/yosys/bedrock_full_decode_sv2v.v:4223$1006.r[36:16]$1250 [12]
   120/638: $54\bedrock_ea_decode_pkg_bedrock_decode_extended_ea$func$../build/yosys/bedrock_full_decode_sv2v.v:4223$1006.r[36:16]$1250 [13]
   121/638: $55\bedrock_ea_decode_pkg_bedrock_decode_extended_ea$func$../build/yosys/bedrock_full_decode_sv2v.v:4223$1006.r[39:38]$1251 [0]
   122/638: $54\bedrock_ea_decode_pkg_bedrock_decode_extended_ea$func$../build/yosys/bedrock_full_decode_sv2v.v:4223$1006.r[36:16]$1250 [20]
   123/638: $54\bedrock_ea_decode_pkg_bedrock_decode_extended_ea$func$../build/yosys/bedrock_full_decode_sv2v.v:4223$1006.r[36:16]$1250 [19:14]
   124/638: $2\bedrock_ea_decode_pkg_bedrock_decode_extended_ea$func$../build/yosys/bedrock_full_decode_sv2v.v:4223$1006.r[36:0]$1106 [7:0]
   125/638: $51\bedrock_ea_decode_pkg_bedrock_decode_extended_ea$func$../build/yosys/bedrock_full_decode_sv2v.v:4223$1006.r[36:16]$1245 [7:5]
   126/638: $51\bedrock_ea_decode_pkg_bedrock_decode_extended_ea$func$../build/yosys/bedrock_full_decode_sv2v.v:4223$1006.r[36:16]$1245 [19:14]
   127/638: $50\bedrock_ea_decode_pkg_bedrock_decode_extended_ea$func$../build/yosys/bedrock_full_decode_sv2v.v:4223$1006.r[12:0]$1244 [7]
   128/638: $50\bedrock_ea_decode_pkg_bedrock_decode_extended_ea$func$../build/yosys/bedrock_full_decode_sv2v.v:4223$1006.r[12:0]$1244 [9:8]
   129/638: $51\bedrock_ea_decode_pkg_bedrock_decode_extended_ea$func$../build/yosys/bedrock_full_decode_sv2v.v:4223$1006.r[36:16]$1245 [4:2]
   130/638: $50\bedrock_ea_decode_pkg_bedrock_decode_extended_ea$func$../build/yosys/bedrock_full_decode_sv2v.v:4223$1006.r[12:0]$1244 [2:0]
   131/638: $50\bedrock_ea_decode_pkg_bedrock_decode_extended_ea$func$../build/yosys/bedrock_full_decode_sv2v.v:4223$1006.r[12:0]$1244 [5:3]
   132/638: $50\bedrock_ea_decode_pkg_bedrock_decode_extended_ea$func$../build/yosys/bedrock_full_decode_sv2v.v:4223$1006.r[12:0]$1244 [6]
   133/638: $50\bedrock_ea_decode_pkg_bedrock_decode_extended_ea$func$../build/yosys/bedrock_full_decode_sv2v.v:4223$1006.r[12:0]$1244 [12:10]
   134/638: $51\bedrock_ea_decode_pkg_bedrock_decode_extended_ea$func$../build/yosys/bedrock_full_decode_sv2v.v:4223$1006.r[36:16]$1245 [0]
   135/638: $51\bedrock_ea_decode_pkg_bedrock_decode_extended_ea$func$../build/yosys/bedrock_full_decode_sv2v.v:4223$1006.r[36:16]$1245 [1]
   136/638: $51\bedrock_ea_decode_pkg_bedrock_decode_extended_ea$func$../build/yosys/bedrock_full_decode_sv2v.v:4223$1006.r[36:16]$1245 [8]
   137/638: $51\bedrock_ea_decode_pkg_bedrock_decode_extended_ea$func$../build/yosys/bedrock_full_decode_sv2v.v:4223$1006.r[36:16]$1245 [9]
   138/638: $51\bedrock_ea_decode_pkg_bedrock_decode_extended_ea$func$../build/yosys/bedrock_full_decode_sv2v.v:4223$1006.r[36:16]$1245 [10]
   139/638: $51\bedrock_ea_decode_pkg_bedrock_decode_extended_ea$func$../build/yosys/bedrock_full_decode_sv2v.v:4223$1006.r[36:16]$1245 [11]
   140/638: $51\bedrock_ea_decode_pkg_bedrock_decode_extended_ea$func$../build/yosys/bedrock_full_decode_sv2v.v:4223$1006.r[36:16]$1245 [12]
   141/638: $51\bedrock_ea_decode_pkg_bedrock_decode_extended_ea$func$../build/yosys/bedrock_full_decode_sv2v.v:4223$1006.r[36:16]$1245 [13]
   142/638: $52\bedrock_ea_decode_pkg_bedrock_decode_extended_ea$func$../build/yosys/bedrock_full_decode_sv2v.v:4223$1006.r[39:38]$1246 [1]
   143/638: $52\bedrock_ea_decode_pkg_bedrock_decode_extended_ea$func$../build/yosys/bedrock_full_decode_sv2v.v:4223$1006.r[39:38]$1246 [0]
   144/638: $49\bedrock_ea_decode_pkg_bedrock_decode_extended_ea$func$../build/yosys/bedrock_full_decode_sv2v.v:4223$1006.r[39:38]$1242 [1]
   145/638: $48\bedrock_ea_decode_pkg_bedrock_decode_extended_ea$func$../build/yosys/bedrock_full_decode_sv2v.v:4223$1006.r[36:16]$1241 [7:5]
   146/638: $47\bedrock_ea_decode_pkg_bedrock_decode_extended_ea$func$../build/yosys/bedrock_full_decode_sv2v.v:4223$1006.r[12:0]$1240 [7]
   147/638: $47\bedrock_ea_decode_pkg_bedrock_decode_extended_ea$func$../build/yosys/bedrock_full_decode_sv2v.v:4223$1006.r[12:0]$1240 [9:8]
   148/638: $48\bedrock_ea_decode_pkg_bedrock_decode_extended_ea$func$../build/yosys/bedrock_full_decode_sv2v.v:4223$1006.r[36:16]$1241 [4:2]
   149/638: $47\bedrock_ea_decode_pkg_bedrock_decode_extended_ea$func$../build/yosys/bedrock_full_decode_sv2v.v:4223$1006.r[12:0]$1240 [2:0]
   150/638: $47\bedrock_ea_decode_pkg_bedrock_decode_extended_ea$func$../build/yosys/bedrock_full_decode_sv2v.v:4223$1006.r[12:0]$1240 [5:3]
   151/638: $47\bedrock_ea_decode_pkg_bedrock_decode_extended_ea$func$../build/yosys/bedrock_full_decode_sv2v.v:4223$1006.r[12:0]$1240 [6]
   152/638: $47\bedrock_ea_decode_pkg_bedrock_decode_extended_ea$func$../build/yosys/bedrock_full_decode_sv2v.v:4223$1006.r[12:0]$1240 [12:10]
   153/638: $48\bedrock_ea_decode_pkg_bedrock_decode_extended_ea$func$../build/yosys/bedrock_full_decode_sv2v.v:4223$1006.r[36:16]$1241 [0]
   154/638: $48\bedrock_ea_decode_pkg_bedrock_decode_extended_ea$func$../build/yosys/bedrock_full_decode_sv2v.v:4223$1006.r[36:16]$1241 [1]
   155/638: $48\bedrock_ea_decode_pkg_bedrock_decode_extended_ea$func$../build/yosys/bedrock_full_decode_sv2v.v:4223$1006.r[36:16]$1241 [8]
   156/638: $48\bedrock_ea_decode_pkg_bedrock_decode_extended_ea$func$../build/yosys/bedrock_full_decode_sv2v.v:4223$1006.r[36:16]$1241 [9]
   157/638: $48\bedrock_ea_decode_pkg_bedrock_decode_extended_ea$func$../build/yosys/bedrock_full_decode_sv2v.v:4223$1006.r[36:16]$1241 [10]
   158/638: $48\bedrock_ea_decode_pkg_bedrock_decode_extended_ea$func$../build/yosys/bedrock_full_decode_sv2v.v:4223$1006.r[36:16]$1241 [11]
   159/638: $48\bedrock_ea_decode_pkg_bedrock_decode_extended_ea$func$../build/yosys/bedrock_full_decode_sv2v.v:4223$1006.r[36:16]$1241 [12]
   160/638: $48\bedrock_ea_decode_pkg_bedrock_decode_extended_ea$func$../build/yosys/bedrock_full_decode_sv2v.v:4223$1006.r[36:16]$1241 [13]
   161/638: $49\bedrock_ea_decode_pkg_bedrock_decode_extended_ea$func$../build/yosys/bedrock_full_decode_sv2v.v:4223$1006.r[39:38]$1242 [0]
   162/638: $48\bedrock_ea_decode_pkg_bedrock_decode_extended_ea$func$../build/yosys/bedrock_full_decode_sv2v.v:4223$1006.r[36:16]$1241 [20]
   163/638: $48\bedrock_ea_decode_pkg_bedrock_decode_extended_ea$func$../build/yosys/bedrock_full_decode_sv2v.v:4223$1006.r[36:16]$1241 [19:14]
   164/638: $69\bedrock_ea_decode_pkg_bedrock_decode_extended_ea$func$../build/yosys/bedrock_full_decode_sv2v.v:4223$1006.r[36:16]$1272 [20]
   165/638: $45\bedrock_ea_decode_pkg_bedrock_decode_extended_ea$func$../build/yosys/bedrock_full_decode_sv2v.v:4223$1006.r[36:16]$1236 [7:5]
   166/638: $45\bedrock_ea_decode_pkg_bedrock_decode_extended_ea$func$../build/yosys/bedrock_full_decode_sv2v.v:4223$1006.r[36:16]$1236 [19:14]
   167/638: $44\bedrock_ea_decode_pkg_bedrock_decode_extended_ea$func$../build/yosys/bedrock_full_decode_sv2v.v:4223$1006.r[12:0]$1235 [7]
   168/638: $44\bedrock_ea_decode_pkg_bedrock_decode_extended_ea$func$../build/yosys/bedrock_full_decode_sv2v.v:4223$1006.r[12:0]$1235 [9:8]
   169/638: $45\bedrock_ea_decode_pkg_bedrock_decode_extended_ea$func$../build/yosys/bedrock_full_decode_sv2v.v:4223$1006.r[36:16]$1236 [4:2]
   170/638: $44\bedrock_ea_decode_pkg_bedrock_decode_extended_ea$func$../build/yosys/bedrock_full_decode_sv2v.v:4223$1006.r[12:0]$1235 [2:0]
   171/638: $44\bedrock_ea_decode_pkg_bedrock_decode_extended_ea$func$../build/yosys/bedrock_full_decode_sv2v.v:4223$1006.r[12:0]$1235 [5:3]
   172/638: $44\bedrock_ea_decode_pkg_bedrock_decode_extended_ea$func$../build/yosys/bedrock_full_decode_sv2v.v:4223$1006.r[12:0]$1235 [6]
   173/638: $44\bedrock_ea_decode_pkg_bedrock_decode_extended_ea$func$../build/yosys/bedrock_full_decode_sv2v.v:4223$1006.r[12:0]$1235 [12:10]
   174/638: $45\bedrock_ea_decode_pkg_bedrock_decode_extended_ea$func$../build/yosys/bedrock_full_decode_sv2v.v:4223$1006.r[36:16]$1236 [0]
   175/638: $45\bedrock_ea_decode_pkg_bedrock_decode_extended_ea$func$../build/yosys/bedrock_full_decode_sv2v.v:4223$1006.r[36:16]$1236 [1]
   176/638: $45\bedrock_ea_decode_pkg_bedrock_decode_extended_ea$func$../build/yosys/bedrock_full_decode_sv2v.v:4223$1006.r[36:16]$1236 [8]
   177/638: $45\bedrock_ea_decode_pkg_bedrock_decode_extended_ea$func$../build/yosys/bedrock_full_decode_sv2v.v:4223$1006.r[36:16]$1236 [9]
   178/638: $45\bedrock_ea_decode_pkg_bedrock_decode_extended_ea$func$../build/yosys/bedrock_full_decode_sv2v.v:4223$1006.r[36:16]$1236 [10]
   179/638: $45\bedrock_ea_decode_pkg_bedrock_decode_extended_ea$func$../build/yosys/bedrock_full_decode_sv2v.v:4223$1006.r[36:16]$1236 [11]
   180/638: $45\bedrock_ea_decode_pkg_bedrock_decode_extended_ea$func$../build/yosys/bedrock_full_decode_sv2v.v:4223$1006.r[36:16]$1236 [12]
   181/638: $45\bedrock_ea_decode_pkg_bedrock_decode_extended_ea$func$../build/yosys/bedrock_full_decode_sv2v.v:4223$1006.r[36:16]$1236 [13]
   182/638: $46\bedrock_ea_decode_pkg_bedrock_decode_extended_ea$func$../build/yosys/bedrock_full_decode_sv2v.v:4223$1006.r[39:38]$1237 [1]
   183/638: $46\bedrock_ea_decode_pkg_bedrock_decode_extended_ea$func$../build/yosys/bedrock_full_decode_sv2v.v:4223$1006.r[39:38]$1237 [0]
   184/638: $43\bedrock_ea_decode_pkg_bedrock_decode_extended_ea$func$../build/yosys/bedrock_full_decode_sv2v.v:4223$1006.r[39:38]$1233 [1]
   185/638: $42\bedrock_ea_decode_pkg_bedrock_decode_extended_ea$func$../build/yosys/bedrock_full_decode_sv2v.v:4223$1006.r[36:16]$1232 [7:5]
   186/638: $41\bedrock_ea_decode_pkg_bedrock_decode_extended_ea$func$../build/yosys/bedrock_full_decode_sv2v.v:4223$1006.r[12:0]$1231 [7]
   187/638: $41\bedrock_ea_decode_pkg_bedrock_decode_extended_ea$func$../build/yosys/bedrock_full_decode_sv2v.v:4223$1006.r[12:0]$1231 [9:8]
   188/638: $42\bedrock_ea_decode_pkg_bedrock_decode_extended_ea$func$../build/yosys/bedrock_full_decode_sv2v.v:4223$1006.r[36:16]$1232 [4:2]
   189/638: $41\bedrock_ea_decode_pkg_bedrock_decode_extended_ea$func$../build/yosys/bedrock_full_decode_sv2v.v:4223$1006.r[12:0]$1231 [2:0]
   190/638: $41\bedrock_ea_decode_pkg_bedrock_decode_extended_ea$func$../build/yosys/bedrock_full_decode_sv2v.v:4223$1006.r[12:0]$1231 [5:3]
   191/638: $41\bedrock_ea_decode_pkg_bedrock_decode_extended_ea$func$../build/yosys/bedrock_full_decode_sv2v.v:4223$1006.r[12:0]$1231 [6]
   192/638: $41\bedrock_ea_decode_pkg_bedrock_decode_extended_ea$func$../build/yosys/bedrock_full_decode_sv2v.v:4223$1006.r[12:0]$1231 [12:10]
   193/638: $42\bedrock_ea_decode_pkg_bedrock_decode_extended_ea$func$../build/yosys/bedrock_full_decode_sv2v.v:4223$1006.r[36:16]$1232 [0]
   194/638: $42\bedrock_ea_decode_pkg_bedrock_decode_extended_ea$func$../build/yosys/bedrock_full_decode_sv2v.v:4223$1006.r[36:16]$1232 [1]
   195/638: $42\bedrock_ea_decode_pkg_bedrock_decode_extended_ea$func$../build/yosys/bedrock_full_decode_sv2v.v:4223$1006.r[36:16]$1232 [8]
   196/638: $42\bedrock_ea_decode_pkg_bedrock_decode_extended_ea$func$../build/yosys/bedrock_full_decode_sv2v.v:4223$1006.r[36:16]$1232 [9]
   197/638: $42\bedrock_ea_decode_pkg_bedrock_decode_extended_ea$func$../build/yosys/bedrock_full_decode_sv2v.v:4223$1006.r[36:16]$1232 [10]
   198/638: $42\bedrock_ea_decode_pkg_bedrock_decode_extended_ea$func$../build/yosys/bedrock_full_decode_sv2v.v:4223$1006.r[36:16]$1232 [11]
   199/638: $42\bedrock_ea_decode_pkg_bedrock_decode_extended_ea$func$../build/yosys/bedrock_full_decode_sv2v.v:4223$1006.r[36:16]$1232 [12]
   200/638: $42\bedrock_ea_decode_pkg_bedrock_decode_extended_ea$func$../build/yosys/bedrock_full_decode_sv2v.v:4223$1006.r[36:16]$1232 [13]
   201/638: $43\bedrock_ea_decode_pkg_bedrock_decode_extended_ea$func$../build/yosys/bedrock_full_decode_sv2v.v:4223$1006.r[39:38]$1233 [0]
   202/638: $42\bedrock_ea_decode_pkg_bedrock_decode_extended_ea$func$../build/yosys/bedrock_full_decode_sv2v.v:4223$1006.r[36:16]$1232 [20]
   203/638: $42\bedrock_ea_decode_pkg_bedrock_decode_extended_ea$func$../build/yosys/bedrock_full_decode_sv2v.v:4223$1006.r[36:16]$1232 [19:14]
   204/638: $63\bedrock_ea_decode_pkg_bedrock_decode_extended_ea$func$../build/yosys/bedrock_full_decode_sv2v.v:4223$1006.r[36:16]$1263 [20]
   205/638: $39\bedrock_ea_decode_pkg_bedrock_decode_extended_ea$func$../build/yosys/bedrock_full_decode_sv2v.v:4223$1006.r[36:16]$1227 [7:5]
   206/638: $39\bedrock_ea_decode_pkg_bedrock_decode_extended_ea$func$../build/yosys/bedrock_full_decode_sv2v.v:4223$1006.r[36:16]$1227 [19:14]
   207/638: $38\bedrock_ea_decode_pkg_bedrock_decode_extended_ea$func$../build/yosys/bedrock_full_decode_sv2v.v:4223$1006.r[12:0]$1226 [7]
   208/638: $38\bedrock_ea_decode_pkg_bedrock_decode_extended_ea$func$../build/yosys/bedrock_full_decode_sv2v.v:4223$1006.r[12:0]$1226 [9:8]
   209/638: $39\bedrock_ea_decode_pkg_bedrock_decode_extended_ea$func$../build/yosys/bedrock_full_decode_sv2v.v:4223$1006.r[36:16]$1227 [4:2]
   210/638: $38\bedrock_ea_decode_pkg_bedrock_decode_extended_ea$func$../build/yosys/bedrock_full_decode_sv2v.v:4223$1006.r[12:0]$1226 [2:0]
   211/638: $38\bedrock_ea_decode_pkg_bedrock_decode_extended_ea$func$../build/yosys/bedrock_full_decode_sv2v.v:4223$1006.r[12:0]$1226 [5:3]
   212/638: $38\bedrock_ea_decode_pkg_bedrock_decode_extended_ea$func$../build/yosys/bedrock_full_decode_sv2v.v:4223$1006.r[12:0]$1226 [6]
   213/638: $38\bedrock_ea_decode_pkg_bedrock_decode_extended_ea$func$../build/yosys/bedrock_full_decode_sv2v.v:4223$1006.r[12:0]$1226 [12:10]
   214/638: $39\bedrock_ea_decode_pkg_bedrock_decode_extended_ea$func$../build/yosys/bedrock_full_decode_sv2v.v:4223$1006.r[36:16]$1227 [0]
   215/638: $39\bedrock_ea_decode_pkg_bedrock_decode_extended_ea$func$../build/yosys/bedrock_full_decode_sv2v.v:4223$1006.r[36:16]$1227 [1]
   216/638: $39\bedrock_ea_decode_pkg_bedrock_decode_extended_ea$func$../build/yosys/bedrock_full_decode_sv2v.v:4223$1006.r[36:16]$1227 [8]
   217/638: $39\bedrock_ea_decode_pkg_bedrock_decode_extended_ea$func$../build/yosys/bedrock_full_decode_sv2v.v:4223$1006.r[36:16]$1227 [9]
   218/638: $39\bedrock_ea_decode_pkg_bedrock_decode_extended_ea$func$../build/yosys/bedrock_full_decode_sv2v.v:4223$1006.r[36:16]$1227 [10]
   219/638: $39\bedrock_ea_decode_pkg_bedrock_decode_extended_ea$func$../build/yosys/bedrock_full_decode_sv2v.v:4223$1006.r[36:16]$1227 [11]
   220/638: $39\bedrock_ea_decode_pkg_bedrock_decode_extended_ea$func$../build/yosys/bedrock_full_decode_sv2v.v:4223$1006.r[36:16]$1227 [12]
   221/638: $39\bedrock_ea_decode_pkg_bedrock_decode_extended_ea$func$../build/yosys/bedrock_full_decode_sv2v.v:4223$1006.r[36:16]$1227 [13]
   222/638: $40\bedrock_ea_decode_pkg_bedrock_decode_extended_ea$func$../build/yosys/bedrock_full_decode_sv2v.v:4223$1006.r[39:38]$1228 [1]
   223/638: $40\bedrock_ea_decode_pkg_bedrock_decode_extended_ea$func$../build/yosys/bedrock_full_decode_sv2v.v:4223$1006.r[39:38]$1228 [0]
   224/638: $37\bedrock_ea_decode_pkg_bedrock_decode_extended_ea$func$../build/yosys/bedrock_full_decode_sv2v.v:4223$1006.r[39:38]$1224 [1]
   225/638: $36\bedrock_ea_decode_pkg_bedrock_decode_extended_ea$func$../build/yosys/bedrock_full_decode_sv2v.v:4223$1006.r[36:16]$1223 [7:5]
   226/638: $35\bedrock_ea_decode_pkg_bedrock_decode_extended_ea$func$../build/yosys/bedrock_full_decode_sv2v.v:4223$1006.r[12:0]$1222 [7]
   227/638: $35\bedrock_ea_decode_pkg_bedrock_decode_extended_ea$func$../build/yosys/bedrock_full_decode_sv2v.v:4223$1006.r[12:0]$1222 [9:8]
   228/638: $36\bedrock_ea_decode_pkg_bedrock_decode_extended_ea$func$../build/yosys/bedrock_full_decode_sv2v.v:4223$1006.r[36:16]$1223 [4:2]
   229/638: $35\bedrock_ea_decode_pkg_bedrock_decode_extended_ea$func$../build/yosys/bedrock_full_decode_sv2v.v:4223$1006.r[12:0]$1222 [2:0]
   230/638: $35\bedrock_ea_decode_pkg_bedrock_decode_extended_ea$func$../build/yosys/bedrock_full_decode_sv2v.v:4223$1006.r[12:0]$1222 [5:3]
   231/638: $35\bedrock_ea_decode_pkg_bedrock_decode_extended_ea$func$../build/yosys/bedrock_full_decode_sv2v.v:4223$1006.r[12:0]$1222 [6]
   232/638: $35\bedrock_ea_decode_pkg_bedrock_decode_extended_ea$func$../build/yosys/bedrock_full_decode_sv2v.v:4223$1006.r[12:0]$1222 [12:10]
   233/638: $36\bedrock_ea_decode_pkg_bedrock_decode_extended_ea$func$../build/yosys/bedrock_full_decode_sv2v.v:4223$1006.r[36:16]$1223 [0]
   234/638: $36\bedrock_ea_decode_pkg_bedrock_decode_extended_ea$func$../build/yosys/bedrock_full_decode_sv2v.v:4223$1006.r[36:16]$1223 [1]
   235/638: $36\bedrock_ea_decode_pkg_bedrock_decode_extended_ea$func$../build/yosys/bedrock_full_decode_sv2v.v:4223$1006.r[36:16]$1223 [8]
   236/638: $36\bedrock_ea_decode_pkg_bedrock_decode_extended_ea$func$../build/yosys/bedrock_full_decode_sv2v.v:4223$1006.r[36:16]$1223 [9]
   237/638: $36\bedrock_ea_decode_pkg_bedrock_decode_extended_ea$func$../build/yosys/bedrock_full_decode_sv2v.v:4223$1006.r[36:16]$1223 [10]
   238/638: $36\bedrock_ea_decode_pkg_bedrock_decode_extended_ea$func$../build/yosys/bedrock_full_decode_sv2v.v:4223$1006.r[36:16]$1223 [11]
   239/638: $36\bedrock_ea_decode_pkg_bedrock_decode_extended_ea$func$../build/yosys/bedrock_full_decode_sv2v.v:4223$1006.r[36:16]$1223 [12]
   240/638: $36\bedrock_ea_decode_pkg_bedrock_decode_extended_ea$func$../build/yosys/bedrock_full_decode_sv2v.v:4223$1006.r[36:16]$1223 [13]
   241/638: $37\bedrock_ea_decode_pkg_bedrock_decode_extended_ea$func$../build/yosys/bedrock_full_decode_sv2v.v:4223$1006.r[39:38]$1224 [0]
   242/638: $36\bedrock_ea_decode_pkg_bedrock_decode_extended_ea$func$../build/yosys/bedrock_full_decode_sv2v.v:4223$1006.r[36:16]$1223 [20]
   243/638: $36\bedrock_ea_decode_pkg_bedrock_decode_extended_ea$func$../build/yosys/bedrock_full_decode_sv2v.v:4223$1006.r[36:16]$1223 [19:14]
   244/638: $57\bedrock_ea_decode_pkg_bedrock_decode_extended_ea$func$../build/yosys/bedrock_full_decode_sv2v.v:4223$1006.r[36:16]$1254 [20]
   245/638: $33\bedrock_ea_decode_pkg_bedrock_decode_extended_ea$func$../build/yosys/bedrock_full_decode_sv2v.v:4223$1006.r[35:16]$1216 [7:5]
   246/638: $33\bedrock_ea_decode_pkg_bedrock_decode_extended_ea$func$../build/yosys/bedrock_full_decode_sv2v.v:4223$1006.r[35:16]$1216 [4:2]
   247/638: $3\bedrock_ea_decode_pkg_bedrock_ea_segment_decode$func$../build/yosys/bedrock_full_decode_sv2v.v:3927$1020.$result[2:0]$1218
   248/638: $3\bedrock_ea_decode_pkg_bedrock_ea_segment_decode$func$../build/yosys/bedrock_full_decode_sv2v.v:3927$1020.segment[2:0]$1219
   249/638: $4\bedrock_ea_decode_pkg_bedrock_ea_segment_decode$func$../build/yosys/bedrock_full_decode_sv2v.v:3927$1020.$result[2:0]$1220
   250/638: $32\bedrock_ea_decode_pkg_bedrock_decode_extended_ea$func$../build/yosys/bedrock_full_decode_sv2v.v:4223$1006.r[7:0]$1215 [2:0]
   251/638: $32\bedrock_ea_decode_pkg_bedrock_decode_extended_ea$func$../build/yosys/bedrock_full_decode_sv2v.v:4223$1006.r[7:0]$1215 [5:3]
   252/638: $32\bedrock_ea_decode_pkg_bedrock_decode_extended_ea$func$../build/yosys/bedrock_full_decode_sv2v.v:4223$1006.r[7:0]$1215 [6]
   253/638: $32\bedrock_ea_decode_pkg_bedrock_decode_extended_ea$func$../build/yosys/bedrock_full_decode_sv2v.v:4223$1006.r[7:0]$1215 [7]
   254/638: $33\bedrock_ea_decode_pkg_bedrock_decode_extended_ea$func$../build/yosys/bedrock_full_decode_sv2v.v:4223$1006.r[35:16]$1216 [0]
   255/638: $33\bedrock_ea_decode_pkg_bedrock_decode_extended_ea$func$../build/yosys/bedrock_full_decode_sv2v.v:4223$1006.r[35:16]$1216 [1]
   256/638: $33\bedrock_ea_decode_pkg_bedrock_decode_extended_ea$func$../build/yosys/bedrock_full_decode_sv2v.v:4223$1006.r[35:16]$1216 [8]
   257/638: $33\bedrock_ea_decode_pkg_bedrock_decode_extended_ea$func$../build/yosys/bedrock_full_decode_sv2v.v:4223$1006.r[35:16]$1216 [9]
   258/638: $33\bedrock_ea_decode_pkg_bedrock_decode_extended_ea$func$../build/yosys/bedrock_full_decode_sv2v.v:4223$1006.r[35:16]$1216 [10]
   259/638: $33\bedrock_ea_decode_pkg_bedrock_decode_extended_ea$func$../build/yosys/bedrock_full_decode_sv2v.v:4223$1006.r[35:16]$1216 [11]
   260/638: $33\bedrock_ea_decode_pkg_bedrock_decode_extended_ea$func$../build/yosys/bedrock_full_decode_sv2v.v:4223$1006.r[35:16]$1216 [12]
   261/638: $33\bedrock_ea_decode_pkg_bedrock_decode_extended_ea$func$../build/yosys/bedrock_full_decode_sv2v.v:4223$1006.r[35:16]$1216 [13]
   262/638: $34\bedrock_ea_decode_pkg_bedrock_decode_extended_ea$func$../build/yosys/bedrock_full_decode_sv2v.v:4223$1006.r[39:38]$1217 [1]
   263/638: $34\bedrock_ea_decode_pkg_bedrock_decode_extended_ea$func$../build/yosys/bedrock_full_decode_sv2v.v:4223$1006.r[39:38]$1217 [0]
   264/638: $51\bedrock_ea_decode_pkg_bedrock_decode_extended_ea$func$../build/yosys/bedrock_full_decode_sv2v.v:4223$1006.r[36:16]$1245 [20]
   265/638: $30\bedrock_ea_decode_pkg_bedrock_decode_extended_ea$func$../build/yosys/bedrock_full_decode_sv2v.v:4223$1006.r[35:16]$1209 [7:5]
   266/638: $30\bedrock_ea_decode_pkg_bedrock_decode_extended_ea$func$../build/yosys/bedrock_full_decode_sv2v.v:4223$1006.r[35:16]$1209 [4:2]
   267/638: $3\bedrock_ea_decode_pkg_bedrock_ea_segment_decode$func$../build/yosys/bedrock_full_decode_sv2v.v:3905$1019.$result[2:0]$1211
   268/638: $3\bedrock_ea_decode_pkg_bedrock_ea_segment_decode$func$../build/yosys/bedrock_full_decode_sv2v.v:3905$1019.segment[2:0]$1212
   269/638: $4\bedrock_ea_decode_pkg_bedrock_ea_segment_decode$func$../build/yosys/bedrock_full_decode_sv2v.v:3905$1019.$result[2:0]$1213
   270/638: $29\bedrock_ea_decode_pkg_bedrock_decode_extended_ea$func$../build/yosys/bedrock_full_decode_sv2v.v:4223$1006.r[7:0]$1208 [2:0]
   271/638: $29\bedrock_ea_decode_pkg_bedrock_decode_extended_ea$func$../build/yosys/bedrock_full_decode_sv2v.v:4223$1006.r[7:0]$1208 [5:3]
   272/638: $29\bedrock_ea_decode_pkg_bedrock_decode_extended_ea$func$../build/yosys/bedrock_full_decode_sv2v.v:4223$1006.r[7:0]$1208 [6]
   273/638: $29\bedrock_ea_decode_pkg_bedrock_decode_extended_ea$func$../build/yosys/bedrock_full_decode_sv2v.v:4223$1006.r[7:0]$1208 [7]
   274/638: $30\bedrock_ea_decode_pkg_bedrock_decode_extended_ea$func$../build/yosys/bedrock_full_decode_sv2v.v:4223$1006.r[35:16]$1209 [0]
   275/638: $30\bedrock_ea_decode_pkg_bedrock_decode_extended_ea$func$../build/yosys/bedrock_full_decode_sv2v.v:4223$1006.r[35:16]$1209 [1]
   276/638: $30\bedrock_ea_decode_pkg_bedrock_decode_extended_ea$func$../build/yosys/bedrock_full_decode_sv2v.v:4223$1006.r[35:16]$1209 [8]
   277/638: $30\bedrock_ea_decode_pkg_bedrock_decode_extended_ea$func$../build/yosys/bedrock_full_decode_sv2v.v:4223$1006.r[35:16]$1209 [9]
   278/638: $30\bedrock_ea_decode_pkg_bedrock_decode_extended_ea$func$../build/yosys/bedrock_full_decode_sv2v.v:4223$1006.r[35:16]$1209 [10]
   279/638: $30\bedrock_ea_decode_pkg_bedrock_decode_extended_ea$func$../build/yosys/bedrock_full_decode_sv2v.v:4223$1006.r[35:16]$1209 [11]
   280/638: $30\bedrock_ea_decode_pkg_bedrock_decode_extended_ea$func$../build/yosys/bedrock_full_decode_sv2v.v:4223$1006.r[35:16]$1209 [12]
   281/638: $30\bedrock_ea_decode_pkg_bedrock_decode_extended_ea$func$../build/yosys/bedrock_full_decode_sv2v.v:4223$1006.r[35:16]$1209 [13]
   282/638: $31\bedrock_ea_decode_pkg_bedrock_decode_extended_ea$func$../build/yosys/bedrock_full_decode_sv2v.v:4223$1006.r[39:38]$1210 [1]
   283/638: $31\bedrock_ea_decode_pkg_bedrock_decode_extended_ea$func$../build/yosys/bedrock_full_decode_sv2v.v:4223$1006.r[39:38]$1210 [0]
   284/638: $2\bedrock_ea_decode_pkg_bedrock_decode_extended_ea$func$../build/yosys/bedrock_full_decode_sv2v.v:4223$1006.r[36:0]$1106 [12:8]
   285/638: $39\bedrock_ea_decode_pkg_bedrock_decode_extended_ea$func$../build/yosys/bedrock_full_decode_sv2v.v:4223$1006.r[36:16]$1227 [20]
   286/638: $27\bedrock_ea_decode_pkg_bedrock_decode_extended_ea$func$../build/yosys/bedrock_full_decode_sv2v.v:4223$1006.r[35:13]$1202 [10:8]
   287/638: $27\bedrock_ea_decode_pkg_bedrock_decode_extended_ea$func$../build/yosys/bedrock_full_decode_sv2v.v:4223$1006.r[35:13]$1202 [7:5]
   288/638: $3\bedrock_ea_decode_pkg_bedrock_ea_segment_decode$func$../build/yosys/bedrock_full_decode_sv2v.v:3883$1018.$result[2:0]$1204
   289/638: $3\bedrock_ea_decode_pkg_bedrock_ea_segment_decode$func$../build/yosys/bedrock_full_decode_sv2v.v:3883$1018.segment[2:0]$1205
   290/638: $26\bedrock_ea_decode_pkg_bedrock_decode_extended_ea$func$../build/yosys/bedrock_full_decode_sv2v.v:4223$1006.r[7:0]$1201 [7]
   291/638: $4\bedrock_ea_decode_pkg_bedrock_ea_segment_decode$func$../build/yosys/bedrock_full_decode_sv2v.v:3883$1018.$result[2:0]$1206
   292/638: $26\bedrock_ea_decode_pkg_bedrock_decode_extended_ea$func$../build/yosys/bedrock_full_decode_sv2v.v:4223$1006.r[7:0]$1201 [2:0]
   293/638: $26\bedrock_ea_decode_pkg_bedrock_decode_extended_ea$func$../build/yosys/bedrock_full_decode_sv2v.v:4223$1006.r[7:0]$1201 [5:3]
   294/638: $26\bedrock_ea_decode_pkg_bedrock_decode_extended_ea$func$../build/yosys/bedrock_full_decode_sv2v.v:4223$1006.r[7:0]$1201 [6]
   295/638: $27\bedrock_ea_decode_pkg_bedrock_decode_extended_ea$func$../build/yosys/bedrock_full_decode_sv2v.v:4223$1006.r[35:13]$1202 [2:0]
   296/638: $27\bedrock_ea_decode_pkg_bedrock_decode_extended_ea$func$../build/yosys/bedrock_full_decode_sv2v.v:4223$1006.r[35:13]$1202 [3]
   297/638: $27\bedrock_ea_decode_pkg_bedrock_decode_extended_ea$func$../build/yosys/bedrock_full_decode_sv2v.v:4223$1006.r[35:13]$1202 [4]
   298/638: $27\bedrock_ea_decode_pkg_bedrock_decode_extended_ea$func$../build/yosys/bedrock_full_decode_sv2v.v:4223$1006.r[35:13]$1202 [11]
   299/638: $27\bedrock_ea_decode_pkg_bedrock_decode_extended_ea$func$../build/yosys/bedrock_full_decode_sv2v.v:4223$1006.r[35:13]$1202 [12]
   300/638: $27\bedrock_ea_decode_pkg_bedrock_decode_extended_ea$func$../build/yosys/bedrock_full_decode_sv2v.v:4223$1006.r[35:13]$1202 [13]
   301/638: $27\bedrock_ea_decode_pkg_bedrock_decode_extended_ea$func$../build/yosys/bedrock_full_decode_sv2v.v:4223$1006.r[35:13]$1202 [14]
   302/638: $27\bedrock_ea_decode_pkg_bedrock_decode_extended_ea$func$../build/yosys/bedrock_full_decode_sv2v.v:4223$1006.r[35:13]$1202 [15]
   303/638: $27\bedrock_ea_decode_pkg_bedrock_decode_extended_ea$func$../build/yosys/bedrock_full_decode_sv2v.v:4223$1006.r[35:13]$1202 [16]
   304/638: $28\bedrock_ea_decode_pkg_bedrock_decode_extended_ea$func$../build/yosys/bedrock_full_decode_sv2v.v:4223$1006.r[39:38]$1203 [1]
   305/638: $28\bedrock_ea_decode_pkg_bedrock_decode_extended_ea$func$../build/yosys/bedrock_full_decode_sv2v.v:4223$1006.r[39:38]$1203 [0]
   306/638: $45\bedrock_ea_decode_pkg_bedrock_decode_extended_ea$func$../build/yosys/bedrock_full_decode_sv2v.v:4223$1006.r[36:16]$1236 [20]
   307/638: $24\bedrock_ea_decode_pkg_bedrock_decode_extended_ea$func$../build/yosys/bedrock_full_decode_sv2v.v:4223$1006.r[35:13]$1195 [10:8]
   308/638: $24\bedrock_ea_decode_pkg_bedrock_decode_extended_ea$func$../build/yosys/bedrock_full_decode_sv2v.v:4223$1006.r[35:13]$1195 [7:5]
   309/638: $3\bedrock_ea_decode_pkg_bedrock_ea_segment_decode$func$../build/yosys/bedrock_full_decode_sv2v.v:3860$1017.$result[2:0]$1197
   310/638: $3\bedrock_ea_decode_pkg_bedrock_ea_segment_decode$func$../build/yosys/bedrock_full_decode_sv2v.v:3860$1017.segment[2:0]$1198
   311/638: $23\bedrock_ea_decode_pkg_bedrock_decode_extended_ea$func$../build/yosys/bedrock_full_decode_sv2v.v:4223$1006.r[7:0]$1194 [7]
   312/638: $4\bedrock_ea_decode_pkg_bedrock_ea_segment_decode$func$../build/yosys/bedrock_full_decode_sv2v.v:3860$1017.$result[2:0]$1199
   313/638: $23\bedrock_ea_decode_pkg_bedrock_decode_extended_ea$func$../build/yosys/bedrock_full_decode_sv2v.v:4223$1006.r[7:0]$1194 [2:0]
   314/638: $23\bedrock_ea_decode_pkg_bedrock_decode_extended_ea$func$../build/yosys/bedrock_full_decode_sv2v.v:4223$1006.r[7:0]$1194 [5:3]
   315/638: $23\bedrock_ea_decode_pkg_bedrock_decode_extended_ea$func$../build/yosys/bedrock_full_decode_sv2v.v:4223$1006.r[7:0]$1194 [6]
   316/638: $24\bedrock_ea_decode_pkg_bedrock_decode_extended_ea$func$../build/yosys/bedrock_full_decode_sv2v.v:4223$1006.r[35:13]$1195 [2:0]
   317/638: $24\bedrock_ea_decode_pkg_bedrock_decode_extended_ea$func$../build/yosys/bedrock_full_decode_sv2v.v:4223$1006.r[35:13]$1195 [3]
   318/638: $24\bedrock_ea_decode_pkg_bedrock_decode_extended_ea$func$../build/yosys/bedrock_full_decode_sv2v.v:4223$1006.r[35:13]$1195 [4]
   319/638: $24\bedrock_ea_decode_pkg_bedrock_decode_extended_ea$func$../build/yosys/bedrock_full_decode_sv2v.v:4223$1006.r[35:13]$1195 [11]
   320/638: $24\bedrock_ea_decode_pkg_bedrock_decode_extended_ea$func$../build/yosys/bedrock_full_decode_sv2v.v:4223$1006.r[35:13]$1195 [12]
   321/638: $24\bedrock_ea_decode_pkg_bedrock_decode_extended_ea$func$../build/yosys/bedrock_full_decode_sv2v.v:4223$1006.r[35:13]$1195 [13]
   322/638: $24\bedrock_ea_decode_pkg_bedrock_decode_extended_ea$func$../build/yosys/bedrock_full_decode_sv2v.v:4223$1006.r[35:13]$1195 [14]
   323/638: $24\bedrock_ea_decode_pkg_bedrock_decode_extended_ea$func$../build/yosys/bedrock_full_decode_sv2v.v:4223$1006.r[35:13]$1195 [15]
   324/638: $24\bedrock_ea_decode_pkg_bedrock_decode_extended_ea$func$../build/yosys/bedrock_full_decode_sv2v.v:4223$1006.r[35:13]$1195 [16]
   325/638: $25\bedrock_ea_decode_pkg_bedrock_decode_extended_ea$func$../build/yosys/bedrock_full_decode_sv2v.v:4223$1006.r[39:38]$1196 [1]
   326/638: $25\bedrock_ea_decode_pkg_bedrock_decode_extended_ea$func$../build/yosys/bedrock_full_decode_sv2v.v:4223$1006.r[39:38]$1196 [0]
   327/638: $27\bedrock_ea_decode_pkg_bedrock_decode_extended_ea$func$../build/yosys/bedrock_full_decode_sv2v.v:4223$1006.r[35:13]$1202 [22:17]
   328/638: $21\bedrock_ea_decode_pkg_bedrock_decode_extended_ea$func$../build/yosys/bedrock_full_decode_sv2v.v:4223$1006.r[35:13]$1188 [10:8]
   329/638: $21\bedrock_ea_decode_pkg_bedrock_decode_extended_ea$func$../build/yosys/bedrock_full_decode_sv2v.v:4223$1006.r[35:13]$1188 [7:5]
   330/638: $3\bedrock_ea_decode_pkg_bedrock_ea_segment_decode$func$../build/yosys/bedrock_full_decode_sv2v.v:3837$1016.$result[2:0]$1190
   331/638: $3\bedrock_ea_decode_pkg_bedrock_ea_segment_decode$func$../build/yosys/bedrock_full_decode_sv2v.v:3837$1016.segment[2:0]$1191
   332/638: $20\bedrock_ea_decode_pkg_bedrock_decode_extended_ea$func$../build/yosys/bedrock_full_decode_sv2v.v:4223$1006.r[7:0]$1187 [7]
   333/638: $4\bedrock_ea_decode_pkg_bedrock_ea_segment_decode$func$../build/yosys/bedrock_full_decode_sv2v.v:3837$1016.$result[2:0]$1192
   334/638: $20\bedrock_ea_decode_pkg_bedrock_decode_extended_ea$func$../build/yosys/bedrock_full_decode_sv2v.v:4223$1006.r[7:0]$1187 [2:0]
   335/638: $20\bedrock_ea_decode_pkg_bedrock_decode_extended_ea$func$../build/yosys/bedrock_full_decode_sv2v.v:4223$1006.r[7:0]$1187 [5:3]
   336/638: $20\bedrock_ea_decode_pkg_bedrock_decode_extended_ea$func$../build/yosys/bedrock_full_decode_sv2v.v:4223$1006.r[7:0]$1187 [6]
   337/638: $21\bedrock_ea_decode_pkg_bedrock_decode_extended_ea$func$../build/yosys/bedrock_full_decode_sv2v.v:4223$1006.r[35:13]$1188 [2:0]
   338/638: $21\bedrock_ea_decode_pkg_bedrock_decode_extended_ea$func$../build/yosys/bedrock_full_decode_sv2v.v:4223$1006.r[35:13]$1188 [3]
   339/638: $21\bedrock_ea_decode_pkg_bedrock_decode_extended_ea$func$../build/yosys/bedrock_full_decode_sv2v.v:4223$1006.r[35:13]$1188 [4]
   340/638: $21\bedrock_ea_decode_pkg_bedrock_decode_extended_ea$func$../build/yosys/bedrock_full_decode_sv2v.v:4223$1006.r[35:13]$1188 [11]
   341/638: $21\bedrock_ea_decode_pkg_bedrock_decode_extended_ea$func$../build/yosys/bedrock_full_decode_sv2v.v:4223$1006.r[35:13]$1188 [12]
   342/638: $21\bedrock_ea_decode_pkg_bedrock_decode_extended_ea$func$../build/yosys/bedrock_full_decode_sv2v.v:4223$1006.r[35:13]$1188 [13]
   343/638: $21\bedrock_ea_decode_pkg_bedrock_decode_extended_ea$func$../build/yosys/bedrock_full_decode_sv2v.v:4223$1006.r[35:13]$1188 [14]
   344/638: $21\bedrock_ea_decode_pkg_bedrock_decode_extended_ea$func$../build/yosys/bedrock_full_decode_sv2v.v:4223$1006.r[35:13]$1188 [15]
   345/638: $21\bedrock_ea_decode_pkg_bedrock_decode_extended_ea$func$../build/yosys/bedrock_full_decode_sv2v.v:4223$1006.r[35:13]$1188 [16]
   346/638: $22\bedrock_ea_decode_pkg_bedrock_decode_extended_ea$func$../build/yosys/bedrock_full_decode_sv2v.v:4223$1006.r[39:38]$1189 [1]
   347/638: $22\bedrock_ea_decode_pkg_bedrock_decode_extended_ea$func$../build/yosys/bedrock_full_decode_sv2v.v:4223$1006.r[39:38]$1189 [0]
   348/638: $24\bedrock_ea_decode_pkg_bedrock_decode_extended_ea$func$../build/yosys/bedrock_full_decode_sv2v.v:4223$1006.r[35:13]$1195 [22:17]
   349/638: $30\bedrock_ea_decode_pkg_bedrock_decode_extended_ea$func$../build/yosys/bedrock_full_decode_sv2v.v:4223$1006.r[35:16]$1209 [19:14]
   350/638: $21\bedrock_ea_decode_pkg_bedrock_decode_extended_ea$func$../build/yosys/bedrock_full_decode_sv2v.v:4223$1006.r[35:13]$1188 [22:17]
   351/638: $33\bedrock_ea_decode_pkg_bedrock_decode_extended_ea$func$../build/yosys/bedrock_full_decode_sv2v.v:4223$1006.r[35:16]$1216 [19:14]
   352/638: $18\bedrock_ea_decode_pkg_bedrock_decode_extended_ea$func$../build/yosys/bedrock_full_decode_sv2v.v:4223$1006.r[36:0]$1181 [23:21]
   353/638: $18\bedrock_ea_decode_pkg_bedrock_decode_extended_ea$func$../build/yosys/bedrock_full_decode_sv2v.v:4223$1006.r[36:0]$1181 [20:18]
   354/638: $4\bedrock_ea_decode_pkg_bedrock_ea_segment_decode$func$../build/yosys/bedrock_full_decode_sv2v.v:3814$1015.$result[2:0]$1183
   355/638: $4\bedrock_ea_decode_pkg_bedrock_ea_segment_decode$func$../build/yosys/bedrock_full_decode_sv2v.v:3814$1015.segment[2:0]$1184
   356/638: $18\bedrock_ea_decode_pkg_bedrock_decode_extended_ea$func$../build/yosys/bedrock_full_decode_sv2v.v:4223$1006.r[36:0]$1181 [35:30]
   357/638: $18\bedrock_ea_decode_pkg_bedrock_decode_extended_ea$func$../build/yosys/bedrock_full_decode_sv2v.v:4223$1006.r[36:0]$1181 [7]
   358/638: $18\bedrock_ea_decode_pkg_bedrock_decode_extended_ea$func$../build/yosys/bedrock_full_decode_sv2v.v:4223$1006.r[36:0]$1181 [9:8]
   359/638: $18\bedrock_ea_decode_pkg_bedrock_decode_extended_ea$func$../build/yosys/bedrock_full_decode_sv2v.v:4223$1006.r[36:0]$1181 [12:10]
   360/638: $5\bedrock_ea_decode_pkg_bedrock_ea_segment_decode$func$../build/yosys/bedrock_full_decode_sv2v.v:3814$1015.$result[2:0]$1185
   361/638: $18\bedrock_ea_decode_pkg_bedrock_decode_extended_ea$func$../build/yosys/bedrock_full_decode_sv2v.v:4223$1006.r[36:0]$1181 [2:0]
   362/638: $18\bedrock_ea_decode_pkg_bedrock_decode_extended_ea$func$../build/yosys/bedrock_full_decode_sv2v.v:4223$1006.r[36:0]$1181 [5:3]
   363/638: $18\bedrock_ea_decode_pkg_bedrock_decode_extended_ea$func$../build/yosys/bedrock_full_decode_sv2v.v:4223$1006.r[36:0]$1181 [6]
   364/638: $18\bedrock_ea_decode_pkg_bedrock_decode_extended_ea$func$../build/yosys/bedrock_full_decode_sv2v.v:4223$1006.r[36:0]$1181 [15:13]
   365/638: $18\bedrock_ea_decode_pkg_bedrock_decode_extended_ea$func$../build/yosys/bedrock_full_decode_sv2v.v:4223$1006.r[36:0]$1181 [16]
   366/638: $18\bedrock_ea_decode_pkg_bedrock_decode_extended_ea$func$../build/yosys/bedrock_full_decode_sv2v.v:4223$1006.r[36:0]$1181 [17]
   367/638: $18\bedrock_ea_decode_pkg_bedrock_decode_extended_ea$func$../build/yosys/bedrock_full_decode_sv2v.v:4223$1006.r[36:0]$1181 [24]
   368/638: $18\bedrock_ea_decode_pkg_bedrock_decode_extended_ea$func$../build/yosys/bedrock_full_decode_sv2v.v:4223$1006.r[36:0]$1181 [25]
   369/638: $18\bedrock_ea_decode_pkg_bedrock_decode_extended_ea$func$../build/yosys/bedrock_full_decode_sv2v.v:4223$1006.r[36:0]$1181 [26]
   370/638: $18\bedrock_ea_decode_pkg_bedrock_decode_extended_ea$func$../build/yosys/bedrock_full_decode_sv2v.v:4223$1006.r[36:0]$1181 [27]
   371/638: $18\bedrock_ea_decode_pkg_bedrock_decode_extended_ea$func$../build/yosys/bedrock_full_decode_sv2v.v:4223$1006.r[36:0]$1181 [28]
   372/638: $18\bedrock_ea_decode_pkg_bedrock_decode_extended_ea$func$../build/yosys/bedrock_full_decode_sv2v.v:4223$1006.r[36:0]$1181 [29]
   373/638: $19\bedrock_ea_decode_pkg_bedrock_decode_extended_ea$func$../build/yosys/bedrock_full_decode_sv2v.v:4223$1006.r[39:38]$1182 [1]
   374/638: $19\bedrock_ea_decode_pkg_bedrock_decode_extended_ea$func$../build/yosys/bedrock_full_decode_sv2v.v:4223$1006.r[39:38]$1182 [0]
   375/638: $17\bedrock_ea_decode_pkg_bedrock_decode_extended_ea$func$../build/yosys/bedrock_full_decode_sv2v.v:4223$1006.r[39:38]$1175 [1]
   376/638: $16\bedrock_ea_decode_pkg_bedrock_decode_extended_ea$func$../build/yosys/bedrock_full_decode_sv2v.v:4223$1006.r[36:0]$1174 [23:21]
   377/638: $16\bedrock_ea_decode_pkg_bedrock_decode_extended_ea$func$../build/yosys/bedrock_full_decode_sv2v.v:4223$1006.r[36:0]$1174 [20:18]
   378/638: $3\bedrock_ea_decode_pkg_bedrock_ea_segment_decode$func$../build/yosys/bedrock_full_decode_sv2v.v:3791$1014.$result[2:0]$1176
   379/638: $3\bedrock_ea_decode_pkg_bedrock_ea_segment_decode$func$../build/yosys/bedrock_full_decode_sv2v.v:3791$1014.segment[2:0]$1177
   380/638: $16\bedrock_ea_decode_pkg_bedrock_decode_extended_ea$func$../build/yosys/bedrock_full_decode_sv2v.v:4223$1006.r[36:0]$1174 [7]
   381/638: $16\bedrock_ea_decode_pkg_bedrock_decode_extended_ea$func$../build/yosys/bedrock_full_decode_sv2v.v:4223$1006.r[36:0]$1174 [9:8]
   382/638: $16\bedrock_ea_decode_pkg_bedrock_decode_extended_ea$func$../build/yosys/bedrock_full_decode_sv2v.v:4223$1006.r[36:0]$1174 [12:10]
   383/638: $4\bedrock_ea_decode_pkg_bedrock_ea_segment_decode$func$../build/yosys/bedrock_full_decode_sv2v.v:3791$1014.$result[2:0]$1180
   384/638: $16\bedrock_ea_decode_pkg_bedrock_decode_extended_ea$func$../build/yosys/bedrock_full_decode_sv2v.v:4223$1006.r[36:0]$1174 [2:0]
   385/638: $16\bedrock_ea_decode_pkg_bedrock_decode_extended_ea$func$../build/yosys/bedrock_full_decode_sv2v.v:4223$1006.r[36:0]$1174 [5:3]
   386/638: $16\bedrock_ea_decode_pkg_bedrock_decode_extended_ea$func$../build/yosys/bedrock_full_decode_sv2v.v:4223$1006.r[36:0]$1174 [6]
   387/638: $16\bedrock_ea_decode_pkg_bedrock_decode_extended_ea$func$../build/yosys/bedrock_full_decode_sv2v.v:4223$1006.r[36:0]$1174 [15:13]
   388/638: $16\bedrock_ea_decode_pkg_bedrock_decode_extended_ea$func$../build/yosys/bedrock_full_decode_sv2v.v:4223$1006.r[36:0]$1174 [16]
   389/638: $16\bedrock_ea_decode_pkg_bedrock_decode_extended_ea$func$../build/yosys/bedrock_full_decode_sv2v.v:4223$1006.r[36:0]$1174 [17]
   390/638: $16\bedrock_ea_decode_pkg_bedrock_decode_extended_ea$func$../build/yosys/bedrock_full_decode_sv2v.v:4223$1006.r[36:0]$1174 [24]
   391/638: $16\bedrock_ea_decode_pkg_bedrock_decode_extended_ea$func$../build/yosys/bedrock_full_decode_sv2v.v:4223$1006.r[36:0]$1174 [25]
   392/638: $16\bedrock_ea_decode_pkg_bedrock_decode_extended_ea$func$../build/yosys/bedrock_full_decode_sv2v.v:4223$1006.r[36:0]$1174 [26]
   393/638: $16\bedrock_ea_decode_pkg_bedrock_decode_extended_ea$func$../build/yosys/bedrock_full_decode_sv2v.v:4223$1006.r[36:0]$1174 [27]
   394/638: $16\bedrock_ea_decode_pkg_bedrock_decode_extended_ea$func$../build/yosys/bedrock_full_decode_sv2v.v:4223$1006.r[36:0]$1174 [28]
   395/638: $16\bedrock_ea_decode_pkg_bedrock_decode_extended_ea$func$../build/yosys/bedrock_full_decode_sv2v.v:4223$1006.r[36:0]$1174 [29]
   396/638: $17\bedrock_ea_decode_pkg_bedrock_decode_extended_ea$func$../build/yosys/bedrock_full_decode_sv2v.v:4223$1006.r[39:38]$1175 [0]
   397/638: $3\bedrock_ea_decode_pkg_bedrock_ea_segment_decode$func$../build/yosys/bedrock_full_decode_sv2v.v:3814$1015.segment[2:0]$1179
   398/638: $3\bedrock_ea_decode_pkg_bedrock_ea_segment_decode$func$../build/yosys/bedrock_full_decode_sv2v.v:3814$1015.$result[2:0]$1178
   399/638: $16\bedrock_ea_decode_pkg_bedrock_decode_extended_ea$func$../build/yosys/bedrock_full_decode_sv2v.v:4223$1006.r[36:0]$1174 [36]
   400/638: $16\bedrock_ea_decode_pkg_bedrock_decode_extended_ea$func$../build/yosys/bedrock_full_decode_sv2v.v:4223$1006.r[36:0]$1174 [35:30]
   401/638: $14\bedrock_ea_decode_pkg_bedrock_decode_extended_ea$func$../build/yosys/bedrock_full_decode_sv2v.v:4223$1006.r[36:0]$1168 [36]
   402/638: $14\bedrock_ea_decode_pkg_bedrock_decode_extended_ea$func$../build/yosys/bedrock_full_decode_sv2v.v:4223$1006.r[36:0]$1168 [23:21]
   403/638: $14\bedrock_ea_decode_pkg_bedrock_decode_extended_ea$func$../build/yosys/bedrock_full_decode_sv2v.v:4223$1006.r[36:0]$1168 [20:18]
   404/638: $4\bedrock_ea_decode_pkg_bedrock_ea_segment_decode$func$../build/yosys/bedrock_full_decode_sv2v.v:3766$1013.$result[2:0]$1170
   405/638: $4\bedrock_ea_decode_pkg_bedrock_ea_segment_decode$func$../build/yosys/bedrock_full_decode_sv2v.v:3766$1013.segment[2:0]$1171
   406/638: $14\bedrock_ea_decode_pkg_bedrock_decode_extended_ea$func$../build/yosys/bedrock_full_decode_sv2v.v:4223$1006.r[36:0]$1168 [35:30]
   407/638: $14\bedrock_ea_decode_pkg_bedrock_decode_extended_ea$func$../build/yosys/bedrock_full_decode_sv2v.v:4223$1006.r[36:0]$1168 [7]
   408/638: $14\bedrock_ea_decode_pkg_bedrock_decode_extended_ea$func$../build/yosys/bedrock_full_decode_sv2v.v:4223$1006.r[36:0]$1168 [9:8]
   409/638: $14\bedrock_ea_decode_pkg_bedrock_decode_extended_ea$func$../build/yosys/bedrock_full_decode_sv2v.v:4223$1006.r[36:0]$1168 [12:10]
   410/638: $5\bedrock_ea_decode_pkg_bedrock_ea_segment_decode$func$../build/yosys/bedrock_full_decode_sv2v.v:3766$1013.$result[2:0]$1172
   411/638: $14\bedrock_ea_decode_pkg_bedrock_decode_extended_ea$func$../build/yosys/bedrock_full_decode_sv2v.v:4223$1006.r[36:0]$1168 [2:0]
   412/638: $14\bedrock_ea_decode_pkg_bedrock_decode_extended_ea$func$../build/yosys/bedrock_full_decode_sv2v.v:4223$1006.r[36:0]$1168 [5:3]
   413/638: $14\bedrock_ea_decode_pkg_bedrock_decode_extended_ea$func$../build/yosys/bedrock_full_decode_sv2v.v:4223$1006.r[36:0]$1168 [6]
   414/638: $14\bedrock_ea_decode_pkg_bedrock_decode_extended_ea$func$../build/yosys/bedrock_full_decode_sv2v.v:4223$1006.r[36:0]$1168 [15:13]
   415/638: $14\bedrock_ea_decode_pkg_bedrock_decode_extended_ea$func$../build/yosys/bedrock_full_decode_sv2v.v:4223$1006.r[36:0]$1168 [16]
   416/638: $14\bedrock_ea_decode_pkg_bedrock_decode_extended_ea$func$../build/yosys/bedrock_full_decode_sv2v.v:4223$1006.r[36:0]$1168 [17]
   417/638: $14\bedrock_ea_decode_pkg_bedrock_decode_extended_ea$func$../build/yosys/bedrock_full_decode_sv2v.v:4223$1006.r[36:0]$1168 [24]
   418/638: $14\bedrock_ea_decode_pkg_bedrock_decode_extended_ea$func$../build/yosys/bedrock_full_decode_sv2v.v:4223$1006.r[36:0]$1168 [25]
   419/638: $14\bedrock_ea_decode_pkg_bedrock_decode_extended_ea$func$../build/yosys/bedrock_full_decode_sv2v.v:4223$1006.r[36:0]$1168 [26]
   420/638: $14\bedrock_ea_decode_pkg_bedrock_decode_extended_ea$func$../build/yosys/bedrock_full_decode_sv2v.v:4223$1006.r[36:0]$1168 [27]
   421/638: $14\bedrock_ea_decode_pkg_bedrock_decode_extended_ea$func$../build/yosys/bedrock_full_decode_sv2v.v:4223$1006.r[36:0]$1168 [28]
   422/638: $14\bedrock_ea_decode_pkg_bedrock_decode_extended_ea$func$../build/yosys/bedrock_full_decode_sv2v.v:4223$1006.r[36:0]$1168 [29]
   423/638: $15\bedrock_ea_decode_pkg_bedrock_decode_extended_ea$func$../build/yosys/bedrock_full_decode_sv2v.v:4223$1006.r[39:38]$1169 [1]
   424/638: $15\bedrock_ea_decode_pkg_bedrock_decode_extended_ea$func$../build/yosys/bedrock_full_decode_sv2v.v:4223$1006.r[39:38]$1169 [0]
   425/638: $13\bedrock_ea_decode_pkg_bedrock_decode_extended_ea$func$../build/yosys/bedrock_full_decode_sv2v.v:4223$1006.r[39:38]$1162 [1]
   426/638: $12\bedrock_ea_decode_pkg_bedrock_decode_extended_ea$func$../build/yosys/bedrock_full_decode_sv2v.v:4223$1006.r[36:0]$1161 [23:21]
   427/638: $12\bedrock_ea_decode_pkg_bedrock_decode_extended_ea$func$../build/yosys/bedrock_full_decode_sv2v.v:4223$1006.r[36:0]$1161 [20:18]
   428/638: $3\bedrock_ea_decode_pkg_bedrock_ea_segment_decode$func$../build/yosys/bedrock_full_decode_sv2v.v:3743$1012.$result[2:0]$1163
   429/638: $3\bedrock_ea_decode_pkg_bedrock_ea_segment_decode$func$../build/yosys/bedrock_full_decode_sv2v.v:3743$1012.segment[2:0]$1164
   430/638: $12\bedrock_ea_decode_pkg_bedrock_decode_extended_ea$func$../build/yosys/bedrock_full_decode_sv2v.v:4223$1006.r[36:0]$1161 [7]
   431/638: $12\bedrock_ea_decode_pkg_bedrock_decode_extended_ea$func$../build/yosys/bedrock_full_decode_sv2v.v:4223$1006.r[36:0]$1161 [9:8]
   432/638: $12\bedrock_ea_decode_pkg_bedrock_decode_extended_ea$func$../build/yosys/bedrock_full_decode_sv2v.v:4223$1006.r[36:0]$1161 [12:10]
   433/638: $4\bedrock_ea_decode_pkg_bedrock_ea_segment_decode$func$../build/yosys/bedrock_full_decode_sv2v.v:3743$1012.$result[2:0]$1167
   434/638: $12\bedrock_ea_decode_pkg_bedrock_decode_extended_ea$func$../build/yosys/bedrock_full_decode_sv2v.v:4223$1006.r[36:0]$1161 [2:0]
   435/638: $12\bedrock_ea_decode_pkg_bedrock_decode_extended_ea$func$../build/yosys/bedrock_full_decode_sv2v.v:4223$1006.r[36:0]$1161 [5:3]
   436/638: $12\bedrock_ea_decode_pkg_bedrock_decode_extended_ea$func$../build/yosys/bedrock_full_decode_sv2v.v:4223$1006.r[36:0]$1161 [6]
   437/638: $12\bedrock_ea_decode_pkg_bedrock_decode_extended_ea$func$../build/yosys/bedrock_full_decode_sv2v.v:4223$1006.r[36:0]$1161 [15:13]
   438/638: $12\bedrock_ea_decode_pkg_bedrock_decode_extended_ea$func$../build/yosys/bedrock_full_decode_sv2v.v:4223$1006.r[36:0]$1161 [16]
   439/638: $12\bedrock_ea_decode_pkg_bedrock_decode_extended_ea$func$../build/yosys/bedrock_full_decode_sv2v.v:4223$1006.r[36:0]$1161 [17]
   440/638: $12\bedrock_ea_decode_pkg_bedrock_decode_extended_ea$func$../build/yosys/bedrock_full_decode_sv2v.v:4223$1006.r[36:0]$1161 [24]
   441/638: $12\bedrock_ea_decode_pkg_bedrock_decode_extended_ea$func$../build/yosys/bedrock_full_decode_sv2v.v:4223$1006.r[36:0]$1161 [25]
   442/638: $12\bedrock_ea_decode_pkg_bedrock_decode_extended_ea$func$../build/yosys/bedrock_full_decode_sv2v.v:4223$1006.r[36:0]$1161 [26]
   443/638: $12\bedrock_ea_decode_pkg_bedrock_decode_extended_ea$func$../build/yosys/bedrock_full_decode_sv2v.v:4223$1006.r[36:0]$1161 [27]
   444/638: $12\bedrock_ea_decode_pkg_bedrock_decode_extended_ea$func$../build/yosys/bedrock_full_decode_sv2v.v:4223$1006.r[36:0]$1161 [28]
   445/638: $12\bedrock_ea_decode_pkg_bedrock_decode_extended_ea$func$../build/yosys/bedrock_full_decode_sv2v.v:4223$1006.r[36:0]$1161 [29]
   446/638: $13\bedrock_ea_decode_pkg_bedrock_decode_extended_ea$func$../build/yosys/bedrock_full_decode_sv2v.v:4223$1006.r[39:38]$1162 [0]
   447/638: $3\bedrock_ea_decode_pkg_bedrock_ea_segment_decode$func$../build/yosys/bedrock_full_decode_sv2v.v:3766$1013.segment[2:0]$1166
   448/638: $3\bedrock_ea_decode_pkg_bedrock_ea_segment_decode$func$../build/yosys/bedrock_full_decode_sv2v.v:3766$1013.$result[2:0]$1165
   449/638: $12\bedrock_ea_decode_pkg_bedrock_decode_extended_ea$func$../build/yosys/bedrock_full_decode_sv2v.v:4223$1006.r[36:0]$1161 [36]
   450/638: $12\bedrock_ea_decode_pkg_bedrock_decode_extended_ea$func$../build/yosys/bedrock_full_decode_sv2v.v:4223$1006.r[36:0]$1161 [35:30]
   451/638: $10\bedrock_ea_decode_pkg_bedrock_decode_extended_ea$func$../build/yosys/bedrock_full_decode_sv2v.v:4223$1006.r[36:0]$1155 [36]
   452/638: $10\bedrock_ea_decode_pkg_bedrock_decode_extended_ea$func$../build/yosys/bedrock_full_decode_sv2v.v:4223$1006.r[36:0]$1155 [23:21]
   453/638: $10\bedrock_ea_decode_pkg_bedrock_decode_extended_ea$func$../build/yosys/bedrock_full_decode_sv2v.v:4223$1006.r[36:0]$1155 [20:18]
   454/638: $4\bedrock_ea_decode_pkg_bedrock_ea_segment_decode$func$../build/yosys/bedrock_full_decode_sv2v.v:3718$1011.$result[2:0]$1157
   455/638: $4\bedrock_ea_decode_pkg_bedrock_ea_segment_decode$func$../build/yosys/bedrock_full_decode_sv2v.v:3718$1011.segment[2:0]$1158
   456/638: $10\bedrock_ea_decode_pkg_bedrock_decode_extended_ea$func$../build/yosys/bedrock_full_decode_sv2v.v:4223$1006.r[36:0]$1155 [35:30]
   457/638: $10\bedrock_ea_decode_pkg_bedrock_decode_extended_ea$func$../build/yosys/bedrock_full_decode_sv2v.v:4223$1006.r[36:0]$1155 [7]
   458/638: $10\bedrock_ea_decode_pkg_bedrock_decode_extended_ea$func$../build/yosys/bedrock_full_decode_sv2v.v:4223$1006.r[36:0]$1155 [9:8]
   459/638: $10\bedrock_ea_decode_pkg_bedrock_decode_extended_ea$func$../build/yosys/bedrock_full_decode_sv2v.v:4223$1006.r[36:0]$1155 [12:10]
   460/638: $5\bedrock_ea_decode_pkg_bedrock_ea_segment_decode$func$../build/yosys/bedrock_full_decode_sv2v.v:3718$1011.$result[2:0]$1159
   461/638: $10\bedrock_ea_decode_pkg_bedrock_decode_extended_ea$func$../build/yosys/bedrock_full_decode_sv2v.v:4223$1006.r[36:0]$1155 [2:0]
   462/638: $10\bedrock_ea_decode_pkg_bedrock_decode_extended_ea$func$../build/yosys/bedrock_full_decode_sv2v.v:4223$1006.r[36:0]$1155 [5:3]
   463/638: $10\bedrock_ea_decode_pkg_bedrock_decode_extended_ea$func$../build/yosys/bedrock_full_decode_sv2v.v:4223$1006.r[36:0]$1155 [6]
   464/638: $10\bedrock_ea_decode_pkg_bedrock_decode_extended_ea$func$../build/yosys/bedrock_full_decode_sv2v.v:4223$1006.r[36:0]$1155 [15:13]
   465/638: $10\bedrock_ea_decode_pkg_bedrock_decode_extended_ea$func$../build/yosys/bedrock_full_decode_sv2v.v:4223$1006.r[36:0]$1155 [16]
   466/638: $10\bedrock_ea_decode_pkg_bedrock_decode_extended_ea$func$../build/yosys/bedrock_full_decode_sv2v.v:4223$1006.r[36:0]$1155 [17]
   467/638: $10\bedrock_ea_decode_pkg_bedrock_decode_extended_ea$func$../build/yosys/bedrock_full_decode_sv2v.v:4223$1006.r[36:0]$1155 [24]
   468/638: $10\bedrock_ea_decode_pkg_bedrock_decode_extended_ea$func$../build/yosys/bedrock_full_decode_sv2v.v:4223$1006.r[36:0]$1155 [25]
   469/638: $10\bedrock_ea_decode_pkg_bedrock_decode_extended_ea$func$../build/yosys/bedrock_full_decode_sv2v.v:4223$1006.r[36:0]$1155 [26]
   470/638: $10\bedrock_ea_decode_pkg_bedrock_decode_extended_ea$func$../build/yosys/bedrock_full_decode_sv2v.v:4223$1006.r[36:0]$1155 [27]
   471/638: $10\bedrock_ea_decode_pkg_bedrock_decode_extended_ea$func$../build/yosys/bedrock_full_decode_sv2v.v:4223$1006.r[36:0]$1155 [28]
   472/638: $10\bedrock_ea_decode_pkg_bedrock_decode_extended_ea$func$../build/yosys/bedrock_full_decode_sv2v.v:4223$1006.r[36:0]$1155 [29]
   473/638: $11\bedrock_ea_decode_pkg_bedrock_decode_extended_ea$func$../build/yosys/bedrock_full_decode_sv2v.v:4223$1006.r[39:38]$1156 [1]
   474/638: $11\bedrock_ea_decode_pkg_bedrock_decode_extended_ea$func$../build/yosys/bedrock_full_decode_sv2v.v:4223$1006.r[39:38]$1156 [0]
   475/638: $9\bedrock_ea_decode_pkg_bedrock_decode_extended_ea$func$../build/yosys/bedrock_full_decode_sv2v.v:4223$1006.r[39:38]$1149 [1]
   476/638: $8\bedrock_ea_decode_pkg_bedrock_decode_extended_ea$func$../build/yosys/bedrock_full_decode_sv2v.v:4223$1006.r[36:0]$1148 [23:21]
   477/638: $8\bedrock_ea_decode_pkg_bedrock_decode_extended_ea$func$../build/yosys/bedrock_full_decode_sv2v.v:4223$1006.r[36:0]$1148 [20:18]
   478/638: $3\bedrock_ea_decode_pkg_bedrock_ea_segment_decode$func$../build/yosys/bedrock_full_decode_sv2v.v:3695$1010.$result[2:0]$1150
   479/638: $3\bedrock_ea_decode_pkg_bedrock_ea_segment_decode$func$../build/yosys/bedrock_full_decode_sv2v.v:3695$1010.segment[2:0]$1151
   480/638: $8\bedrock_ea_decode_pkg_bedrock_decode_extended_ea$func$../build/yosys/bedrock_full_decode_sv2v.v:4223$1006.r[36:0]$1148 [7]
   481/638: $8\bedrock_ea_decode_pkg_bedrock_decode_extended_ea$func$../build/yosys/bedrock_full_decode_sv2v.v:4223$1006.r[36:0]$1148 [9:8]
   482/638: $8\bedrock_ea_decode_pkg_bedrock_decode_extended_ea$func$../build/yosys/bedrock_full_decode_sv2v.v:4223$1006.r[36:0]$1148 [12:10]
   483/638: $4\bedrock_ea_decode_pkg_bedrock_ea_segment_decode$func$../build/yosys/bedrock_full_decode_sv2v.v:3695$1010.$result[2:0]$1154
   484/638: $8\bedrock_ea_decode_pkg_bedrock_decode_extended_ea$func$../build/yosys/bedrock_full_decode_sv2v.v:4223$1006.r[36:0]$1148 [2:0]
   485/638: $8\bedrock_ea_decode_pkg_bedrock_decode_extended_ea$func$../build/yosys/bedrock_full_decode_sv2v.v:4223$1006.r[36:0]$1148 [5:3]
   486/638: $8\bedrock_ea_decode_pkg_bedrock_decode_extended_ea$func$../build/yosys/bedrock_full_decode_sv2v.v:4223$1006.r[36:0]$1148 [6]
   487/638: $8\bedrock_ea_decode_pkg_bedrock_decode_extended_ea$func$../build/yosys/bedrock_full_decode_sv2v.v:4223$1006.r[36:0]$1148 [15:13]
   488/638: $8\bedrock_ea_decode_pkg_bedrock_decode_extended_ea$func$../build/yosys/bedrock_full_decode_sv2v.v:4223$1006.r[36:0]$1148 [16]
   489/638: $8\bedrock_ea_decode_pkg_bedrock_decode_extended_ea$func$../build/yosys/bedrock_full_decode_sv2v.v:4223$1006.r[36:0]$1148 [17]
   490/638: $8\bedrock_ea_decode_pkg_bedrock_decode_extended_ea$func$../build/yosys/bedrock_full_decode_sv2v.v:4223$1006.r[36:0]$1148 [24]
   491/638: $8\bedrock_ea_decode_pkg_bedrock_decode_extended_ea$func$../build/yosys/bedrock_full_decode_sv2v.v:4223$1006.r[36:0]$1148 [25]
   492/638: $8\bedrock_ea_decode_pkg_bedrock_decode_extended_ea$func$../build/yosys/bedrock_full_decode_sv2v.v:4223$1006.r[36:0]$1148 [26]
   493/638: $8\bedrock_ea_decode_pkg_bedrock_decode_extended_ea$func$../build/yosys/bedrock_full_decode_sv2v.v:4223$1006.r[36:0]$1148 [27]
   494/638: $8\bedrock_ea_decode_pkg_bedrock_decode_extended_ea$func$../build/yosys/bedrock_full_decode_sv2v.v:4223$1006.r[36:0]$1148 [28]
   495/638: $8\bedrock_ea_decode_pkg_bedrock_decode_extended_ea$func$../build/yosys/bedrock_full_decode_sv2v.v:4223$1006.r[36:0]$1148 [29]
   496/638: $9\bedrock_ea_decode_pkg_bedrock_decode_extended_ea$func$../build/yosys/bedrock_full_decode_sv2v.v:4223$1006.r[39:38]$1149 [0]
   497/638: $3\bedrock_ea_decode_pkg_bedrock_ea_segment_decode$func$../build/yosys/bedrock_full_decode_sv2v.v:3718$1011.segment[2:0]$1153
   498/638: $3\bedrock_ea_decode_pkg_bedrock_ea_segment_decode$func$../build/yosys/bedrock_full_decode_sv2v.v:3718$1011.$result[2:0]$1152
   499/638: $8\bedrock_ea_decode_pkg_bedrock_decode_extended_ea$func$../build/yosys/bedrock_full_decode_sv2v.v:4223$1006.r[36:0]$1148 [36]
   500/638: $8\bedrock_ea_decode_pkg_bedrock_decode_extended_ea$func$../build/yosys/bedrock_full_decode_sv2v.v:4223$1006.r[36:0]$1148 [35:30]
   501/638: $6\bedrock_ea_decode_pkg_bedrock_decode_extended_ea$func$../build/yosys/bedrock_full_decode_sv2v.v:4223$1006.r[36:0]$1142 [36]
   502/638: $6\bedrock_ea_decode_pkg_bedrock_decode_extended_ea$func$../build/yosys/bedrock_full_decode_sv2v.v:4223$1006.r[36:0]$1142 [23:21]
   503/638: $6\bedrock_ea_decode_pkg_bedrock_decode_extended_ea$func$../build/yosys/bedrock_full_decode_sv2v.v:4223$1006.r[36:0]$1142 [20:18]
   504/638: $4\bedrock_ea_decode_pkg_bedrock_ea_segment_decode$func$../build/yosys/bedrock_full_decode_sv2v.v:3670$1009.$result[2:0]$1144
   505/638: $4\bedrock_ea_decode_pkg_bedrock_ea_segment_decode$func$../build/yosys/bedrock_full_decode_sv2v.v:3670$1009.segment[2:0]$1145
   506/638: $6\bedrock_ea_decode_pkg_bedrock_decode_extended_ea$func$../build/yosys/bedrock_full_decode_sv2v.v:4223$1006.r[36:0]$1142 [35:30]
   507/638: $6\bedrock_ea_decode_pkg_bedrock_decode_extended_ea$func$../build/yosys/bedrock_full_decode_sv2v.v:4223$1006.r[36:0]$1142 [7]
   508/638: $6\bedrock_ea_decode_pkg_bedrock_decode_extended_ea$func$../build/yosys/bedrock_full_decode_sv2v.v:4223$1006.r[36:0]$1142 [9:8]
   509/638: $6\bedrock_ea_decode_pkg_bedrock_decode_extended_ea$func$../build/yosys/bedrock_full_decode_sv2v.v:4223$1006.r[36:0]$1142 [12:10]
   510/638: $5\bedrock_ea_decode_pkg_bedrock_ea_segment_decode$func$../build/yosys/bedrock_full_decode_sv2v.v:3670$1009.$result[2:0]$1146
   511/638: $6\bedrock_ea_decode_pkg_bedrock_decode_extended_ea$func$../build/yosys/bedrock_full_decode_sv2v.v:4223$1006.r[36:0]$1142 [2:0]
   512/638: $6\bedrock_ea_decode_pkg_bedrock_decode_extended_ea$func$../build/yosys/bedrock_full_decode_sv2v.v:4223$1006.r[36:0]$1142 [5:3]
   513/638: $6\bedrock_ea_decode_pkg_bedrock_decode_extended_ea$func$../build/yosys/bedrock_full_decode_sv2v.v:4223$1006.r[36:0]$1142 [6]
   514/638: $6\bedrock_ea_decode_pkg_bedrock_decode_extended_ea$func$../build/yosys/bedrock_full_decode_sv2v.v:4223$1006.r[36:0]$1142 [15:13]
   515/638: $6\bedrock_ea_decode_pkg_bedrock_decode_extended_ea$func$../build/yosys/bedrock_full_decode_sv2v.v:4223$1006.r[36:0]$1142 [16]
   516/638: $6\bedrock_ea_decode_pkg_bedrock_decode_extended_ea$func$../build/yosys/bedrock_full_decode_sv2v.v:4223$1006.r[36:0]$1142 [17]
   517/638: $6\bedrock_ea_decode_pkg_bedrock_decode_extended_ea$func$../build/yosys/bedrock_full_decode_sv2v.v:4223$1006.r[36:0]$1142 [24]
   518/638: $6\bedrock_ea_decode_pkg_bedrock_decode_extended_ea$func$../build/yosys/bedrock_full_decode_sv2v.v:4223$1006.r[36:0]$1142 [25]
   519/638: $6\bedrock_ea_decode_pkg_bedrock_decode_extended_ea$func$../build/yosys/bedrock_full_decode_sv2v.v:4223$1006.r[36:0]$1142 [26]
   520/638: $6\bedrock_ea_decode_pkg_bedrock_decode_extended_ea$func$../build/yosys/bedrock_full_decode_sv2v.v:4223$1006.r[36:0]$1142 [27]
   521/638: $6\bedrock_ea_decode_pkg_bedrock_decode_extended_ea$func$../build/yosys/bedrock_full_decode_sv2v.v:4223$1006.r[36:0]$1142 [28]
   522/638: $6\bedrock_ea_decode_pkg_bedrock_decode_extended_ea$func$../build/yosys/bedrock_full_decode_sv2v.v:4223$1006.r[36:0]$1142 [29]
   523/638: $7\bedrock_ea_decode_pkg_bedrock_decode_extended_ea$func$../build/yosys/bedrock_full_decode_sv2v.v:4223$1006.r[39:38]$1143 [1]
   524/638: $7\bedrock_ea_decode_pkg_bedrock_decode_extended_ea$func$../build/yosys/bedrock_full_decode_sv2v.v:4223$1006.r[39:38]$1143 [0]
   525/638: $5\bedrock_ea_decode_pkg_bedrock_decode_extended_ea$func$../build/yosys/bedrock_full_decode_sv2v.v:4223$1006.r[39:38]$1136 [1]
   526/638: $4\bedrock_ea_decode_pkg_bedrock_decode_extended_ea$func$../build/yosys/bedrock_full_decode_sv2v.v:4223$1006.r[36:0]$1135 [23:21]
   527/638: $4\bedrock_ea_decode_pkg_bedrock_decode_extended_ea$func$../build/yosys/bedrock_full_decode_sv2v.v:4223$1006.r[36:0]$1135 [20:18]
   528/638: $3\bedrock_ea_decode_pkg_bedrock_ea_segment_decode$func$../build/yosys/bedrock_full_decode_sv2v.v:3647$1008.$result[2:0]$1137
   529/638: $3\bedrock_ea_decode_pkg_bedrock_ea_segment_decode$func$../build/yosys/bedrock_full_decode_sv2v.v:3647$1008.segment[2:0]$1138
   530/638: $4\bedrock_ea_decode_pkg_bedrock_decode_extended_ea$func$../build/yosys/bedrock_full_decode_sv2v.v:4223$1006.r[36:0]$1135 [7]
   531/638: $4\bedrock_ea_decode_pkg_bedrock_decode_extended_ea$func$../build/yosys/bedrock_full_decode_sv2v.v:4223$1006.r[36:0]$1135 [9:8]
   532/638: $4\bedrock_ea_decode_pkg_bedrock_decode_extended_ea$func$../build/yosys/bedrock_full_decode_sv2v.v:4223$1006.r[36:0]$1135 [12:10]
   533/638: $4\bedrock_ea_decode_pkg_bedrock_ea_segment_decode$func$../build/yosys/bedrock_full_decode_sv2v.v:3647$1008.$result[2:0]$1141
   534/638: $4\bedrock_ea_decode_pkg_bedrock_decode_extended_ea$func$../build/yosys/bedrock_full_decode_sv2v.v:4223$1006.r[36:0]$1135 [2:0]
   535/638: $4\bedrock_ea_decode_pkg_bedrock_decode_extended_ea$func$../build/yosys/bedrock_full_decode_sv2v.v:4223$1006.r[36:0]$1135 [5:3]
   536/638: $4\bedrock_ea_decode_pkg_bedrock_decode_extended_ea$func$../build/yosys/bedrock_full_decode_sv2v.v:4223$1006.r[36:0]$1135 [6]
   537/638: $4\bedrock_ea_decode_pkg_bedrock_decode_extended_ea$func$../build/yosys/bedrock_full_decode_sv2v.v:4223$1006.r[36:0]$1135 [15:13]
   538/638: $4\bedrock_ea_decode_pkg_bedrock_decode_extended_ea$func$../build/yosys/bedrock_full_decode_sv2v.v:4223$1006.r[36:0]$1135 [16]
   539/638: $4\bedrock_ea_decode_pkg_bedrock_decode_extended_ea$func$../build/yosys/bedrock_full_decode_sv2v.v:4223$1006.r[36:0]$1135 [17]
   540/638: $4\bedrock_ea_decode_pkg_bedrock_decode_extended_ea$func$../build/yosys/bedrock_full_decode_sv2v.v:4223$1006.r[36:0]$1135 [24]
   541/638: $4\bedrock_ea_decode_pkg_bedrock_decode_extended_ea$func$../build/yosys/bedrock_full_decode_sv2v.v:4223$1006.r[36:0]$1135 [25]
   542/638: $4\bedrock_ea_decode_pkg_bedrock_decode_extended_ea$func$../build/yosys/bedrock_full_decode_sv2v.v:4223$1006.r[36:0]$1135 [26]
   543/638: $4\bedrock_ea_decode_pkg_bedrock_decode_extended_ea$func$../build/yosys/bedrock_full_decode_sv2v.v:4223$1006.r[36:0]$1135 [27]
   544/638: $4\bedrock_ea_decode_pkg_bedrock_decode_extended_ea$func$../build/yosys/bedrock_full_decode_sv2v.v:4223$1006.r[36:0]$1135 [28]
   545/638: $4\bedrock_ea_decode_pkg_bedrock_decode_extended_ea$func$../build/yosys/bedrock_full_decode_sv2v.v:4223$1006.r[36:0]$1135 [29]
   546/638: $5\bedrock_ea_decode_pkg_bedrock_decode_extended_ea$func$../build/yosys/bedrock_full_decode_sv2v.v:4223$1006.r[39:38]$1136 [0]
   547/638: $3\bedrock_ea_decode_pkg_bedrock_ea_segment_decode$func$../build/yosys/bedrock_full_decode_sv2v.v:3670$1009.segment[2:0]$1140
   548/638: $3\bedrock_ea_decode_pkg_bedrock_ea_segment_decode$func$../build/yosys/bedrock_full_decode_sv2v.v:3670$1009.$result[2:0]$1139
   549/638: $4\bedrock_ea_decode_pkg_bedrock_decode_extended_ea$func$../build/yosys/bedrock_full_decode_sv2v.v:4223$1006.r[36:0]$1135 [36]
   550/638: $4\bedrock_ea_decode_pkg_bedrock_decode_extended_ea$func$../build/yosys/bedrock_full_decode_sv2v.v:4223$1006.r[36:0]$1135 [35:30]
   551/638: $2\bedrock_ea_decode_pkg_bedrock_ea_segment_decode$func$../build/yosys/bedrock_full_decode_sv2v.v:3670$1009.segment[2:0]$1111
   552/638: $2\bedrock_ea_decode_pkg_bedrock_ea_segment_decode$func$../build/yosys/bedrock_full_decode_sv2v.v:3670$1009.$result[2:0]$1110
   553/638: $2\bedrock_ea_decode_pkg_bedrock_ea_segment_decode$func$../build/yosys/bedrock_full_decode_sv2v.v:3647$1008.segment[2:0]$1109
   554/638: $2\bedrock_ea_decode_pkg_bedrock_ea_segment_decode$func$../build/yosys/bedrock_full_decode_sv2v.v:3647$1008.$result[2:0]$1108
   555/638: $2\bedrock_ea_decode_pkg_bedrock_decode_extended_ea$func$../build/yosys/bedrock_full_decode_sv2v.v:4223$1006.r[36:0]$1106 [36]
   556/638: $18\bedrock_ea_decode_pkg_bedrock_decode_extended_ea$func$../build/yosys/bedrock_full_decode_sv2v.v:4223$1006.r[36:0]$1181 [36]
   557/638: $2\bedrock_ea_decode_pkg_bedrock_ea_segment_decode$func$../build/yosys/bedrock_full_decode_sv2v.v:3927$1020.segment[2:0]$1133
   558/638: $2\bedrock_ea_decode_pkg_bedrock_ea_segment_decode$func$../build/yosys/bedrock_full_decode_sv2v.v:3927$1020.$result[2:0]$1132
   559/638: $2\bedrock_ea_decode_pkg_bedrock_ea_segment_decode$func$../build/yosys/bedrock_full_decode_sv2v.v:3905$1019.segment[2:0]$1131
   560/638: $2\bedrock_ea_decode_pkg_bedrock_ea_segment_decode$func$../build/yosys/bedrock_full_decode_sv2v.v:3905$1019.$result[2:0]$1130
   561/638: $2\bedrock_ea_decode_pkg_bedrock_ea_segment_decode$func$../build/yosys/bedrock_full_decode_sv2v.v:3883$1018.segment[2:0]$1129
   562/638: $2\bedrock_ea_decode_pkg_bedrock_ea_segment_decode$func$../build/yosys/bedrock_full_decode_sv2v.v:3883$1018.$result[2:0]$1128
   563/638: $2\bedrock_ea_decode_pkg_bedrock_ea_segment_decode$func$../build/yosys/bedrock_full_decode_sv2v.v:3860$1017.segment[2:0]$1127
   564/638: $2\bedrock_ea_decode_pkg_bedrock_ea_segment_decode$func$../build/yosys/bedrock_full_decode_sv2v.v:3860$1017.$result[2:0]$1126
   565/638: $2\bedrock_ea_decode_pkg_bedrock_ea_segment_decode$func$../build/yosys/bedrock_full_decode_sv2v.v:3837$1016.segment[2:0]$1125
   566/638: $2\bedrock_ea_decode_pkg_bedrock_ea_segment_decode$func$../build/yosys/bedrock_full_decode_sv2v.v:3837$1016.$result[2:0]$1124
   567/638: $2\bedrock_ea_decode_pkg_bedrock_ea_segment_decode$func$../build/yosys/bedrock_full_decode_sv2v.v:3814$1015.segment[2:0]$1123
   568/638: $2\bedrock_ea_decode_pkg_bedrock_ea_segment_decode$func$../build/yosys/bedrock_full_decode_sv2v.v:3814$1015.$result[2:0]$1122
   569/638: $2\bedrock_ea_decode_pkg_bedrock_ea_segment_decode$func$../build/yosys/bedrock_full_decode_sv2v.v:3791$1014.segment[2:0]$1121
   570/638: $2\bedrock_ea_decode_pkg_bedrock_ea_segment_decode$func$../build/yosys/bedrock_full_decode_sv2v.v:3791$1014.$result[2:0]$1120
   571/638: $2\bedrock_ea_decode_pkg_bedrock_ea_segment_decode$func$../build/yosys/bedrock_full_decode_sv2v.v:3766$1013.segment[2:0]$1119
   572/638: $2\bedrock_ea_decode_pkg_bedrock_ea_segment_decode$func$../build/yosys/bedrock_full_decode_sv2v.v:3766$1013.$result[2:0]$1118
   573/638: $2\bedrock_ea_decode_pkg_bedrock_ea_segment_decode$func$../build/yosys/bedrock_full_decode_sv2v.v:3743$1012.segment[2:0]$1117
   574/638: $2\bedrock_ea_decode_pkg_bedrock_ea_segment_decode$func$../build/yosys/bedrock_full_decode_sv2v.v:3743$1012.$result[2:0]$1116
   575/638: $2\bedrock_ea_decode_pkg_bedrock_ea_segment_decode$func$../build/yosys/bedrock_full_decode_sv2v.v:3718$1011.segment[2:0]$1115
   576/638: $2\bedrock_ea_decode_pkg_bedrock_ea_segment_decode$func$../build/yosys/bedrock_full_decode_sv2v.v:3718$1011.$result[2:0]$1114
   577/638: $2\bedrock_ea_decode_pkg_bedrock_ea_segment_decode$func$../build/yosys/bedrock_full_decode_sv2v.v:3695$1010.segment[2:0]$1113
   578/638: $2\bedrock_ea_decode_pkg_bedrock_ea_segment_decode$func$../build/yosys/bedrock_full_decode_sv2v.v:3695$1010.$result[2:0]$1112
   579/638: $2\bedrock_ea_decode_pkg_bedrock_ea_segment_decode$func$../build/yosys/bedrock_full_decode_sv2v.v:3623$1007.$result[2:0]$1105
   580/638: $1\bedrock_ea_decode_pkg_bedrock_decode_ea$func$../build/yosys/bedrock_full_decode_sv2v.v:4235$1004._sv2v_jump[1:0]$1069
   581/638: $1\bedrock_ea_decode_pkg_bedrock_decode_ea$func$../build/yosys/bedrock_full_decode_sv2v.v:4235$1004.$result[39:0]$1068
   582/638: $1\bedrock_ea_decode_pkg_bedrock_decode_extended_ea$func$../build/yosys/bedrock_full_decode_sv2v.v:4223$1006.$result[39:0]$1070
   583/638: $1\bedrock_ea_decode_pkg_bedrock_decode_extended_ea$func$../build/yosys/bedrock_full_decode_sv2v.v:4223$1006.r[39:0]$1073 [38]
   584/638: $1\bedrock_ea_decode_pkg_bedrock_ea_segment_decode$func$../build/yosys/bedrock_full_decode_sv2v.v:3927$1020.segment[2:0]$1104
   585/638: $1\bedrock_ea_decode_pkg_bedrock_ea_segment_decode$func$../build/yosys/bedrock_full_decode_sv2v.v:3927$1020.$result[2:0]$1103
   586/638: $1\bedrock_ea_decode_pkg_bedrock_ea_segment_decode$func$../build/yosys/bedrock_full_decode_sv2v.v:3905$1019.segment[2:0]$1102
   587/638: $1\bedrock_ea_decode_pkg_bedrock_ea_segment_decode$func$../build/yosys/bedrock_full_decode_sv2v.v:3905$1019.$result[2:0]$1101
   588/638: $1\bedrock_ea_decode_pkg_bedrock_ea_segment_decode$func$../build/yosys/bedrock_full_decode_sv2v.v:3883$1018.segment[2:0]$1100
   589/638: $1\bedrock_ea_decode_pkg_bedrock_ea_segment_decode$func$../build/yosys/bedrock_full_decode_sv2v.v:3883$1018.$result[2:0]$1099
   590/638: $1\bedrock_ea_decode_pkg_bedrock_ea_segment_decode$func$../build/yosys/bedrock_full_decode_sv2v.v:3860$1017.segment[2:0]$1098
   591/638: $1\bedrock_ea_decode_pkg_bedrock_ea_segment_decode$func$../build/yosys/bedrock_full_decode_sv2v.v:3860$1017.$result[2:0]$1097
   592/638: $1\bedrock_ea_decode_pkg_bedrock_ea_segment_decode$func$../build/yosys/bedrock_full_decode_sv2v.v:3837$1016.segment[2:0]$1096
   593/638: $1\bedrock_ea_decode_pkg_bedrock_ea_segment_decode$func$../build/yosys/bedrock_full_decode_sv2v.v:3837$1016.$result[2:0]$1095
   594/638: $1\bedrock_ea_decode_pkg_bedrock_ea_segment_decode$func$../build/yosys/bedrock_full_decode_sv2v.v:3814$1015.segment[2:0]$1094
   595/638: $1\bedrock_ea_decode_pkg_bedrock_ea_segment_decode$func$../build/yosys/bedrock_full_decode_sv2v.v:3814$1015.$result[2:0]$1093
   596/638: $1\bedrock_ea_decode_pkg_bedrock_ea_segment_decode$func$../build/yosys/bedrock_full_decode_sv2v.v:3791$1014.segment[2:0]$1092
   597/638: $1\bedrock_ea_decode_pkg_bedrock_ea_segment_decode$func$../build/yosys/bedrock_full_decode_sv2v.v:3791$1014.$result[2:0]$1091
   598/638: $1\bedrock_ea_decode_pkg_bedrock_ea_segment_decode$func$../build/yosys/bedrock_full_decode_sv2v.v:3766$1013.segment[2:0]$1090
   599/638: $1\bedrock_ea_decode_pkg_bedrock_ea_segment_decode$func$../build/yosys/bedrock_full_decode_sv2v.v:3766$1013.$result[2:0]$1089
   600/638: $1\bedrock_ea_decode_pkg_bedrock_ea_segment_decode$func$../build/yosys/bedrock_full_decode_sv2v.v:3743$1012.segment[2:0]$1088
   601/638: $1\bedrock_ea_decode_pkg_bedrock_ea_segment_decode$func$../build/yosys/bedrock_full_decode_sv2v.v:3743$1012.$result[2:0]$1087
   602/638: $1\bedrock_ea_decode_pkg_bedrock_ea_segment_decode$func$../build/yosys/bedrock_full_decode_sv2v.v:3718$1011.segment[2:0]$1086
   603/638: $1\bedrock_ea_decode_pkg_bedrock_ea_segment_decode$func$../build/yosys/bedrock_full_decode_sv2v.v:3718$1011.$result[2:0]$1085
   604/638: $1\bedrock_ea_decode_pkg_bedrock_ea_segment_decode$func$../build/yosys/bedrock_full_decode_sv2v.v:3695$1010.segment[2:0]$1084
   605/638: $1\bedrock_ea_decode_pkg_bedrock_ea_segment_decode$func$../build/yosys/bedrock_full_decode_sv2v.v:3695$1010.$result[2:0]$1083
   606/638: $1\bedrock_ea_decode_pkg_bedrock_ea_segment_decode$func$../build/yosys/bedrock_full_decode_sv2v.v:3670$1009.segment[2:0]$1082
   607/638: $1\bedrock_ea_decode_pkg_bedrock_ea_segment_decode$func$../build/yosys/bedrock_full_decode_sv2v.v:3670$1009.$result[2:0]$1081
   608/638: $1\bedrock_ea_decode_pkg_bedrock_ea_segment_decode$func$../build/yosys/bedrock_full_decode_sv2v.v:3647$1008.segment[2:0]$1080
   609/638: $1\bedrock_ea_decode_pkg_bedrock_ea_segment_decode$func$../build/yosys/bedrock_full_decode_sv2v.v:3647$1008.$result[2:0]$1079
   610/638: $1\bedrock_ea_decode_pkg_bedrock_decode_extended_ea$func$../build/yosys/bedrock_full_decode_sv2v.v:4223$1006.r[39:0]$1073 [37]
   611/638: $3\bedrock_ea_decode_pkg_bedrock_decode_extended_ea$func$../build/yosys/bedrock_full_decode_sv2v.v:4223$1006.r[39:38]$1107 [1]
   612/638: $1\bedrock_ea_decode_pkg_bedrock_ea_segment_decode$func$../build/yosys/bedrock_full_decode_sv2v.v:3623$1007.$result[2:0]$1077
   613/638: $1\bedrock_ea_decode_pkg_bedrock_ea_segment_decode$func$../build/yosys/bedrock_full_decode_sv2v.v:3623$1007.segment[2:0]$1078
   614/638: $1\bedrock_ea_decode_pkg_bedrock_decode_extended_ea$func$../build/yosys/bedrock_full_decode_sv2v.v:4223$1006.extra[7:0]$1076
   615/638: $1\bedrock_ea_decode_pkg_bedrock_decode_extended_ea$func$../build/yosys/bedrock_full_decode_sv2v.v:4223$1006.segment[2:0]$1075
   616/638: $1\bedrock_ea_decode_pkg_bedrock_decode_extended_ea$func$../build/yosys/bedrock_full_decode_sv2v.v:4223$1006.mode[4:0]$1074
   617/638: $1\bedrock_ea_decode_pkg_bedrock_decode_extended_ea$func$../build/yosys/bedrock_full_decode_sv2v.v:4223$1006.r[39:0]$1073 [36:0]
   618/638: $1\bedrock_ea_decode_pkg_bedrock_decode_extended_ea$func$../build/yosys/bedrock_full_decode_sv2v.v:4223$1006.descriptor[15:0]$1072
   619/638: $1\bedrock_ea_decode_pkg_bedrock_decode_extended_ea$func$../build/yosys/bedrock_full_decode_sv2v.v:4223$1006.signed32_index_escape[0:0]$1071
   620/638: $3\bedrock_ea_decode_pkg_bedrock_decode_compact_ea$func$../build/yosys/bedrock_full_decode_sv2v.v:4221$1005.r[39:25]$1067 [14]
   621/638: $2\bedrock_ea_decode_pkg_bedrock_decode_compact_ea$func$../build/yosys/bedrock_full_decode_sv2v.v:4221$1005.r[23:13]$1066 [4]
   622/638: $2\bedrock_ea_decode_pkg_bedrock_decode_compact_ea$func$../build/yosys/bedrock_full_decode_sv2v.v:4221$1005.r[23:13]$1066 [3]
   623/638: $3\bedrock_ea_decode_pkg_bedrock_decode_compact_ea$func$../build/yosys/bedrock_full_decode_sv2v.v:4221$1005.r[39:25]$1067 [13]
   624/638: $2\bedrock_ea_decode_pkg_bedrock_decode_compact_ea$func$../build/yosys/bedrock_full_decode_sv2v.v:4221$1005.r[23:13]$1066 [10:8]
   625/638: $3\bedrock_ea_decode_pkg_bedrock_decode_compact_ea$func$../build/yosys/bedrock_full_decode_sv2v.v:4221$1005.r[39:25]$1067 [0]
   626/638: $3\bedrock_ea_decode_pkg_bedrock_decode_compact_ea$func$../build/yosys/bedrock_full_decode_sv2v.v:4221$1005.r[39:25]$1067 [1]
   627/638: $3\bedrock_ea_decode_pkg_bedrock_decode_compact_ea$func$../build/yosys/bedrock_full_decode_sv2v.v:4221$1005.r[39:25]$1067 [3]
   628/638: $3\bedrock_ea_decode_pkg_bedrock_decode_compact_ea$func$../build/yosys/bedrock_full_decode_sv2v.v:4221$1005.r[39:25]$1067 [4]
   629/638: $3\bedrock_ea_decode_pkg_bedrock_decode_compact_ea$func$../build/yosys/bedrock_full_decode_sv2v.v:4221$1005.r[39:25]$1067 [10:5]
   630/638: $3\bedrock_ea_decode_pkg_bedrock_decode_compact_ea$func$../build/yosys/bedrock_full_decode_sv2v.v:4221$1005.r[39:25]$1067 [11]
   631/638: $3\bedrock_ea_decode_pkg_bedrock_decode_compact_ea$func$../build/yosys/bedrock_full_decode_sv2v.v:4221$1005.r[39:25]$1067 [12]
   632/638: $1\bedrock_ea_decode_pkg_bedrock_decode_compact_ea$func$../build/yosys/bedrock_full_decode_sv2v.v:4221$1005.r[7:0]$1065 [2:0]
   633/638: $1\bedrock_ea_decode_pkg_bedrock_decode_compact_ea$func$../build/yosys/bedrock_full_decode_sv2v.v:4221$1005.r[7:0]$1065 [5:3]
   634/638: $1\bedrock_ea_decode_pkg_bedrock_decode_compact_ea$func$../build/yosys/bedrock_full_decode_sv2v.v:4221$1005.r[7:0]$1065 [6]
   635/638: $1\bedrock_ea_decode_pkg_bedrock_decode_compact_ea$func$../build/yosys/bedrock_full_decode_sv2v.v:4221$1005.r[7:0]$1065 [7]
   636/638: $2\bedrock_ea_decode_pkg_bedrock_decode_compact_ea$func$../build/yosys/bedrock_full_decode_sv2v.v:4221$1005.r[23:13]$1066 [2:0]
   637/638: $2\bedrock_ea_decode_pkg_bedrock_decode_compact_ea$func$../build/yosys/bedrock_full_decode_sv2v.v:4221$1005.r[23:13]$1066 [7:5]
   638/638: $3\bedrock_ea_decode_pkg_bedrock_decode_compact_ea$func$../build/yosys/bedrock_full_decode_sv2v.v:4221$1005.r[39:25]$1067 [2]
Creating decoders for process `\bedrock_prefix_decode.$proc$../build/yosys/bedrock_full_decode_sv2v.v:3183$1003'.
Creating decoders for process `\bedrock_prefix_decode.$proc$../build/yosys/bedrock_full_decode_sv2v.v:3168$979'.
     1/26: $1\bedrock_prefix_decode_pkg_bedrock_apply_prefix_byte$func$../build/yosys/bedrock_full_decode_sv2v.v:3164$978.r[17:0]$1002 [17]
     2/26: $1\bedrock_prefix_decode_pkg_bedrock_apply_prefix_byte$func$../build/yosys/bedrock_full_decode_sv2v.v:3164$978.r[17:0]$1002 [0]
     3/26: $1\bedrock_prefix_decode_pkg_bedrock_apply_prefix_byte$func$../build/yosys/bedrock_full_decode_sv2v.v:3164$978.r[17:0]$1002 [7:4]
     4/26: $1\bedrock_prefix_decode_pkg_bedrock_apply_prefix_byte$func$../build/yosys/bedrock_full_decode_sv2v.v:3164$978.r[17:0]$1002 [14:12]
     5/26: $1\bedrock_prefix_decode_pkg_bedrock_apply_prefix_byte$func$../build/yosys/bedrock_full_decode_sv2v.v:3164$978.r[17:0]$1002 [16]
     6/26: $1\bedrock_prefix_decode_pkg_bedrock_apply_prefix_byte$func$../build/yosys/bedrock_full_decode_sv2v.v:3164$978.r[17:0]$1002 [3:1]
     7/26: $1\bedrock_prefix_decode_pkg_bedrock_apply_prefix_byte$func$../build/yosys/bedrock_full_decode_sv2v.v:3164$978.r[17:0]$1002 [11:10]
     8/26: $1\bedrock_prefix_decode_pkg_bedrock_apply_prefix_byte$func$../build/yosys/bedrock_full_decode_sv2v.v:3164$978.r[17:0]$1002 [9:8]
     9/26: $1\bedrock_prefix_decode_pkg_bedrock_apply_prefix_byte$func$../build/yosys/bedrock_full_decode_sv2v.v:3164$978.r[17:0]$1002 [15]
    10/26: $1\bedrock_prefix_decode_pkg_bedrock_apply_prefix_byte$func$../build/yosys/bedrock_full_decode_sv2v.v:3163$977.r[17:0]$1000 [17]
    11/26: $1\bedrock_prefix_decode_pkg_bedrock_apply_prefix_byte$func$../build/yosys/bedrock_full_decode_sv2v.v:3163$977.r[17:0]$1000 [0]
    12/26: $1\bedrock_prefix_decode_pkg_bedrock_apply_prefix_byte$func$../build/yosys/bedrock_full_decode_sv2v.v:3163$977.r[17:0]$1000 [7:4]
    13/26: $1\bedrock_prefix_decode_pkg_bedrock_apply_prefix_byte$func$../build/yosys/bedrock_full_decode_sv2v.v:3163$977.r[17:0]$1000 [14:12]
    14/26: $1\bedrock_prefix_decode_pkg_bedrock_apply_prefix_byte$func$../build/yosys/bedrock_full_decode_sv2v.v:3163$977.r[17:0]$1000 [16]
    15/26: $1\bedrock_prefix_decode_pkg_bedrock_apply_prefix_byte$func$../build/yosys/bedrock_full_decode_sv2v.v:3163$977.r[17:0]$1000 [3:1]
    16/26: $1\bedrock_prefix_decode_pkg_bedrock_apply_prefix_byte$func$../build/yosys/bedrock_full_decode_sv2v.v:3163$977.r[17:0]$1000 [11:10]
    17/26: $1\bedrock_prefix_decode_pkg_bedrock_apply_prefix_byte$func$../build/yosys/bedrock_full_decode_sv2v.v:3163$977.r[17:0]$1000 [9:8]
    18/26: $1\bedrock_prefix_decode_pkg_bedrock_apply_prefix_byte$func$../build/yosys/bedrock_full_decode_sv2v.v:3163$977.r[17:0]$1000 [15]
    19/26: $1\bedrock_prefix_decode_pkg_bedrock_decode_prefix_byte$func$../build/yosys/bedrock_full_decode_sv2v.v:3162$976.r[11:0]$998 [11]
    20/26: $1\bedrock_prefix_decode_pkg_bedrock_decode_prefix_byte$func$../build/yosys/bedrock_full_decode_sv2v.v:3162$976.r[11:0]$998 [2:0]
    21/26: $1\bedrock_prefix_decode_pkg_bedrock_decode_prefix_byte$func$../build/yosys/bedrock_full_decode_sv2v.v:3162$976.r[11:0]$998 [6:3]
    22/26: $1\bedrock_prefix_decode_pkg_bedrock_decode_prefix_byte$func$../build/yosys/bedrock_full_decode_sv2v.v:3162$976.r[11:0]$998 [10:7]
    23/26: $1\bedrock_prefix_decode_pkg_bedrock_decode_prefix_byte$func$../build/yosys/bedrock_full_decode_sv2v.v:3161$975.r[11:0]$997 [11]
    24/26: $1\bedrock_prefix_decode_pkg_bedrock_decode_prefix_byte$func$../build/yosys/bedrock_full_decode_sv2v.v:3161$975.r[11:0]$997 [2:0]
    25/26: $1\bedrock_prefix_decode_pkg_bedrock_decode_prefix_byte$func$../build/yosys/bedrock_full_decode_sv2v.v:3161$975.r[11:0]$997 [6:3]
    26/26: $1\bedrock_prefix_decode_pkg_bedrock_decode_prefix_byte$func$../build/yosys/bedrock_full_decode_sv2v.v:3161$975.r[11:0]$997 [10:7]
Creating decoders for process `\bedrock_decode.$proc$../build/yosys/bedrock_full_decode_sv2v.v:3016$973'.
Creating decoders for process `\bedrock_decode.$proc$../build/yosys/bedrock_full_decode_sv2v.v:2980$874'.
     1/161: $3\required_words_o[3:0]
     2/161: $2\bedrock_decode_pkg_bedrock_decode_field_format_token_words$func$../build/yosys/bedrock_full_decode_sv2v.v:3008$822.r[3:0]$968
     3/161: $2\required_words_o[3:0]
     4/161: $1\field_format_token_words[3:0]
     5/161: $1\bedrock_decode_pkg_bedrock_decode_field_format_token_words$func$../build/yosys/bedrock_full_decode_sv2v.v:3008$822.$result[3:0]$965
     6/161: $1\bedrock_decode_pkg_bedrock_decode_field_format_token_words$func$../build/yosys/bedrock_full_decode_sv2v.v:3008$822.r[3:0]$967
     7/161: $1\bedrock_decode_pkg_bedrock_decode_field_format_token_words$func$../build/yosys/bedrock_full_decode_sv2v.v:3008$822.field_format_id[5:0]$966
     8/161: $1\bedrock_decode_pkg_bedrock_decode_extended_opcode$func$../build/yosys/bedrock_full_decode_sv2v.v:2998$133.r[21:0]$889 [21:7]
     9/161: $49\bedrock_decode_pkg_bedrock_decode_extended_opcode$func$../build/yosys/bedrock_full_decode_sv2v.v:2998$133.r[21:7]$964 [5:0]
    10/161: $49\bedrock_decode_pkg_bedrock_decode_extended_opcode$func$../build/yosys/bedrock_full_decode_sv2v.v:2998$133.r[21:7]$964 [13:6]
    11/161: $2\bedrock_decode_pkg_bedrock_decode_extended_opcode$func$../build/yosys/bedrock_full_decode_sv2v.v:2998$133.r[2:0]$890 [1]
    12/161: $48\bedrock_decode_pkg_bedrock_decode_extended_opcode$func$../build/yosys/bedrock_full_decode_sv2v.v:2998$133.r[21:7]$963 [5:0]
    13/161: $48\bedrock_decode_pkg_bedrock_decode_extended_opcode$func$../build/yosys/bedrock_full_decode_sv2v.v:2998$133.r[21:7]$963 [13:6]
    14/161: $2\bedrock_decode_pkg_bedrock_decode_extended_opcode$func$../build/yosys/bedrock_full_decode_sv2v.v:2998$133.r[2:0]$890 [0]
    15/161: $47\bedrock_decode_pkg_bedrock_decode_extended_opcode$func$../build/yosys/bedrock_full_decode_sv2v.v:2998$133.r[21:7]$962 [5:0]
    16/161: $47\bedrock_decode_pkg_bedrock_decode_extended_opcode$func$../build/yosys/bedrock_full_decode_sv2v.v:2998$133.r[21:7]$962 [13:6]
    17/161: $46\bedrock_decode_pkg_bedrock_decode_extended_opcode$func$../build/yosys/bedrock_full_decode_sv2v.v:2998$133.r[1:1]$961
    18/161: $49\bedrock_decode_pkg_bedrock_decode_extended_opcode$func$../build/yosys/bedrock_full_decode_sv2v.v:2998$133.r[21:7]$964 [14]
    19/161: $48\bedrock_decode_pkg_bedrock_decode_extended_opcode$func$../build/yosys/bedrock_full_decode_sv2v.v:2998$133.r[21:7]$963 [14]
    20/161: $44\bedrock_decode_pkg_bedrock_decode_extended_opcode$func$../build/yosys/bedrock_full_decode_sv2v.v:2998$133.r[2:1]$959 [0]
    21/161: $44\bedrock_decode_pkg_bedrock_decode_extended_opcode$func$../build/yosys/bedrock_full_decode_sv2v.v:2998$133.r[2:1]$959 [1]
    22/161: $45\bedrock_decode_pkg_bedrock_decode_extended_opcode$func$../build/yosys/bedrock_full_decode_sv2v.v:2998$133.r[21:7]$960 [5:0]
    23/161: $45\bedrock_decode_pkg_bedrock_decode_extended_opcode$func$../build/yosys/bedrock_full_decode_sv2v.v:2998$133.r[21:7]$960 [13:6]
    24/161: $43\bedrock_decode_pkg_bedrock_decode_extended_opcode$func$../build/yosys/bedrock_full_decode_sv2v.v:2998$133.r[21:7]$958 [14]
    25/161: $42\bedrock_decode_pkg_bedrock_decode_extended_opcode$func$../build/yosys/bedrock_full_decode_sv2v.v:2998$133.r[2:1]$957 [0]
    26/161: $42\bedrock_decode_pkg_bedrock_decode_extended_opcode$func$../build/yosys/bedrock_full_decode_sv2v.v:2998$133.r[2:1]$957 [1]
    27/161: $43\bedrock_decode_pkg_bedrock_decode_extended_opcode$func$../build/yosys/bedrock_full_decode_sv2v.v:2998$133.r[21:7]$958 [5:0]
    28/161: $43\bedrock_decode_pkg_bedrock_decode_extended_opcode$func$../build/yosys/bedrock_full_decode_sv2v.v:2998$133.r[21:7]$958 [13:6]
    29/161: $40\bedrock_decode_pkg_bedrock_decode_extended_opcode$func$../build/yosys/bedrock_full_decode_sv2v.v:2998$133.r[2:1]$955 [0]
    30/161: $40\bedrock_decode_pkg_bedrock_decode_extended_opcode$func$../build/yosys/bedrock_full_decode_sv2v.v:2998$133.r[2:1]$955 [1]
    31/161: $41\bedrock_decode_pkg_bedrock_decode_extended_opcode$func$../build/yosys/bedrock_full_decode_sv2v.v:2998$133.r[21:7]$956 [5:0]
    32/161: $41\bedrock_decode_pkg_bedrock_decode_extended_opcode$func$../build/yosys/bedrock_full_decode_sv2v.v:2998$133.r[21:7]$956 [13:6]
    33/161: $41\bedrock_decode_pkg_bedrock_decode_extended_opcode$func$../build/yosys/bedrock_full_decode_sv2v.v:2998$133.r[21:7]$956 [14]
    34/161: $38\bedrock_decode_pkg_bedrock_decode_extended_opcode$func$../build/yosys/bedrock_full_decode_sv2v.v:2998$133.r[2:1]$953 [0]
    35/161: $38\bedrock_decode_pkg_bedrock_decode_extended_opcode$func$../build/yosys/bedrock_full_decode_sv2v.v:2998$133.r[2:1]$953 [1]
    36/161: $39\bedrock_decode_pkg_bedrock_decode_extended_opcode$func$../build/yosys/bedrock_full_decode_sv2v.v:2998$133.r[21:7]$954 [5:0]
    37/161: $39\bedrock_decode_pkg_bedrock_decode_extended_opcode$func$../build/yosys/bedrock_full_decode_sv2v.v:2998$133.r[21:7]$954 [13:6]
    38/161: $39\bedrock_decode_pkg_bedrock_decode_extended_opcode$func$../build/yosys/bedrock_full_decode_sv2v.v:2998$133.r[21:7]$954 [14]
    39/161: $37\bedrock_decode_pkg_bedrock_decode_extended_opcode$func$../build/yosys/bedrock_full_decode_sv2v.v:2998$133.r[21:7]$952 [14]
    40/161: $36\bedrock_decode_pkg_bedrock_decode_extended_opcode$func$../build/yosys/bedrock_full_decode_sv2v.v:2998$133.r[2:1]$951 [0]
    41/161: $36\bedrock_decode_pkg_bedrock_decode_extended_opcode$func$../build/yosys/bedrock_full_decode_sv2v.v:2998$133.r[2:1]$951 [1]
    42/161: $37\bedrock_decode_pkg_bedrock_decode_extended_opcode$func$../build/yosys/bedrock_full_decode_sv2v.v:2998$133.r[21:7]$952 [5:0]
    43/161: $37\bedrock_decode_pkg_bedrock_decode_extended_opcode$func$../build/yosys/bedrock_full_decode_sv2v.v:2998$133.r[21:7]$952 [13:6]
    44/161: $34\bedrock_decode_pkg_bedrock_decode_extended_opcode$func$../build/yosys/bedrock_full_decode_sv2v.v:2998$133.r[2:1]$949 [0]
    45/161: $34\bedrock_decode_pkg_bedrock_decode_extended_opcode$func$../build/yosys/bedrock_full_decode_sv2v.v:2998$133.r[2:1]$949 [1]
    46/161: $35\bedrock_decode_pkg_bedrock_decode_extended_opcode$func$../build/yosys/bedrock_full_decode_sv2v.v:2998$133.r[21:7]$950 [5:0]
    47/161: $35\bedrock_decode_pkg_bedrock_decode_extended_opcode$func$../build/yosys/bedrock_full_decode_sv2v.v:2998$133.r[21:7]$950 [13:6]
    48/161: $35\bedrock_decode_pkg_bedrock_decode_extended_opcode$func$../build/yosys/bedrock_full_decode_sv2v.v:2998$133.r[21:7]$950 [14]
    49/161: $32\bedrock_decode_pkg_bedrock_decode_extended_opcode$func$../build/yosys/bedrock_full_decode_sv2v.v:2998$133.r[2:1]$947 [0]
    50/161: $32\bedrock_decode_pkg_bedrock_decode_extended_opcode$func$../build/yosys/bedrock_full_decode_sv2v.v:2998$133.r[2:1]$947 [1]
    51/161: $33\bedrock_decode_pkg_bedrock_decode_extended_opcode$func$../build/yosys/bedrock_full_decode_sv2v.v:2998$133.r[21:7]$948 [5:0]
    52/161: $33\bedrock_decode_pkg_bedrock_decode_extended_opcode$func$../build/yosys/bedrock_full_decode_sv2v.v:2998$133.r[21:7]$948 [13:6]
    53/161: $33\bedrock_decode_pkg_bedrock_decode_extended_opcode$func$../build/yosys/bedrock_full_decode_sv2v.v:2998$133.r[21:7]$948 [14]
    54/161: $31\bedrock_decode_pkg_bedrock_decode_extended_opcode$func$../build/yosys/bedrock_full_decode_sv2v.v:2998$133.r[21:7]$946 [14]
    55/161: $30\bedrock_decode_pkg_bedrock_decode_extended_opcode$func$../build/yosys/bedrock_full_decode_sv2v.v:2998$133.r[2:1]$945 [0]
    56/161: $30\bedrock_decode_pkg_bedrock_decode_extended_opcode$func$../build/yosys/bedrock_full_decode_sv2v.v:2998$133.r[2:1]$945 [1]
    57/161: $31\bedrock_decode_pkg_bedrock_decode_extended_opcode$func$../build/yosys/bedrock_full_decode_sv2v.v:2998$133.r[21:7]$946 [5:0]
    58/161: $31\bedrock_decode_pkg_bedrock_decode_extended_opcode$func$../build/yosys/bedrock_full_decode_sv2v.v:2998$133.r[21:7]$946 [13:6]
    59/161: $29\bedrock_decode_pkg_bedrock_decode_extended_opcode$func$../build/yosys/bedrock_full_decode_sv2v.v:2998$133.r[21:7]$944 [14]
    60/161: $28\bedrock_decode_pkg_bedrock_decode_extended_opcode$func$../build/yosys/bedrock_full_decode_sv2v.v:2998$133.r[2:0]$943 [1]
    61/161: $28\bedrock_decode_pkg_bedrock_decode_extended_opcode$func$../build/yosys/bedrock_full_decode_sv2v.v:2998$133.r[2:0]$943 [2]
    62/161: $29\bedrock_decode_pkg_bedrock_decode_extended_opcode$func$../build/yosys/bedrock_full_decode_sv2v.v:2998$133.r[21:7]$944 [5:0]
    63/161: $29\bedrock_decode_pkg_bedrock_decode_extended_opcode$func$../build/yosys/bedrock_full_decode_sv2v.v:2998$133.r[21:7]$944 [13:6]
    64/161: $28\bedrock_decode_pkg_bedrock_decode_extended_opcode$func$../build/yosys/bedrock_full_decode_sv2v.v:2998$133.r[2:0]$943 [0]
    65/161: $47\bedrock_decode_pkg_bedrock_decode_extended_opcode$func$../build/yosys/bedrock_full_decode_sv2v.v:2998$133.r[21:7]$962 [14]
    66/161: $26\bedrock_decode_pkg_bedrock_decode_extended_opcode$func$../build/yosys/bedrock_full_decode_sv2v.v:2998$133.r[2:1]$941 [0]
    67/161: $26\bedrock_decode_pkg_bedrock_decode_extended_opcode$func$../build/yosys/bedrock_full_decode_sv2v.v:2998$133.r[2:1]$941 [1]
    68/161: $27\bedrock_decode_pkg_bedrock_decode_extended_opcode$func$../build/yosys/bedrock_full_decode_sv2v.v:2998$133.r[21:7]$942 [5:0]
    69/161: $27\bedrock_decode_pkg_bedrock_decode_extended_opcode$func$../build/yosys/bedrock_full_decode_sv2v.v:2998$133.r[21:7]$942 [13:6]
    70/161: $45\bedrock_decode_pkg_bedrock_decode_extended_opcode$func$../build/yosys/bedrock_full_decode_sv2v.v:2998$133.r[21:7]$960 [14]
    71/161: $27\bedrock_decode_pkg_bedrock_decode_extended_opcode$func$../build/yosys/bedrock_full_decode_sv2v.v:2998$133.r[21:7]$942 [14]
    72/161: $24\bedrock_decode_pkg_bedrock_decode_extended_opcode$func$../build/yosys/bedrock_full_decode_sv2v.v:2998$133.r[2:0]$939 [1]
    73/161: $24\bedrock_decode_pkg_bedrock_decode_extended_opcode$func$../build/yosys/bedrock_full_decode_sv2v.v:2998$133.r[2:0]$939 [0]
    74/161: $24\bedrock_decode_pkg_bedrock_decode_extended_opcode$func$../build/yosys/bedrock_full_decode_sv2v.v:2998$133.r[2:0]$939 [2]
    75/161: $25\bedrock_decode_pkg_bedrock_decode_extended_opcode$func$../build/yosys/bedrock_full_decode_sv2v.v:2998$133.r[21:7]$940 [5:0]
    76/161: $25\bedrock_decode_pkg_bedrock_decode_extended_opcode$func$../build/yosys/bedrock_full_decode_sv2v.v:2998$133.r[21:7]$940 [13:6]
    77/161: $23\bedrock_decode_pkg_bedrock_decode_extended_opcode$func$../build/yosys/bedrock_full_decode_sv2v.v:2998$133.r[21:7]$938 [14]
    78/161: $22\bedrock_decode_pkg_bedrock_decode_extended_opcode$func$../build/yosys/bedrock_full_decode_sv2v.v:2998$133.r[2:0]$937 [0]
    79/161: $22\bedrock_decode_pkg_bedrock_decode_extended_opcode$func$../build/yosys/bedrock_full_decode_sv2v.v:2998$133.r[2:0]$937 [2]
    80/161: $23\bedrock_decode_pkg_bedrock_decode_extended_opcode$func$../build/yosys/bedrock_full_decode_sv2v.v:2998$133.r[21:7]$938 [5:0]
    81/161: $23\bedrock_decode_pkg_bedrock_decode_extended_opcode$func$../build/yosys/bedrock_full_decode_sv2v.v:2998$133.r[21:7]$938 [13:6]
    82/161: $22\bedrock_decode_pkg_bedrock_decode_extended_opcode$func$../build/yosys/bedrock_full_decode_sv2v.v:2998$133.r[2:0]$937 [1]
    83/161: $21\bedrock_decode_pkg_bedrock_decode_extended_opcode$func$../build/yosys/bedrock_full_decode_sv2v.v:2998$133.r[21:7]$936 [14]
    84/161: $21\bedrock_decode_pkg_bedrock_decode_extended_opcode$func$../build/yosys/bedrock_full_decode_sv2v.v:2998$133.r[21:7]$936 [5:0]
    85/161: $21\bedrock_decode_pkg_bedrock_decode_extended_opcode$func$../build/yosys/bedrock_full_decode_sv2v.v:2998$133.r[21:7]$936 [13:6]
    86/161: $20\bedrock_decode_pkg_bedrock_decode_extended_opcode$func$../build/yosys/bedrock_full_decode_sv2v.v:2998$133.r[21:7]$935 [14]
    87/161: $20\bedrock_decode_pkg_bedrock_decode_extended_opcode$func$../build/yosys/bedrock_full_decode_sv2v.v:2998$133.r[21:7]$935 [5:0]
    88/161: $20\bedrock_decode_pkg_bedrock_decode_extended_opcode$func$../build/yosys/bedrock_full_decode_sv2v.v:2998$133.r[21:7]$935 [13:6]
    89/161: $19\bedrock_decode_pkg_bedrock_decode_extended_opcode$func$../build/yosys/bedrock_full_decode_sv2v.v:2998$133.r[21:7]$934 [14]
    90/161: $18\bedrock_decode_pkg_bedrock_decode_extended_opcode$func$../build/yosys/bedrock_full_decode_sv2v.v:2998$133.r[2:0]$933 [0]
    91/161: $18\bedrock_decode_pkg_bedrock_decode_extended_opcode$func$../build/yosys/bedrock_full_decode_sv2v.v:2998$133.r[2:0]$933 [1]
    92/161: $18\bedrock_decode_pkg_bedrock_decode_extended_opcode$func$../build/yosys/bedrock_full_decode_sv2v.v:2998$133.r[2:0]$933 [2]
    93/161: $19\bedrock_decode_pkg_bedrock_decode_extended_opcode$func$../build/yosys/bedrock_full_decode_sv2v.v:2998$133.r[21:7]$934 [5:0]
    94/161: $19\bedrock_decode_pkg_bedrock_decode_extended_opcode$func$../build/yosys/bedrock_full_decode_sv2v.v:2998$133.r[21:7]$934 [13:6]
    95/161: $17\bedrock_decode_pkg_bedrock_decode_extended_opcode$func$../build/yosys/bedrock_full_decode_sv2v.v:2998$133.r[21:7]$932 [14]
    96/161: $17\bedrock_decode_pkg_bedrock_decode_extended_opcode$func$../build/yosys/bedrock_full_decode_sv2v.v:2998$133.r[21:7]$932 [5:0]
    97/161: $17\bedrock_decode_pkg_bedrock_decode_extended_opcode$func$../build/yosys/bedrock_full_decode_sv2v.v:2998$133.r[21:7]$932 [13:6]
    98/161: $16\bedrock_decode_pkg_bedrock_decode_extended_opcode$func$../build/yosys/bedrock_full_decode_sv2v.v:2998$133.r[21:7]$931 [14]
    99/161: $16\bedrock_decode_pkg_bedrock_decode_extended_opcode$func$../build/yosys/bedrock_full_decode_sv2v.v:2998$133.r[21:7]$931 [5:0]
   100/161: $16\bedrock_decode_pkg_bedrock_decode_extended_opcode$func$../build/yosys/bedrock_full_decode_sv2v.v:2998$133.r[21:7]$931 [13:6]
   101/161: $15\bedrock_decode_pkg_bedrock_decode_extended_opcode$func$../build/yosys/bedrock_full_decode_sv2v.v:2998$133.r[21:7]$927 [14]
   102/161: $15\bedrock_decode_pkg_bedrock_decode_extended_opcode$func$../build/yosys/bedrock_full_decode_sv2v.v:2998$133.r[21:7]$927 [5:0]
   103/161: $15\bedrock_decode_pkg_bedrock_decode_extended_opcode$func$../build/yosys/bedrock_full_decode_sv2v.v:2998$133.r[21:7]$927 [13:6]
   104/161: $14\bedrock_decode_pkg_bedrock_decode_extended_opcode$func$../build/yosys/bedrock_full_decode_sv2v.v:2998$133.r[21:7]$923 [14]
   105/161: $14\bedrock_decode_pkg_bedrock_decode_extended_opcode$func$../build/yosys/bedrock_full_decode_sv2v.v:2998$133.r[21:7]$923 [5:0]
   106/161: $14\bedrock_decode_pkg_bedrock_decode_extended_opcode$func$../build/yosys/bedrock_full_decode_sv2v.v:2998$133.r[21:7]$923 [13:6]
   107/161: $13\bedrock_decode_pkg_bedrock_decode_extended_opcode$func$../build/yosys/bedrock_full_decode_sv2v.v:2998$133.r[21:7]$919 [14]
   108/161: $13\bedrock_decode_pkg_bedrock_decode_extended_opcode$func$../build/yosys/bedrock_full_decode_sv2v.v:2998$133.r[21:7]$919 [5:0]
   109/161: $13\bedrock_decode_pkg_bedrock_decode_extended_opcode$func$../build/yosys/bedrock_full_decode_sv2v.v:2998$133.r[21:7]$919 [13:6]
   110/161: $12\bedrock_decode_pkg_bedrock_decode_extended_opcode$func$../build/yosys/bedrock_full_decode_sv2v.v:2998$133.r[21:7]$915 [14]
   111/161: $12\bedrock_decode_pkg_bedrock_decode_extended_opcode$func$../build/yosys/bedrock_full_decode_sv2v.v:2998$133.r[21:7]$915 [5:0]
   112/161: $12\bedrock_decode_pkg_bedrock_decode_extended_opcode$func$../build/yosys/bedrock_full_decode_sv2v.v:2998$133.r[21:7]$915 [13:6]
   113/161: $11\bedrock_decode_pkg_bedrock_decode_extended_opcode$func$../build/yosys/bedrock_full_decode_sv2v.v:2998$133.r[21:7]$911 [14]
   114/161: $11\bedrock_decode_pkg_bedrock_decode_extended_opcode$func$../build/yosys/bedrock_full_decode_sv2v.v:2998$133.r[21:7]$911 [5:0]
   115/161: $11\bedrock_decode_pkg_bedrock_decode_extended_opcode$func$../build/yosys/bedrock_full_decode_sv2v.v:2998$133.r[21:7]$911 [13:6]
   116/161: $10\bedrock_decode_pkg_bedrock_decode_extended_opcode$func$../build/yosys/bedrock_full_decode_sv2v.v:2998$133.r[21:7]$909 [14]
   117/161: $10\bedrock_decode_pkg_bedrock_decode_extended_opcode$func$../build/yosys/bedrock_full_decode_sv2v.v:2998$133.r[21:7]$909 [5:0]
   118/161: $10\bedrock_decode_pkg_bedrock_decode_extended_opcode$func$../build/yosys/bedrock_full_decode_sv2v.v:2998$133.r[21:7]$909 [13:6]
   119/161: $9\bedrock_decode_pkg_bedrock_decode_extended_opcode$func$../build/yosys/bedrock_full_decode_sv2v.v:2998$133.r[21:7]$907 [14]
   120/161: $9\bedrock_decode_pkg_bedrock_decode_extended_opcode$func$../build/yosys/bedrock_full_decode_sv2v.v:2998$133.r[21:7]$907 [5:0]
   121/161: $9\bedrock_decode_pkg_bedrock_decode_extended_opcode$func$../build/yosys/bedrock_full_decode_sv2v.v:2998$133.r[21:7]$907 [13:6]
   122/161: $8\bedrock_decode_pkg_bedrock_decode_extended_opcode$func$../build/yosys/bedrock_full_decode_sv2v.v:2998$133.r[21:7]$903 [14]
   123/161: $8\bedrock_decode_pkg_bedrock_decode_extended_opcode$func$../build/yosys/bedrock_full_decode_sv2v.v:2998$133.r[21:7]$903 [5:0]
   124/161: $8\bedrock_decode_pkg_bedrock_decode_extended_opcode$func$../build/yosys/bedrock_full_decode_sv2v.v:2998$133.r[21:7]$903 [13:6]
   125/161: $7\bedrock_decode_pkg_bedrock_decode_extended_opcode$func$../build/yosys/bedrock_full_decode_sv2v.v:2998$133.r[21:7]$899 [14]
   126/161: $7\bedrock_decode_pkg_bedrock_decode_extended_opcode$func$../build/yosys/bedrock_full_decode_sv2v.v:2998$133.r[21:7]$899 [5:0]
   127/161: $7\bedrock_decode_pkg_bedrock_decode_extended_opcode$func$../build/yosys/bedrock_full_decode_sv2v.v:2998$133.r[21:7]$899 [13:6]
   128/161: $6\bedrock_decode_pkg_bedrock_decode_extended_opcode$func$../build/yosys/bedrock_full_decode_sv2v.v:2998$133.r[21:7]$895 [14]
   129/161: $6\bedrock_decode_pkg_bedrock_decode_extended_opcode$func$../build/yosys/bedrock_full_decode_sv2v.v:2998$133.r[21:7]$895 [5:0]
   130/161: $6\bedrock_decode_pkg_bedrock_decode_extended_opcode$func$../build/yosys/bedrock_full_decode_sv2v.v:2998$133.r[21:7]$895 [13:6]
   131/161: $5\bedrock_decode_pkg_bedrock_decode_extended_opcode$func$../build/yosys/bedrock_full_decode_sv2v.v:2998$133.r[21:7]$893 [14]
   132/161: $5\bedrock_decode_pkg_bedrock_decode_extended_opcode$func$../build/yosys/bedrock_full_decode_sv2v.v:2998$133.r[21:7]$893 [5:0]
   133/161: $5\bedrock_decode_pkg_bedrock_decode_extended_opcode$func$../build/yosys/bedrock_full_decode_sv2v.v:2998$133.r[21:7]$893 [13:6]
   134/161: $4\bedrock_decode_pkg_bedrock_decode_extended_opcode$func$../build/yosys/bedrock_full_decode_sv2v.v:2998$133.r[21:7]$892 [14]
   135/161: $4\bedrock_decode_pkg_bedrock_decode_extended_opcode$func$../build/yosys/bedrock_full_decode_sv2v.v:2998$133.r[21:7]$892 [5:0]
   136/161: $4\bedrock_decode_pkg_bedrock_decode_extended_opcode$func$../build/yosys/bedrock_full_decode_sv2v.v:2998$133.r[21:7]$892 [13:6]
   137/161: $3\bedrock_decode_pkg_bedrock_decode_extended_opcode$func$../build/yosys/bedrock_full_decode_sv2v.v:2998$133.r[21:7]$891
   138/161: $25\bedrock_decode_pkg_bedrock_decode_extended_opcode$func$../build/yosys/bedrock_full_decode_sv2v.v:2998$133.r[21:7]$940 [14]
   139/161: $1\repg_fast_candidate[0:0]
   140/161: $1\repg_allowed[0:0]
   141/161: $1\repcc_allowed[0:0]
   142/161: $1\required_words_o[3:0]
   143/161: $1\field_format_id_o[5:0]
   144/161: $1\opcode_id_o[7:0]
   145/161: $1\valid_o[0:0]
   146/161: $1\extended_decode[21:0]
   147/161: $1\bedrock_decode_pkg_bedrock_decode_extended_opcode$func$../build/yosys/bedrock_full_decode_sv2v.v:2998$133.$result[21:0]$886
   148/161: $1\bedrock_decode_pkg_bedrock_decode_extended_opcode$func$../build/yosys/bedrock_full_decode_sv2v.v:2998$133.r[21:0]$889 [6:3]
   149/161: $2\bedrock_decode_pkg_bedrock_decode_extended_opcode$func$../build/yosys/bedrock_full_decode_sv2v.v:2998$133.r[2:0]$890 [2]
   150/161: $1\bedrock_decode_pkg_bedrock_decode_extended_opcode$func$../build/yosys/bedrock_full_decode_sv2v.v:2998$133.r[21:0]$889 [2:0]
   151/161: $1\bedrock_decode_pkg_bedrock_decode_extended_opcode$func$../build/yosys/bedrock_full_decode_sv2v.v:2998$133.extension_word[15:0]$888
   152/161: $1\bedrock_decode_pkg_bedrock_decode_extended_opcode$func$../build/yosys/bedrock_full_decode_sv2v.v:2998$133.ext_root[4:0]$887
   153/161: $1\bedrock_decode_pkg_bedrock_decode_primary_payload$func$../build/yosys/bedrock_full_decode_sv2v.v:2983$1.r[27:0]$885 [27]
   154/161: $1\bedrock_decode_pkg_bedrock_decode_primary_payload$func$../build/yosys/bedrock_full_decode_sv2v.v:2983$1.r[27:0]$885 [11:8]
   155/161: $1\bedrock_decode_pkg_bedrock_decode_primary_payload$func$../build/yosys/bedrock_full_decode_sv2v.v:2983$1.r[27:0]$885 [17:12]
   156/161: $1\bedrock_decode_pkg_bedrock_decode_primary_payload$func$../build/yosys/bedrock_full_decode_sv2v.v:2983$1.r[27:0]$885 [25:18]
   157/161: $1\bedrock_decode_pkg_bedrock_decode_primary_payload$func$../build/yosys/bedrock_full_decode_sv2v.v:2983$1.r[27:0]$885 [0]
   158/161: $1\bedrock_decode_pkg_bedrock_decode_primary_payload$func$../build/yosys/bedrock_full_decode_sv2v.v:2983$1.r[27:0]$885 [2]
   159/161: $1\bedrock_decode_pkg_bedrock_decode_primary_payload$func$../build/yosys/bedrock_full_decode_sv2v.v:2983$1.r[27:0]$885 [7:3]
   160/161: $1\bedrock_decode_pkg_bedrock_decode_primary_payload$func$../build/yosys/bedrock_full_decode_sv2v.v:2983$1.r[27:0]$885 [26]
   161/161: $1\bedrock_decode_pkg_bedrock_decode_primary_payload$func$../build/yosys/bedrock_full_decode_sv2v.v:2983$1.r[27:0]$885 [1]

2.2.8. Executing PROC_DLATCH pass (convert process syncs to latches).
No latch inferred for signal `\bedrock_full_decode.\ea_displacement_words[1]' from process `\bedrock_full_decode.$proc$../build/yosys/bedrock_full_decode_sv2v.v:4973$1679'.
No latch inferred for signal `\bedrock_full_decode.\ea_has_absolute[1]' from process `\bedrock_full_decode.$proc$../build/yosys/bedrock_full_decode_sv2v.v:4967$1678'.
No latch inferred for signal `\bedrock_full_decode.\ea_has_displacement[1]' from process `\bedrock_full_decode.$proc$../build/yosys/bedrock_full_decode_sv2v.v:4966$1677'.
No latch inferred for signal `\bedrock_full_decode.\ea_has_index_reg[1]' from process `\bedrock_full_decode.$proc$../build/yosys/bedrock_full_decode_sv2v.v:4965$1676'.
No latch inferred for signal `\bedrock_full_decode.\ea_has_base_reg[1]' from process `\bedrock_full_decode.$proc$../build/yosys/bedrock_full_decode_sv2v.v:4964$1675'.
No latch inferred for signal `\bedrock_full_decode.\ea_segment_valid[1]' from process `\bedrock_full_decode.$proc$../build/yosys/bedrock_full_decode_sv2v.v:4963$1674'.
No latch inferred for signal `\bedrock_full_decode.\ea_segment_selectable[1]' from process `\bedrock_full_decode.$proc$../build/yosys/bedrock_full_decode_sv2v.v:4962$1673'.
No latch inferred for signal `\bedrock_full_decode.\ea_signed32_index_escape[1]' from process `\bedrock_full_decode.$proc$../build/yosys/bedrock_full_decode_sv2v.v:4961$1672'.
No latch inferred for signal `\bedrock_full_decode.\ea_displacement_words[0]' from process `\bedrock_full_decode.$proc$../build/yosys/bedrock_full_decode_sv2v.v:4947$1671'.
No latch inferred for signal `\bedrock_full_decode.\ea_has_absolute[0]' from process `\bedrock_full_decode.$proc$../build/yosys/bedrock_full_decode_sv2v.v:4941$1670'.
No latch inferred for signal `\bedrock_full_decode.\ea_has_displacement[0]' from process `\bedrock_full_decode.$proc$../build/yosys/bedrock_full_decode_sv2v.v:4940$1669'.
No latch inferred for signal `\bedrock_full_decode.\ea_has_index_reg[0]' from process `\bedrock_full_decode.$proc$../build/yosys/bedrock_full_decode_sv2v.v:4939$1668'.
No latch inferred for signal `\bedrock_full_decode.\ea_has_base_reg[0]' from process `\bedrock_full_decode.$proc$../build/yosys/bedrock_full_decode_sv2v.v:4938$1667'.
No latch inferred for signal `\bedrock_full_decode.\ea_segment_valid[0]' from process `\bedrock_full_decode.$proc$../build/yosys/bedrock_full_decode_sv2v.v:4937$1666'.
No latch inferred for signal `\bedrock_full_decode.\ea_segment_selectable[0]' from process `\bedrock_full_decode.$proc$../build/yosys/bedrock_full_decode_sv2v.v:4936$1665'.
No latch inferred for signal `\bedrock_full_decode.\ea_signed32_index_escape[0]' from process `\bedrock_full_decode.$proc$../build/yosys/bedrock_full_decode_sv2v.v:4935$1664'.
No latch inferred for signal `\bedrock_full_decode.\bedrock_decode_pkg_bedrock_decode_ea1_descriptor_word$func$../build/yosys/bedrock_full_decode_sv2v.v:4913$1315.$result' from process `\bedrock_full_decode.$proc$../build/yosys/bedrock_full_decode_sv2v.v:4913$1643'.
No latch inferred for signal `\bedrock_full_decode.\bedrock_decode_pkg_bedrock_decode_ea1_descriptor_word$func$../build/yosys/bedrock_full_decode_sv2v.v:4913$1495.$result' from process `\bedrock_full_decode.$proc$../build/yosys/bedrock_full_decode_sv2v.v:4913$1643'.
No latch inferred for signal `\bedrock_full_decode.\bedrock_decode_pkg_bedrock_decode_ea1_descriptor_word$func$../build/yosys/bedrock_full_decode_sv2v.v:4913$1495.field_format_id' from process `\bedrock_full_decode.$proc$../build/yosys/bedrock_full_decode_sv2v.v:4913$1643'.
No latch inferred for signal `\bedrock_full_decode.\bedrock_decode_pkg_bedrock_decode_ea1_descriptor_word$func$../build/yosys/bedrock_full_decode_sv2v.v:4913$1495.ea0_payload_words' from process `\bedrock_full_decode.$proc$../build/yosys/bedrock_full_decode_sv2v.v:4913$1643'.
No latch inferred for signal `\bedrock_full_decode.\bedrock_decode_pkg_bedrock_decode_ea1_descriptor_word$func$../build/yosys/bedrock_full_decode_sv2v.v:4913$1495.token0_word' from process `\bedrock_full_decode.$proc$../build/yosys/bedrock_full_decode_sv2v.v:4913$1643'.
No latch inferred for signal `\bedrock_full_decode.\bedrock_decode_pkg_bedrock_decode_ea1_descriptor_word$func$../build/yosys/bedrock_full_decode_sv2v.v:4913$1495.token1_word' from process `\bedrock_full_decode.$proc$../build/yosys/bedrock_full_decode_sv2v.v:4913$1643'.
No latch inferred for signal `\bedrock_full_decode.\bedrock_decode_pkg_bedrock_decode_ea1_descriptor_word$func$../build/yosys/bedrock_full_decode_sv2v.v:4913$1495.token2_word' from process `\bedrock_full_decode.$proc$../build/yosys/bedrock_full_decode_sv2v.v:4913$1643'.
No latch inferred for signal `\bedrock_full_decode.\bedrock_decode_pkg_bedrock_decode_ea1_descriptor_word$func$../build/yosys/bedrock_full_decode_sv2v.v:4913$1495.token3_word' from process `\bedrock_full_decode.$proc$../build/yosys/bedrock_full_decode_sv2v.v:4913$1643'.
No latch inferred for signal `\bedrock_full_decode.\bedrock_decode_pkg_bedrock_decode_ea1_descriptor_word$func$../build/yosys/bedrock_full_decode_sv2v.v:4913$1495.token4_word' from process `\bedrock_full_decode.$proc$../build/yosys/bedrock_full_decode_sv2v.v:4913$1643'.
No latch inferred for signal `\bedrock_full_decode.\bedrock_decode_pkg_bedrock_decode_ea1_descriptor_word$func$../build/yosys/bedrock_full_decode_sv2v.v:4913$1495.token5_word' from process `\bedrock_full_decode.$proc$../build/yosys/bedrock_full_decode_sv2v.v:4913$1643'.
No latch inferred for signal `\bedrock_full_decode.\bedrock_decode_pkg_bedrock_decode_ea1_descriptor_word$func$../build/yosys/bedrock_full_decode_sv2v.v:4913$1495.token6_word' from process `\bedrock_full_decode.$proc$../build/yosys/bedrock_full_decode_sv2v.v:4913$1643'.
No latch inferred for signal `\bedrock_full_decode.\bedrock_decode_pkg_bedrock_decode_ea1_descriptor_word$func$../build/yosys/bedrock_full_decode_sv2v.v:4913$1495.token7_word' from process `\bedrock_full_decode.$proc$../build/yosys/bedrock_full_decode_sv2v.v:4913$1643'.
No latch inferred for signal `\bedrock_full_decode.\bedrock_decode_pkg_bedrock_decode_ea1_descriptor_word$func$../build/yosys/bedrock_full_decode_sv2v.v:4913$1495.r' from process `\bedrock_full_decode.$proc$../build/yosys/bedrock_full_decode_sv2v.v:4913$1643'.
No latch inferred for signal `\bedrock_full_decode.\bedrock_decode_pkg_bedrock_decode_extract_fields$func$../build/yosys/bedrock_full_decode_sv2v.v:4823$1314.$result' from process `\bedrock_full_decode.$proc$../build/yosys/bedrock_full_decode_sv2v.v:4823$1629'.
No latch inferred for signal `\bedrock_full_decode.\bedrock_decode_pkg_bedrock_decode_extract_fields$func$../build/yosys/bedrock_full_decode_sv2v.v:4823$1430.$result' from process `\bedrock_full_decode.$proc$../build/yosys/bedrock_full_decode_sv2v.v:4823$1629'.
No latch inferred for signal `\bedrock_full_decode.\bedrock_decode_pkg_bedrock_decode_extract_fields$func$../build/yosys/bedrock_full_decode_sv2v.v:4823$1430.field_format_id' from process `\bedrock_full_decode.$proc$../build/yosys/bedrock_full_decode_sv2v.v:4823$1629'.
No latch inferred for signal `\bedrock_full_decode.\bedrock_decode_pkg_bedrock_decode_extract_fields$func$../build/yosys/bedrock_full_decode_sv2v.v:4823$1430.token0_word' from process `\bedrock_full_decode.$proc$../build/yosys/bedrock_full_decode_sv2v.v:4823$1629'.
No latch inferred for signal `\bedrock_full_decode.\bedrock_decode_pkg_bedrock_decode_extract_fields$func$../build/yosys/bedrock_full_decode_sv2v.v:4823$1430.token1_word' from process `\bedrock_full_decode.$proc$../build/yosys/bedrock_full_decode_sv2v.v:4823$1629'.
No latch inferred for signal `\bedrock_full_decode.\bedrock_decode_pkg_bedrock_decode_extract_fields$func$../build/yosys/bedrock_full_decode_sv2v.v:4823$1430.token2_word' from process `\bedrock_full_decode.$proc$../build/yosys/bedrock_full_decode_sv2v.v:4823$1629'.
No latch inferred for signal `\bedrock_full_decode.\bedrock_decode_pkg_bedrock_decode_extract_fields$func$../build/yosys/bedrock_full_decode_sv2v.v:4823$1430.token3_word' from process `\bedrock_full_decode.$proc$../build/yosys/bedrock_full_decode_sv2v.v:4823$1629'.
No latch inferred for signal `\bedrock_full_decode.\bedrock_decode_pkg_bedrock_decode_extract_fields$func$../build/yosys/bedrock_full_decode_sv2v.v:4823$1430.token4_word' from process `\bedrock_full_decode.$proc$../build/yosys/bedrock_full_decode_sv2v.v:4823$1629'.
No latch inferred for signal `\bedrock_full_decode.\bedrock_decode_pkg_bedrock_decode_extract_fields$func$../build/yosys/bedrock_full_decode_sv2v.v:4823$1430.token5_word' from process `\bedrock_full_decode.$proc$../build/yosys/bedrock_full_decode_sv2v.v:4823$1629'.
No latch inferred for signal `\bedrock_full_decode.\bedrock_decode_pkg_bedrock_decode_extract_fields$func$../build/yosys/bedrock_full_decode_sv2v.v:4823$1430.token6_word' from process `\bedrock_full_decode.$proc$../build/yosys/bedrock_full_decode_sv2v.v:4823$1629'.
No latch inferred for signal `\bedrock_full_decode.\bedrock_decode_pkg_bedrock_decode_extract_fields$func$../build/yosys/bedrock_full_decode_sv2v.v:4823$1430.token7_word' from process `\bedrock_full_decode.$proc$../build/yosys/bedrock_full_decode_sv2v.v:4823$1629'.
No latch inferred for signal `\bedrock_full_decode.\bedrock_decode_pkg_bedrock_decode_extract_fields$func$../build/yosys/bedrock_full_decode_sv2v.v:4823$1430.r' from process `\bedrock_full_decode.$proc$../build/yosys/bedrock_full_decode_sv2v.v:4823$1629'.
No latch inferred for signal `\bedrock_full_decode.\physical_word_at$func$../build/yosys/bedrock_full_decode_sv2v.v:4548$1313.$result' from process `\bedrock_full_decode.$proc$../build/yosys/bedrock_full_decode_sv2v.v:4548$1625'.
No latch inferred for signal `\bedrock_full_decode.\physical_word_at$func$../build/yosys/bedrock_full_decode_sv2v.v:4548$1429.$result' from process `\bedrock_full_decode.$proc$../build/yosys/bedrock_full_decode_sv2v.v:4548$1625'.
No latch inferred for signal `\bedrock_full_decode.\physical_word_at$func$../build/yosys/bedrock_full_decode_sv2v.v:4547$1310.$result' from process `\bedrock_full_decode.$proc$../build/yosys/bedrock_full_decode_sv2v.v:4547$1621'.
No latch inferred for signal `\bedrock_full_decode.\physical_word_at$func$../build/yosys/bedrock_full_decode_sv2v.v:4547$1428.$result' from process `\bedrock_full_decode.$proc$../build/yosys/bedrock_full_decode_sv2v.v:4547$1621'.
No latch inferred for signal `\bedrock_full_decode.\physical_word_at$func$../build/yosys/bedrock_full_decode_sv2v.v:4547$1309.$result' from process `\bedrock_full_decode.$proc$../build/yosys/bedrock_full_decode_sv2v.v:4547$1617'.
No latch inferred for signal `\bedrock_full_decode.\physical_word_at$func$../build/yosys/bedrock_full_decode_sv2v.v:4547$1427.$result' from process `\bedrock_full_decode.$proc$../build/yosys/bedrock_full_decode_sv2v.v:4547$1617'.
No latch inferred for signal `\bedrock_full_decode.\physical_word_at$func$../build/yosys/bedrock_full_decode_sv2v.v:4546$1308.$result' from process `\bedrock_full_decode.$proc$../build/yosys/bedrock_full_decode_sv2v.v:4546$1613'.
No latch inferred for signal `\bedrock_full_decode.\physical_word_at$func$../build/yosys/bedrock_full_decode_sv2v.v:4546$1426.$result' from process `\bedrock_full_decode.$proc$../build/yosys/bedrock_full_decode_sv2v.v:4546$1613'.
No latch inferred for signal `\bedrock_full_decode.\physical_word_at$func$../build/yosys/bedrock_full_decode_sv2v.v:4546$1307.$result' from process `\bedrock_full_decode.$proc$../build/yosys/bedrock_full_decode_sv2v.v:4546$1609'.
No latch inferred for signal `\bedrock_full_decode.\physical_word_at$func$../build/yosys/bedrock_full_decode_sv2v.v:4546$1425.$result' from process `\bedrock_full_decode.$proc$../build/yosys/bedrock_full_decode_sv2v.v:4546$1609'.
No latch inferred for signal `\bedrock_full_decode.\physical_word_at$func$../build/yosys/bedrock_full_decode_sv2v.v:4545$1306.$result' from process `\bedrock_full_decode.$proc$../build/yosys/bedrock_full_decode_sv2v.v:4545$1605'.
No latch inferred for signal `\bedrock_full_decode.\physical_word_at$func$../build/yosys/bedrock_full_decode_sv2v.v:4545$1424.$result' from process `\bedrock_full_decode.$proc$../build/yosys/bedrock_full_decode_sv2v.v:4545$1605'.
No latch inferred for signal `\bedrock_full_decode.\physical_word_at$func$../build/yosys/bedrock_full_decode_sv2v.v:4545$1305.$result' from process `\bedrock_full_decode.$proc$../build/yosys/bedrock_full_decode_sv2v.v:4545$1601'.
No latch inferred for signal `\bedrock_full_decode.\physical_word_at$func$../build/yosys/bedrock_full_decode_sv2v.v:4545$1423.$result' from process `\bedrock_full_decode.$proc$../build/yosys/bedrock_full_decode_sv2v.v:4545$1601'.
No latch inferred for signal `\bedrock_full_decode.\physical_word_at$func$../build/yosys/bedrock_full_decode_sv2v.v:4544$1304.$result' from process `\bedrock_full_decode.$proc$../build/yosys/bedrock_full_decode_sv2v.v:4544$1597'.
No latch inferred for signal `\bedrock_full_decode.\physical_word_at$func$../build/yosys/bedrock_full_decode_sv2v.v:4544$1422.$result' from process `\bedrock_full_decode.$proc$../build/yosys/bedrock_full_decode_sv2v.v:4544$1597'.
No latch inferred for signal `\bedrock_full_decode.\physical_word_at$func$../build/yosys/bedrock_full_decode_sv2v.v:4544$1303.$result' from process `\bedrock_full_decode.$proc$../build/yosys/bedrock_full_decode_sv2v.v:4544$1593'.
No latch inferred for signal `\bedrock_full_decode.\physical_word_at$func$../build/yosys/bedrock_full_decode_sv2v.v:4544$1421.$result' from process `\bedrock_full_decode.$proc$../build/yosys/bedrock_full_decode_sv2v.v:4544$1593'.
No latch inferred for signal `\bedrock_full_decode.\physical_word_at$func$../build/yosys/bedrock_full_decode_sv2v.v:4543$1302.$result' from process `\bedrock_full_decode.$proc$../build/yosys/bedrock_full_decode_sv2v.v:4543$1589'.
No latch inferred for signal `\bedrock_full_decode.\physical_word_at$func$../build/yosys/bedrock_full_decode_sv2v.v:4543$1420.$result' from process `\bedrock_full_decode.$proc$../build/yosys/bedrock_full_decode_sv2v.v:4543$1589'.
No latch inferred for signal `\bedrock_full_decode.\physical_word_at$func$../build/yosys/bedrock_full_decode_sv2v.v:4543$1301.$result' from process `\bedrock_full_decode.$proc$../build/yosys/bedrock_full_decode_sv2v.v:4543$1585'.
No latch inferred for signal `\bedrock_full_decode.\physical_word_at$func$../build/yosys/bedrock_full_decode_sv2v.v:4543$1419.$result' from process `\bedrock_full_decode.$proc$../build/yosys/bedrock_full_decode_sv2v.v:4543$1585'.
No latch inferred for signal `\bedrock_full_decode.\physical_word_at$func$../build/yosys/bedrock_full_decode_sv2v.v:4542$1300.$result' from process `\bedrock_full_decode.$proc$../build/yosys/bedrock_full_decode_sv2v.v:4542$1581'.
No latch inferred for signal `\bedrock_full_decode.\physical_word_at$func$../build/yosys/bedrock_full_decode_sv2v.v:4542$1418.$result' from process `\bedrock_full_decode.$proc$../build/yosys/bedrock_full_decode_sv2v.v:4542$1581'.
No latch inferred for signal `\bedrock_full_decode.\physical_word_at$func$../build/yosys/bedrock_full_decode_sv2v.v:4542$1299.$result' from process `\bedrock_full_decode.$proc$../build/yosys/bedrock_full_decode_sv2v.v:4542$1577'.
No latch inferred for signal `\bedrock_full_decode.\physical_word_at$func$../build/yosys/bedrock_full_decode_sv2v.v:4542$1417.$result' from process `\bedrock_full_decode.$proc$../build/yosys/bedrock_full_decode_sv2v.v:4542$1577'.
No latch inferred for signal `\bedrock_full_decode.\physical_word_at$func$../build/yosys/bedrock_full_decode_sv2v.v:4540$1297.$result' from process `\bedrock_full_decode.$proc$../build/yosys/bedrock_full_decode_sv2v.v:4540$1573'.
No latch inferred for signal `\bedrock_full_decode.\physical_word_at$func$../build/yosys/bedrock_full_decode_sv2v.v:4540$1416.$result' from process `\bedrock_full_decode.$proc$../build/yosys/bedrock_full_decode_sv2v.v:4540$1573'.
No latch inferred for signal `\bedrock_full_decode.\bedrock_pkg_word0_primary_payload$func$../build/yosys/bedrock_full_decode_sv2v.v:4539$1296.$result' from process `\bedrock_full_decode.$proc$../build/yosys/bedrock_full_decode_sv2v.v:4539$1569'.
No latch inferred for signal `\bedrock_full_decode.\bedrock_pkg_word0_primary_payload$func$../build/yosys/bedrock_full_decode_sv2v.v:4539$1415.$result' from process `\bedrock_full_decode.$proc$../build/yosys/bedrock_full_decode_sv2v.v:4539$1569'.
No latch inferred for signal `\bedrock_full_decode.\bedrock_pkg_word0_primary_payload$func$../build/yosys/bedrock_full_decode_sv2v.v:4539$1415.word0' from process `\bedrock_full_decode.$proc$../build/yosys/bedrock_full_decode_sv2v.v:4539$1569'.
No latch inferred for signal `\bedrock_full_decode.\bedrock_pkg_word0_length_words$func$../build/yosys/bedrock_full_decode_sv2v.v:4532$1295.$result' from process `\bedrock_full_decode.$proc$../build/yosys/bedrock_full_decode_sv2v.v:4532$1560'.
No latch inferred for signal `\bedrock_full_decode.\bedrock_pkg_word0_length_words$func$../build/yosys/bedrock_full_decode_sv2v.v:4532$1412.$result' from process `\bedrock_full_decode.$proc$../build/yosys/bedrock_full_decode_sv2v.v:4532$1560'.
No latch inferred for signal `\bedrock_full_decode.\bedrock_pkg_word0_length_words$func$../build/yosys/bedrock_full_decode_sv2v.v:4532$1412.word0' from process `\bedrock_full_decode.$proc$../build/yosys/bedrock_full_decode_sv2v.v:4532$1560'.
No latch inferred for signal `\bedrock_full_decode.\bedrock_pkg_word0_length_field$func$../build/yosys/bedrock_full_decode_sv2v.v:4530$1413.$result' from process `\bedrock_full_decode.$proc$../build/yosys/bedrock_full_decode_sv2v.v:4532$1560'.
No latch inferred for signal `\bedrock_full_decode.\bedrock_pkg_word0_length_field$func$../build/yosys/bedrock_full_decode_sv2v.v:4530$1413.word0' from process `\bedrock_full_decode.$proc$../build/yosys/bedrock_full_decode_sv2v.v:4532$1560'.
No latch inferred for signal `\bedrock_full_decode.\sv2v_cast_4$func$../build/yosys/bedrock_full_decode_sv2v.v:4530$1414.$result' from process `\bedrock_full_decode.$proc$../build/yosys/bedrock_full_decode_sv2v.v:4532$1560'.
No latch inferred for signal `\bedrock_full_decode.\sv2v_cast_4$func$../build/yosys/bedrock_full_decode_sv2v.v:4530$1414.inp' from process `\bedrock_full_decode.$proc$../build/yosys/bedrock_full_decode_sv2v.v:4532$1560'.
No latch inferred for signal `\bedrock_full_decode.\bedrock_pkg_word0_prefix_present$func$../build/yosys/bedrock_full_decode_sv2v.v:4517$1294.$result' from process `\bedrock_full_decode.$proc$../build/yosys/bedrock_full_decode_sv2v.v:4517$1556'.
No latch inferred for signal `\bedrock_full_decode.\bedrock_pkg_word0_prefix_present$func$../build/yosys/bedrock_full_decode_sv2v.v:4517$1411.$result' from process `\bedrock_full_decode.$proc$../build/yosys/bedrock_full_decode_sv2v.v:4517$1556'.
No latch inferred for signal `\bedrock_full_decode.\bedrock_pkg_word0_prefix_present$func$../build/yosys/bedrock_full_decode_sv2v.v:4517$1411.word0' from process `\bedrock_full_decode.$proc$../build/yosys/bedrock_full_decode_sv2v.v:4517$1556'.
No latch inferred for signal `\bedrock_full_decode.\physical_word_at$func$../build/yosys/bedrock_full_decode_sv2v.v:4511$1293.$result' from process `\bedrock_full_decode.$proc$../build/yosys/bedrock_full_decode_sv2v.v:4511$1552'.
No latch inferred for signal `\bedrock_full_decode.\physical_word_at$func$../build/yosys/bedrock_full_decode_sv2v.v:4511$1410.$result' from process `\bedrock_full_decode.$proc$../build/yosys/bedrock_full_decode_sv2v.v:4511$1552'.
No latch inferred for signal `\bedrock_agu_request_build.\_sv2v_0' from process `\bedrock_agu_request_build.$proc$../build/yosys/bedrock_full_decode_sv2v.v:4358$1292'.
No latch inferred for signal `\bedrock_agu_request_build.\request_o' from process `\bedrock_agu_request_build.$proc$../build/yosys/bedrock_full_decode_sv2v.v:4321$1280'.
No latch inferred for signal `\bedrock_agu_request_build.\update_requested' from process `\bedrock_agu_request_build.$proc$../build/yosys/bedrock_full_decode_sv2v.v:4321$1280'.
No latch inferred for signal `\bedrock_ea_decode.\_sv2v_0' from process `\bedrock_ea_decode.$proc$../build/yosys/bedrock_full_decode_sv2v.v:4259$1279'.
No latch inferred for signal `\bedrock_ea_decode.\valid_o' from process `\bedrock_ea_decode.$proc$../build/yosys/bedrock_full_decode_sv2v.v:4232$1021'.
No latch inferred for signal `\bedrock_ea_decode.\decode' from process `\bedrock_ea_decode.$proc$../build/yosys/bedrock_full_decode_sv2v.v:4232$1021'.
No latch inferred for signal `\bedrock_ea_decode.\reserved_o' from process `\bedrock_ea_decode.$proc$../build/yosys/bedrock_full_decode_sv2v.v:4232$1021'.
No latch inferred for signal `\bedrock_ea_decode.\needs_descriptor_o' from process `\bedrock_ea_decode.$proc$../build/yosys/bedrock_full_decode_sv2v.v:4232$1021'.
No latch inferred for signal `\bedrock_ea_decode.\form_o' from process `\bedrock_ea_decode.$proc$../build/yosys/bedrock_full_decode_sv2v.v:4232$1021'.
No latch inferred for signal `\bedrock_ea_decode.\is_register_o' from process `\bedrock_ea_decode.$proc$../build/yosys/bedrock_full_decode_sv2v.v:4232$1021'.
No latch inferred for signal `\bedrock_ea_decode.\is_memory_o' from process `\bedrock_ea_decode.$proc$../build/yosys/bedrock_full_decode_sv2v.v:4232$1021'.
No latch inferred for signal `\bedrock_ea_decode.\is_immediate_o' from process `\bedrock_ea_decode.$proc$../build/yosys/bedrock_full_decode_sv2v.v:4232$1021'.
No latch inferred for signal `\bedrock_ea_decode.\update_eligible_o' from process `\bedrock_ea_decode.$proc$../build/yosys/bedrock_full_decode_sv2v.v:4232$1021'.
No latch inferred for signal `\bedrock_ea_decode.\signed32_index_escape_o' from process `\bedrock_ea_decode.$proc$../build/yosys/bedrock_full_decode_sv2v.v:4232$1021'.
No latch inferred for signal `\bedrock_ea_decode.\segment_selectable_o' from process `\bedrock_ea_decode.$proc$../build/yosys/bedrock_full_decode_sv2v.v:4232$1021'.
No latch inferred for signal `\bedrock_ea_decode.\segment_valid_o' from process `\bedrock_ea_decode.$proc$../build/yosys/bedrock_full_decode_sv2v.v:4232$1021'.
No latch inferred for signal `\bedrock_ea_decode.\has_base_reg_o' from process `\bedrock_ea_decode.$proc$../build/yosys/bedrock_full_decode_sv2v.v:4232$1021'.
No latch inferred for signal `\bedrock_ea_decode.\has_index_reg_o' from process `\bedrock_ea_decode.$proc$../build/yosys/bedrock_full_decode_sv2v.v:4232$1021'.
No latch inferred for signal `\bedrock_ea_decode.\has_displacement_o' from process `\bedrock_ea_decode.$proc$../build/yosys/bedrock_full_decode_sv2v.v:4232$1021'.
No latch inferred for signal `\bedrock_ea_decode.\has_absolute_o' from process `\bedrock_ea_decode.$proc$../build/yosys/bedrock_full_decode_sv2v.v:4232$1021'.
No latch inferred for signal `\bedrock_ea_decode.\segment_o' from process `\bedrock_ea_decode.$proc$../build/yosys/bedrock_full_decode_sv2v.v:4232$1021'.
No latch inferred for signal `\bedrock_ea_decode.\base_o' from process `\bedrock_ea_decode.$proc$../build/yosys/bedrock_full_decode_sv2v.v:4232$1021'.
No latch inferred for signal `\bedrock_ea_decode.\base_reg_o' from process `\bedrock_ea_decode.$proc$../build/yosys/bedrock_full_decode_sv2v.v:4232$1021'.
No latch inferred for signal `\bedrock_ea_decode.\index_reg_o' from process `\bedrock_ea_decode.$proc$../build/yosys/bedrock_full_decode_sv2v.v:4232$1021'.
No latch inferred for signal `\bedrock_ea_decode.\scale_log2_o' from process `\bedrock_ea_decode.$proc$../build/yosys/bedrock_full_decode_sv2v.v:4232$1021'.
No latch inferred for signal `\bedrock_ea_decode.\displacement_words_o' from process `\bedrock_ea_decode.$proc$../build/yosys/bedrock_full_decode_sv2v.v:4232$1021'.
No latch inferred for signal `\bedrock_ea_decode.\payload_words_o' from process `\bedrock_ea_decode.$proc$../build/yosys/bedrock_full_decode_sv2v.v:4232$1021'.
No latch inferred for signal `\bedrock_ea_decode.\bedrock_ea_decode_pkg_bedrock_decode_ea$func$../build/yosys/bedrock_full_decode_sv2v.v:4235$1004.$result' from process `\bedrock_ea_decode.$proc$../build/yosys/bedrock_full_decode_sv2v.v:4232$1021'.
No latch inferred for signal `\bedrock_ea_decode.\bedrock_ea_decode_pkg_bedrock_decode_ea$func$../build/yosys/bedrock_full_decode_sv2v.v:4235$1004.ea' from process `\bedrock_ea_decode.$proc$../build/yosys/bedrock_full_decode_sv2v.v:4232$1021'.
No latch inferred for signal `\bedrock_ea_decode.\bedrock_ea_decode_pkg_bedrock_decode_ea$func$../build/yosys/bedrock_full_decode_sv2v.v:4235$1004.descriptor' from process `\bedrock_ea_decode.$proc$../build/yosys/bedrock_full_decode_sv2v.v:4232$1021'.
No latch inferred for signal `\bedrock_ea_decode.\bedrock_ea_decode_pkg_bedrock_decode_ea$func$../build/yosys/bedrock_full_decode_sv2v.v:4235$1004.compact' from process `\bedrock_ea_decode.$proc$../build/yosys/bedrock_full_decode_sv2v.v:4232$1021'.
No latch inferred for signal `\bedrock_ea_decode.\bedrock_ea_decode_pkg_bedrock_decode_ea$func$../build/yosys/bedrock_full_decode_sv2v.v:4235$1004._sv2v_jump' from process `\bedrock_ea_decode.$proc$../build/yosys/bedrock_full_decode_sv2v.v:4232$1021'.
No latch inferred for signal `\bedrock_ea_decode.\bedrock_ea_decode_pkg_bedrock_decode_compact_ea$func$../build/yosys/bedrock_full_decode_sv2v.v:4221$1005.$result' from process `\bedrock_ea_decode.$proc$../build/yosys/bedrock_full_decode_sv2v.v:4232$1021'.
No latch inferred for signal `\bedrock_ea_decode.\bedrock_ea_decode_pkg_bedrock_decode_compact_ea$func$../build/yosys/bedrock_full_decode_sv2v.v:4221$1005.ea' from process `\bedrock_ea_decode.$proc$../build/yosys/bedrock_full_decode_sv2v.v:4232$1021'.
No latch inferred for signal `\bedrock_ea_decode.\bedrock_ea_decode_pkg_bedrock_decode_compact_ea$func$../build/yosys/bedrock_full_decode_sv2v.v:4221$1005.r' from process `\bedrock_ea_decode.$proc$../build/yosys/bedrock_full_decode_sv2v.v:4232$1021'.
No latch inferred for signal `\bedrock_ea_decode.\bedrock_ea_decode_pkg_bedrock_decode_extended_ea$func$../build/yosys/bedrock_full_decode_sv2v.v:4223$1006.$result' from process `\bedrock_ea_decode.$proc$../build/yosys/bedrock_full_decode_sv2v.v:4232$1021'.
No latch inferred for signal `\bedrock_ea_decode.\bedrock_ea_decode_pkg_bedrock_decode_extended_ea$func$../build/yosys/bedrock_full_decode_sv2v.v:4223$1006.signed32_index_escape' from process `\bedrock_ea_decode.$proc$../build/yosys/bedrock_full_decode_sv2v.v:4232$1021'.
No latch inferred for signal `\bedrock_ea_decode.\bedrock_ea_decode_pkg_bedrock_decode_extended_ea$func$../build/yosys/bedrock_full_decode_sv2v.v:4223$1006.descriptor' from process `\bedrock_ea_decode.$proc$../build/yosys/bedrock_full_decode_sv2v.v:4232$1021'.
No latch inferred for signal `\bedrock_ea_decode.\bedrock_ea_decode_pkg_bedrock_decode_extended_ea$func$../build/yosys/bedrock_full_decode_sv2v.v:4223$1006.r' from process `\bedrock_ea_decode.$proc$../build/yosys/bedrock_full_decode_sv2v.v:4232$1021'.
No latch inferred for signal `\bedrock_ea_decode.\bedrock_ea_decode_pkg_bedrock_decode_extended_ea$func$../build/yosys/bedrock_full_decode_sv2v.v:4223$1006.mode' from process `\bedrock_ea_decode.$proc$../build/yosys/bedrock_full_decode_sv2v.v:4232$1021'.
No latch inferred for signal `\bedrock_ea_decode.\bedrock_ea_decode_pkg_bedrock_decode_extended_ea$func$../build/yosys/bedrock_full_decode_sv2v.v:4223$1006.segment' from process `\bedrock_ea_decode.$proc$../build/yosys/bedrock_full_decode_sv2v.v:4232$1021'.
No latch inferred for signal `\bedrock_ea_decode.\bedrock_ea_decode_pkg_bedrock_decode_extended_ea$func$../build/yosys/bedrock_full_decode_sv2v.v:4223$1006.extra' from process `\bedrock_ea_decode.$proc$../build/yosys/bedrock_full_decode_sv2v.v:4232$1021'.
No latch inferred for signal `\bedrock_ea_decode.\bedrock_ea_decode_pkg_bedrock_ea_segment_decode$func$../build/yosys/bedrock_full_decode_sv2v.v:3623$1007.$result' from process `\bedrock_ea_decode.$proc$../build/yosys/bedrock_full_decode_sv2v.v:4232$1021'.
No latch inferred for signal `\bedrock_ea_decode.\bedrock_ea_decode_pkg_bedrock_ea_segment_decode$func$../build/yosys/bedrock_full_decode_sv2v.v:3623$1007.segment' from process `\bedrock_ea_decode.$proc$../build/yosys/bedrock_full_decode_sv2v.v:4232$1021'.
No latch inferred for signal `\bedrock_ea_decode.\bedrock_ea_decode_pkg_bedrock_ea_segment_decode$func$../build/yosys/bedrock_full_decode_sv2v.v:3647$1008.$result' from process `\bedrock_ea_decode.$proc$../build/yosys/bedrock_full_decode_sv2v.v:4232$1021'.
No latch inferred for signal `\bedrock_ea_decode.\bedrock_ea_decode_pkg_bedrock_ea_segment_decode$func$../build/yosys/bedrock_full_decode_sv2v.v:3647$1008.segment' from process `\bedrock_ea_decode.$proc$../build/yosys/bedrock_full_decode_sv2v.v:4232$1021'.
No latch inferred for signal `\bedrock_ea_decode.\bedrock_ea_decode_pkg_bedrock_ea_segment_decode$func$../build/yosys/bedrock_full_decode_sv2v.v:3670$1009.$result' from process `\bedrock_ea_decode.$proc$../build/yosys/bedrock_full_decode_sv2v.v:4232$1021'.
No latch inferred for signal `\bedrock_ea_decode.\bedrock_ea_decode_pkg_bedrock_ea_segment_decode$func$../build/yosys/bedrock_full_decode_sv2v.v:3670$1009.segment' from process `\bedrock_ea_decode.$proc$../build/yosys/bedrock_full_decode_sv2v.v:4232$1021'.
No latch inferred for signal `\bedrock_ea_decode.\bedrock_ea_decode_pkg_bedrock_ea_segment_decode$func$../build/yosys/bedrock_full_decode_sv2v.v:3695$1010.$result' from process `\bedrock_ea_decode.$proc$../build/yosys/bedrock_full_decode_sv2v.v:4232$1021'.
No latch inferred for signal `\bedrock_ea_decode.\bedrock_ea_decode_pkg_bedrock_ea_segment_decode$func$../build/yosys/bedrock_full_decode_sv2v.v:3695$1010.segment' from process `\bedrock_ea_decode.$proc$../build/yosys/bedrock_full_decode_sv2v.v:4232$1021'.
No latch inferred for signal `\bedrock_ea_decode.\bedrock_ea_decode_pkg_bedrock_ea_segment_decode$func$../build/yosys/bedrock_full_decode_sv2v.v:3718$1011.$result' from process `\bedrock_ea_decode.$proc$../build/yosys/bedrock_full_decode_sv2v.v:4232$1021'.
No latch inferred for signal `\bedrock_ea_decode.\bedrock_ea_decode_pkg_bedrock_ea_segment_decode$func$../build/yosys/bedrock_full_decode_sv2v.v:3718$1011.segment' from process `\bedrock_ea_decode.$proc$../build/yosys/bedrock_full_decode_sv2v.v:4232$1021'.
No latch inferred for signal `\bedrock_ea_decode.\bedrock_ea_decode_pkg_bedrock_ea_segment_decode$func$../build/yosys/bedrock_full_decode_sv2v.v:3743$1012.$result' from process `\bedrock_ea_decode.$proc$../build/yosys/bedrock_full_decode_sv2v.v:4232$1021'.
No latch inferred for signal `\bedrock_ea_decode.\bedrock_ea_decode_pkg_bedrock_ea_segment_decode$func$../build/yosys/bedrock_full_decode_sv2v.v:3743$1012.segment' from process `\bedrock_ea_decode.$proc$../build/yosys/bedrock_full_decode_sv2v.v:4232$1021'.
No latch inferred for signal `\bedrock_ea_decode.\bedrock_ea_decode_pkg_bedrock_ea_segment_decode$func$../build/yosys/bedrock_full_decode_sv2v.v:3766$1013.$result' from process `\bedrock_ea_decode.$proc$../build/yosys/bedrock_full_decode_sv2v.v:4232$1021'.
No latch inferred for signal `\bedrock_ea_decode.\bedrock_ea_decode_pkg_bedrock_ea_segment_decode$func$../build/yosys/bedrock_full_decode_sv2v.v:3766$1013.segment' from process `\bedrock_ea_decode.$proc$../build/yosys/bedrock_full_decode_sv2v.v:4232$1021'.
No latch inferred for signal `\bedrock_ea_decode.\bedrock_ea_decode_pkg_bedrock_ea_segment_decode$func$../build/yosys/bedrock_full_decode_sv2v.v:3791$1014.$result' from process `\bedrock_ea_decode.$proc$../build/yosys/bedrock_full_decode_sv2v.v:4232$1021'.
No latch inferred for signal `\bedrock_ea_decode.\bedrock_ea_decode_pkg_bedrock_ea_segment_decode$func$../build/yosys/bedrock_full_decode_sv2v.v:3791$1014.segment' from process `\bedrock_ea_decode.$proc$../build/yosys/bedrock_full_decode_sv2v.v:4232$1021'.
No latch inferred for signal `\bedrock_ea_decode.\bedrock_ea_decode_pkg_bedrock_ea_segment_decode$func$../build/yosys/bedrock_full_decode_sv2v.v:3814$1015.$result' from process `\bedrock_ea_decode.$proc$../build/yosys/bedrock_full_decode_sv2v.v:4232$1021'.
No latch inferred for signal `\bedrock_ea_decode.\bedrock_ea_decode_pkg_bedrock_ea_segment_decode$func$../build/yosys/bedrock_full_decode_sv2v.v:3814$1015.segment' from process `\bedrock_ea_decode.$proc$../build/yosys/bedrock_full_decode_sv2v.v:4232$1021'.
No latch inferred for signal `\bedrock_ea_decode.\bedrock_ea_decode_pkg_bedrock_ea_segment_decode$func$../build/yosys/bedrock_full_decode_sv2v.v:3837$1016.$result' from process `\bedrock_ea_decode.$proc$../build/yosys/bedrock_full_decode_sv2v.v:4232$1021'.
No latch inferred for signal `\bedrock_ea_decode.\bedrock_ea_decode_pkg_bedrock_ea_segment_decode$func$../build/yosys/bedrock_full_decode_sv2v.v:3837$1016.segment' from process `\bedrock_ea_decode.$proc$../build/yosys/bedrock_full_decode_sv2v.v:4232$1021'.
No latch inferred for signal `\bedrock_ea_decode.\bedrock_ea_decode_pkg_bedrock_ea_segment_decode$func$../build/yosys/bedrock_full_decode_sv2v.v:3860$1017.$result' from process `\bedrock_ea_decode.$proc$../build/yosys/bedrock_full_decode_sv2v.v:4232$1021'.
No latch inferred for signal `\bedrock_ea_decode.\bedrock_ea_decode_pkg_bedrock_ea_segment_decode$func$../build/yosys/bedrock_full_decode_sv2v.v:3860$1017.segment' from process `\bedrock_ea_decode.$proc$../build/yosys/bedrock_full_decode_sv2v.v:4232$1021'.
No latch inferred for signal `\bedrock_ea_decode.\bedrock_ea_decode_pkg_bedrock_ea_segment_decode$func$../build/yosys/bedrock_full_decode_sv2v.v:3883$1018.$result' from process `\bedrock_ea_decode.$proc$../build/yosys/bedrock_full_decode_sv2v.v:4232$1021'.
No latch inferred for signal `\bedrock_ea_decode.\bedrock_ea_decode_pkg_bedrock_ea_segment_decode$func$../build/yosys/bedrock_full_decode_sv2v.v:3883$1018.segment' from process `\bedrock_ea_decode.$proc$../build/yosys/bedrock_full_decode_sv2v.v:4232$1021'.
No latch inferred for signal `\bedrock_ea_decode.\bedrock_ea_decode_pkg_bedrock_ea_segment_decode$func$../build/yosys/bedrock_full_decode_sv2v.v:3905$1019.$result' from process `\bedrock_ea_decode.$proc$../build/yosys/bedrock_full_decode_sv2v.v:4232$1021'.
No latch inferred for signal `\bedrock_ea_decode.\bedrock_ea_decode_pkg_bedrock_ea_segment_decode$func$../build/yosys/bedrock_full_decode_sv2v.v:3905$1019.segment' from process `\bedrock_ea_decode.$proc$../build/yosys/bedrock_full_decode_sv2v.v:4232$1021'.
No latch inferred for signal `\bedrock_ea_decode.\bedrock_ea_decode_pkg_bedrock_ea_segment_decode$func$../build/yosys/bedrock_full_decode_sv2v.v:3927$1020.$result' from process `\bedrock_ea_decode.$proc$../build/yosys/bedrock_full_decode_sv2v.v:4232$1021'.
No latch inferred for signal `\bedrock_ea_decode.\bedrock_ea_decode_pkg_bedrock_ea_segment_decode$func$../build/yosys/bedrock_full_decode_sv2v.v:3927$1020.segment' from process `\bedrock_ea_decode.$proc$../build/yosys/bedrock_full_decode_sv2v.v:4232$1021'.
No latch inferred for signal `\bedrock_prefix_decode.\_sv2v_0' from process `\bedrock_prefix_decode.$proc$../build/yosys/bedrock_full_decode_sv2v.v:3183$1003'.
No latch inferred for signal `\bedrock_prefix_decode.\valid_o' from process `\bedrock_prefix_decode.$proc$../build/yosys/bedrock_full_decode_sv2v.v:3168$979'.
No latch inferred for signal `\bedrock_prefix_decode.\nospec_o' from process `\bedrock_prefix_decode.$proc$../build/yosys/bedrock_full_decode_sv2v.v:3168$979'.
No latch inferred for signal `\bedrock_prefix_decode.\saturate_o' from process `\bedrock_prefix_decode.$proc$../build/yosys/bedrock_full_decode_sv2v.v:3168$979'.
No latch inferred for signal `\bedrock_prefix_decode.\nontemporal_o' from process `\bedrock_prefix_decode.$proc$../build/yosys/bedrock_full_decode_sv2v.v:3168$979'.
No latch inferred for signal `\bedrock_prefix_decode.\update_mode_o' from process `\bedrock_prefix_decode.$proc$../build/yosys/bedrock_full_decode_sv2v.v:3168$979'.
No latch inferred for signal `\bedrock_prefix_decode.\access_mode_o' from process `\bedrock_prefix_decode.$proc$../build/yosys/bedrock_full_decode_sv2v.v:3168$979'.
No latch inferred for signal `\bedrock_prefix_decode.\repeat_kind_o' from process `\bedrock_prefix_decode.$proc$../build/yosys/bedrock_full_decode_sv2v.v:3168$979'.
No latch inferred for signal `\bedrock_prefix_decode.\repeat_condition_o' from process `\bedrock_prefix_decode.$proc$../build/yosys/bedrock_full_decode_sv2v.v:3168$979'.
No latch inferred for signal `\bedrock_prefix_decode.\repeat_counter_o' from process `\bedrock_prefix_decode.$proc$../build/yosys/bedrock_full_decode_sv2v.v:3168$979'.
No latch inferred for signal `\bedrock_prefix_decode.\end_group_o' from process `\bedrock_prefix_decode.$proc$../build/yosys/bedrock_full_decode_sv2v.v:3168$979'.
No latch inferred for signal `\bedrock_prefix_decode.\decode' from process `\bedrock_prefix_decode.$proc$../build/yosys/bedrock_full_decode_sv2v.v:3168$979'.
No latch inferred for signal `\bedrock_prefix_decode.\bedrock_prefix_decode_pkg_bedrock_decode_prefix_word$func$../build/yosys/bedrock_full_decode_sv2v.v:3171$974.$result' from process `\bedrock_prefix_decode.$proc$../build/yosys/bedrock_full_decode_sv2v.v:3168$979'.
No latch inferred for signal `\bedrock_prefix_decode.\bedrock_prefix_decode_pkg_bedrock_decode_prefix_word$func$../build/yosys/bedrock_full_decode_sv2v.v:3171$974.prefix_word' from process `\bedrock_prefix_decode.$proc$../build/yosys/bedrock_full_decode_sv2v.v:3168$979'.
No latch inferred for signal `\bedrock_prefix_decode.\bedrock_prefix_decode_pkg_bedrock_decode_prefix_word$func$../build/yosys/bedrock_full_decode_sv2v.v:3171$974.r' from process `\bedrock_prefix_decode.$proc$../build/yosys/bedrock_full_decode_sv2v.v:3168$979'.
No latch inferred for signal `\bedrock_prefix_decode.\bedrock_prefix_decode_pkg_bedrock_decode_prefix_byte$func$../build/yosys/bedrock_full_decode_sv2v.v:3161$975.$result' from process `\bedrock_prefix_decode.$proc$../build/yosys/bedrock_full_decode_sv2v.v:3168$979'.
No latch inferred for signal `\bedrock_prefix_decode.\bedrock_prefix_decode_pkg_bedrock_decode_prefix_byte$func$../build/yosys/bedrock_full_decode_sv2v.v:3161$975.prefix_byte' from process `\bedrock_prefix_decode.$proc$../build/yosys/bedrock_full_decode_sv2v.v:3168$979'.
No latch inferred for signal `\bedrock_prefix_decode.\bedrock_prefix_decode_pkg_bedrock_decode_prefix_byte$func$../build/yosys/bedrock_full_decode_sv2v.v:3161$975.r' from process `\bedrock_prefix_decode.$proc$../build/yosys/bedrock_full_decode_sv2v.v:3168$979'.
No latch inferred for signal `\bedrock_prefix_decode.\bedrock_prefix_decode_pkg_bedrock_decode_prefix_byte$func$../build/yosys/bedrock_full_decode_sv2v.v:3162$976.$result' from process `\bedrock_prefix_decode.$proc$../build/yosys/bedrock_full_decode_sv2v.v:3168$979'.
No latch inferred for signal `\bedrock_prefix_decode.\bedrock_prefix_decode_pkg_bedrock_decode_prefix_byte$func$../build/yosys/bedrock_full_decode_sv2v.v:3162$976.prefix_byte' from process `\bedrock_prefix_decode.$proc$../build/yosys/bedrock_full_decode_sv2v.v:3168$979'.
No latch inferred for signal `\bedrock_prefix_decode.\bedrock_prefix_decode_pkg_bedrock_decode_prefix_byte$func$../build/yosys/bedrock_full_decode_sv2v.v:3162$976.r' from process `\bedrock_prefix_decode.$proc$../build/yosys/bedrock_full_decode_sv2v.v:3168$979'.
No latch inferred for signal `\bedrock_prefix_decode.\bedrock_prefix_decode_pkg_bedrock_apply_prefix_byte$func$../build/yosys/bedrock_full_decode_sv2v.v:3163$977.$result' from process `\bedrock_prefix_decode.$proc$../build/yosys/bedrock_full_decode_sv2v.v:3168$979'.
No latch inferred for signal `\bedrock_prefix_decode.\bedrock_prefix_decode_pkg_bedrock_apply_prefix_byte$func$../build/yosys/bedrock_full_decode_sv2v.v:3163$977.state' from process `\bedrock_prefix_decode.$proc$../build/yosys/bedrock_full_decode_sv2v.v:3168$979'.
No latch inferred for signal `\bedrock_prefix_decode.\bedrock_prefix_decode_pkg_bedrock_apply_prefix_byte$func$../build/yosys/bedrock_full_decode_sv2v.v:3163$977.prefix' from process `\bedrock_prefix_decode.$proc$../build/yosys/bedrock_full_decode_sv2v.v:3168$979'.
No latch inferred for signal `\bedrock_prefix_decode.\bedrock_prefix_decode_pkg_bedrock_apply_prefix_byte$func$../build/yosys/bedrock_full_decode_sv2v.v:3163$977.r' from process `\bedrock_prefix_decode.$proc$../build/yosys/bedrock_full_decode_sv2v.v:3168$979'.
No latch inferred for signal `\bedrock_prefix_decode.\bedrock_prefix_decode_pkg_bedrock_apply_prefix_byte$func$../build/yosys/bedrock_full_decode_sv2v.v:3164$978.$result' from process `\bedrock_prefix_decode.$proc$../build/yosys/bedrock_full_decode_sv2v.v:3168$979'.
No latch inferred for signal `\bedrock_prefix_decode.\bedrock_prefix_decode_pkg_bedrock_apply_prefix_byte$func$../build/yosys/bedrock_full_decode_sv2v.v:3164$978.state' from process `\bedrock_prefix_decode.$proc$../build/yosys/bedrock_full_decode_sv2v.v:3168$979'.
No latch inferred for signal `\bedrock_prefix_decode.\bedrock_prefix_decode_pkg_bedrock_apply_prefix_byte$func$../build/yosys/bedrock_full_decode_sv2v.v:3164$978.prefix' from process `\bedrock_prefix_decode.$proc$../build/yosys/bedrock_full_decode_sv2v.v:3168$979'.
No latch inferred for signal `\bedrock_prefix_decode.\bedrock_prefix_decode_pkg_bedrock_apply_prefix_byte$func$../build/yosys/bedrock_full_decode_sv2v.v:3164$978.r' from process `\bedrock_prefix_decode.$proc$../build/yosys/bedrock_full_decode_sv2v.v:3168$979'.
No latch inferred for signal `\bedrock_decode.\_sv2v_0' from process `\bedrock_decode.$proc$../build/yosys/bedrock_full_decode_sv2v.v:3016$973'.
No latch inferred for signal `\bedrock_decode.\valid_o' from process `\bedrock_decode.$proc$../build/yosys/bedrock_full_decode_sv2v.v:2980$874'.
No latch inferred for signal `\bedrock_decode.\needs_extension_o' from process `\bedrock_decode.$proc$../build/yosys/bedrock_full_decode_sv2v.v:2980$874'.
No latch inferred for signal `\bedrock_decode.\opcode_id_o' from process `\bedrock_decode.$proc$../build/yosys/bedrock_full_decode_sv2v.v:2980$874'.
No latch inferred for signal `\bedrock_decode.\field_format_id_o' from process `\bedrock_decode.$proc$../build/yosys/bedrock_full_decode_sv2v.v:2980$874'.
No latch inferred for signal `\bedrock_decode.\required_words_o' from process `\bedrock_decode.$proc$../build/yosys/bedrock_full_decode_sv2v.v:2980$874'.
No latch inferred for signal `\bedrock_decode.\ext_root_o' from process `\bedrock_decode.$proc$../build/yosys/bedrock_full_decode_sv2v.v:2980$874'.
No latch inferred for signal `\bedrock_decode.\repcc_allowed_o' from process `\bedrock_decode.$proc$../build/yosys/bedrock_full_decode_sv2v.v:2980$874'.
No latch inferred for signal `\bedrock_decode.\repg_allowed_o' from process `\bedrock_decode.$proc$../build/yosys/bedrock_full_decode_sv2v.v:2980$874'.
No latch inferred for signal `\bedrock_decode.\repg_fast_candidate_o' from process `\bedrock_decode.$proc$../build/yosys/bedrock_full_decode_sv2v.v:2980$874'.
No latch inferred for signal `\bedrock_decode.\primary_decode' from process `\bedrock_decode.$proc$../build/yosys/bedrock_full_decode_sv2v.v:2980$874'.
No latch inferred for signal `\bedrock_decode.\extended_decode' from process `\bedrock_decode.$proc$../build/yosys/bedrock_full_decode_sv2v.v:2980$874'.
No latch inferred for signal `\bedrock_decode.\field_format_token_words' from process `\bedrock_decode.$proc$../build/yosys/bedrock_full_decode_sv2v.v:2980$874'.
No latch inferred for signal `\bedrock_decode.\repcc_allowed' from process `\bedrock_decode.$proc$../build/yosys/bedrock_full_decode_sv2v.v:2980$874'.
No latch inferred for signal `\bedrock_decode.\repg_allowed' from process `\bedrock_decode.$proc$../build/yosys/bedrock_full_decode_sv2v.v:2980$874'.
No latch inferred for signal `\bedrock_decode.\repg_fast_candidate' from process `\bedrock_decode.$proc$../build/yosys/bedrock_full_decode_sv2v.v:2980$874'.
No latch inferred for signal `\bedrock_decode.\bedrock_decode_pkg_bedrock_decode_primary_payload$func$../build/yosys/bedrock_full_decode_sv2v.v:2983$1.$result' from process `\bedrock_decode.$proc$../build/yosys/bedrock_full_decode_sv2v.v:2980$874'.
No latch inferred for signal `\bedrock_decode.\bedrock_decode_pkg_bedrock_decode_primary_payload$func$../build/yosys/bedrock_full_decode_sv2v.v:2983$1.payload' from process `\bedrock_decode.$proc$../build/yosys/bedrock_full_decode_sv2v.v:2980$874'.
No latch inferred for signal `\bedrock_decode.\bedrock_decode_pkg_bedrock_decode_primary_payload$func$../build/yosys/bedrock_full_decode_sv2v.v:2983$1.r' from process `\bedrock_decode.$proc$../build/yosys/bedrock_full_decode_sv2v.v:2980$874'.
No latch inferred for signal `\bedrock_decode.\bedrock_decode_pkg_bedrock_decode_extended_opcode$func$../build/yosys/bedrock_full_decode_sv2v.v:2998$133.$result' from process `\bedrock_decode.$proc$../build/yosys/bedrock_full_decode_sv2v.v:2980$874'.
No latch inferred for signal `\bedrock_decode.\bedrock_decode_pkg_bedrock_decode_extended_opcode$func$../build/yosys/bedrock_full_decode_sv2v.v:2998$133.ext_root' from process `\bedrock_decode.$proc$../build/yosys/bedrock_full_decode_sv2v.v:2980$874'.
No latch inferred for signal `\bedrock_decode.\bedrock_decode_pkg_bedrock_decode_extended_opcode$func$../build/yosys/bedrock_full_decode_sv2v.v:2998$133.extension_word' from process `\bedrock_decode.$proc$../build/yosys/bedrock_full_decode_sv2v.v:2980$874'.
No latch inferred for signal `\bedrock_decode.\bedrock_decode_pkg_bedrock_decode_extended_opcode$func$../build/yosys/bedrock_full_decode_sv2v.v:2998$133.r' from process `\bedrock_decode.$proc$../build/yosys/bedrock_full_decode_sv2v.v:2980$874'.
No latch inferred for signal `\bedrock_decode.\bedrock_decode_pkg_bedrock_decode_field_format_token_words$func$../build/yosys/bedrock_full_decode_sv2v.v:3008$822.$result' from process `\bedrock_decode.$proc$../build/yosys/bedrock_full_decode_sv2v.v:2980$874'.
No latch inferred for signal `\bedrock_decode.\bedrock_decode_pkg_bedrock_decode_field_format_token_words$func$../build/yosys/bedrock_full_decode_sv2v.v:3008$822.field_format_id' from process `\bedrock_decode.$proc$../build/yosys/bedrock_full_decode_sv2v.v:2980$874'.
No latch inferred for signal `\bedrock_decode.\bedrock_decode_pkg_bedrock_decode_field_format_token_words$func$../build/yosys/bedrock_full_decode_sv2v.v:3008$822.r' from process `\bedrock_decode.$proc$../build/yosys/bedrock_full_decode_sv2v.v:2980$874'.

2.2.9. Executing PROC_DFF pass (convert process syncs to FFs).

2.2.10. Executing PROC_MEMWR pass (convert process memory writes to cells).

2.2.11. Executing PROC_CLEAN pass (remove empty switches from decision trees).
Removing empty process `bedrock_full_decode.$proc$../build/yosys/bedrock_full_decode_sv2v.v:4973$1679'.
Removing empty process `bedrock_full_decode.$proc$../build/yosys/bedrock_full_decode_sv2v.v:4967$1678'.
Removing empty process `bedrock_full_decode.$proc$../build/yosys/bedrock_full_decode_sv2v.v:4966$1677'.
Removing empty process `bedrock_full_decode.$proc$../build/yosys/bedrock_full_decode_sv2v.v:4965$1676'.
Removing empty process `bedrock_full_decode.$proc$../build/yosys/bedrock_full_decode_sv2v.v:4964$1675'.
Removing empty process `bedrock_full_decode.$proc$../build/yosys/bedrock_full_decode_sv2v.v:4963$1674'.
Removing empty process `bedrock_full_decode.$proc$../build/yosys/bedrock_full_decode_sv2v.v:4962$1673'.
Removing empty process `bedrock_full_decode.$proc$../build/yosys/bedrock_full_decode_sv2v.v:4961$1672'.
Removing empty process `bedrock_full_decode.$proc$../build/yosys/bedrock_full_decode_sv2v.v:4947$1671'.
Removing empty process `bedrock_full_decode.$proc$../build/yosys/bedrock_full_decode_sv2v.v:4941$1670'.
Removing empty process `bedrock_full_decode.$proc$../build/yosys/bedrock_full_decode_sv2v.v:4940$1669'.
Removing empty process `bedrock_full_decode.$proc$../build/yosys/bedrock_full_decode_sv2v.v:4939$1668'.
Removing empty process `bedrock_full_decode.$proc$../build/yosys/bedrock_full_decode_sv2v.v:4938$1667'.
Removing empty process `bedrock_full_decode.$proc$../build/yosys/bedrock_full_decode_sv2v.v:4937$1666'.
Removing empty process `bedrock_full_decode.$proc$../build/yosys/bedrock_full_decode_sv2v.v:4936$1665'.
Removing empty process `bedrock_full_decode.$proc$../build/yosys/bedrock_full_decode_sv2v.v:4935$1664'.
Found and cleaned up 7 empty switches in `\bedrock_full_decode.$proc$../build/yosys/bedrock_full_decode_sv2v.v:4913$1643'.
Removing empty process `bedrock_full_decode.$proc$../build/yosys/bedrock_full_decode_sv2v.v:4913$1643'.
Found and cleaned up 1 empty switch in `\bedrock_full_decode.$proc$../build/yosys/bedrock_full_decode_sv2v.v:4823$1629'.
Removing empty process `bedrock_full_decode.$proc$../build/yosys/bedrock_full_decode_sv2v.v:4823$1629'.
Removing empty process `bedrock_full_decode.$proc$../build/yosys/bedrock_full_decode_sv2v.v:4548$1625'.
Removing empty process `bedrock_full_decode.$proc$../build/yosys/bedrock_full_decode_sv2v.v:4547$1621'.
Removing empty process `bedrock_full_decode.$proc$../build/yosys/bedrock_full_decode_sv2v.v:4547$1617'.
Removing empty process `bedrock_full_decode.$proc$../build/yosys/bedrock_full_decode_sv2v.v:4546$1613'.
Removing empty process `bedrock_full_decode.$proc$../build/yosys/bedrock_full_decode_sv2v.v:4546$1609'.
Removing empty process `bedrock_full_decode.$proc$../build/yosys/bedrock_full_decode_sv2v.v:4545$1605'.
Removing empty process `bedrock_full_decode.$proc$../build/yosys/bedrock_full_decode_sv2v.v:4545$1601'.
Removing empty process `bedrock_full_decode.$proc$../build/yosys/bedrock_full_decode_sv2v.v:4544$1597'.
Removing empty process `bedrock_full_decode.$proc$../build/yosys/bedrock_full_decode_sv2v.v:4544$1593'.
Removing empty process `bedrock_full_decode.$proc$../build/yosys/bedrock_full_decode_sv2v.v:4543$1589'.
Removing empty process `bedrock_full_decode.$proc$../build/yosys/bedrock_full_decode_sv2v.v:4543$1585'.
Removing empty process `bedrock_full_decode.$proc$../build/yosys/bedrock_full_decode_sv2v.v:4542$1581'.
Removing empty process `bedrock_full_decode.$proc$../build/yosys/bedrock_full_decode_sv2v.v:4542$1577'.
Removing empty process `bedrock_full_decode.$proc$../build/yosys/bedrock_full_decode_sv2v.v:4540$1573'.
Removing empty process `bedrock_full_decode.$proc$../build/yosys/bedrock_full_decode_sv2v.v:4539$1569'.
Removing empty process `bedrock_full_decode.$proc$../build/yosys/bedrock_full_decode_sv2v.v:4532$1560'.
Removing empty process `bedrock_full_decode.$proc$../build/yosys/bedrock_full_decode_sv2v.v:4517$1556'.
Removing empty process `bedrock_full_decode.$proc$../build/yosys/bedrock_full_decode_sv2v.v:4511$1552'.
Removing empty process `bedrock_agu_request_build.$proc$../build/yosys/bedrock_full_decode_sv2v.v:4358$1292'.
Removing empty process `bedrock_agu_request_build.$proc$../build/yosys/bedrock_full_decode_sv2v.v:4321$1280'.
Removing empty process `bedrock_ea_decode.$proc$../build/yosys/bedrock_full_decode_sv2v.v:4259$1279'.
Found and cleaned up 43 empty switches in `\bedrock_ea_decode.$proc$../build/yosys/bedrock_full_decode_sv2v.v:4232$1021'.
Removing empty process `bedrock_ea_decode.$proc$../build/yosys/bedrock_full_decode_sv2v.v:4232$1021'.
Removing empty process `bedrock_prefix_decode.$proc$../build/yosys/bedrock_full_decode_sv2v.v:3183$1003'.
Found and cleaned up 4 empty switches in `\bedrock_prefix_decode.$proc$../build/yosys/bedrock_full_decode_sv2v.v:3168$979'.
Removing empty process `bedrock_prefix_decode.$proc$../build/yosys/bedrock_full_decode_sv2v.v:3168$979'.
Removing empty process `bedrock_decode.$proc$../build/yosys/bedrock_full_decode_sv2v.v:3016$973'.
Found and cleaned up 38 empty switches in `\bedrock_decode.$proc$../build/yosys/bedrock_full_decode_sv2v.v:2980$874'.
Removing empty process `bedrock_decode.$proc$../build/yosys/bedrock_full_decode_sv2v.v:2980$874'.
Cleaned up 93 empty switches.

2.2.12. Executing OPT_EXPR pass (perform const folding).
Optimizing module bedrock_full_decode.
<suppressed ~7 debug messages>
Optimizing module bedrock_agu_request_build.
<suppressed ~1 debug messages>
Optimizing module bedrock_ea_decode.
<suppressed ~603 debug messages>
Optimizing module bedrock_prefix_decode.
<suppressed ~5 debug messages>
Optimizing module bedrock_decode.
<suppressed ~92 debug messages>

2.3. Executing OPT_EXPR pass (perform const folding).
Optimizing module bedrock_full_decode.
Optimizing module bedrock_agu_request_build.
Optimizing module bedrock_ea_decode.
Optimizing module bedrock_prefix_decode.
Optimizing module bedrock_decode.

2.4. Executing OPT_CLEAN pass (remove unused cells and wires).
Finding unused cells or wires in module \bedrock_full_decode..
Finding unused cells or wires in module \bedrock_agu_request_build..
Finding unused cells or wires in module \bedrock_ea_decode..
Finding unused cells or wires in module \bedrock_prefix_decode..
Finding unused cells or wires in module \bedrock_decode..
Removed 287 unused cells and 3203 unused wires.
<suppressed ~294 debug messages>

2.5. Executing CHECK pass (checking for obvious problems).
Checking module bedrock_full_decode...
Checking module bedrock_agu_request_build...
Checking module bedrock_ea_decode...
Checking module bedrock_prefix_decode...
Checking module bedrock_decode...
Found and reported 0 problems.

2.6. Executing OPT pass (performing simple optimizations).

2.6.1. Executing OPT_EXPR pass (perform const folding).
Optimizing module bedrock_full_decode.
Optimizing module bedrock_agu_request_build.
Optimizing module bedrock_ea_decode.
Optimizing module bedrock_prefix_decode.
Optimizing module bedrock_decode.

2.6.2. Executing OPT_MERGE pass (detect identical cells).
Finding identical cells in module `\bedrock_full_decode'.
Computing hashes of 268 cells of `\bedrock_full_decode'.
Finding duplicate cells in `\bedrock_full_decode'.
Computing hashes of 132 cells of `\bedrock_full_decode'.
Finding duplicate cells in `\bedrock_full_decode'.
<suppressed ~408 debug messages>
Finding identical cells in module `\bedrock_agu_request_build'.
Computing hashes of 11 cells of `\bedrock_agu_request_build'.
Finding duplicate cells in `\bedrock_agu_request_build'.
Finding identical cells in module `\bedrock_ea_decode'.
Computing hashes of 2870 cells of `\bedrock_ea_decode'.
Finding duplicate cells in `\bedrock_ea_decode'.
Computing hashes of 1756 cells of `\bedrock_ea_decode'.
Finding duplicate cells in `\bedrock_ea_decode'.
<suppressed ~3342 debug messages>
Finding identical cells in module `\bedrock_prefix_decode'.
Computing hashes of 115 cells of `\bedrock_prefix_decode'.
Finding duplicate cells in `\bedrock_prefix_decode'.
Computing hashes of 79 cells of `\bedrock_prefix_decode'.
Finding duplicate cells in `\bedrock_prefix_decode'.
<suppressed ~108 debug messages>
Finding identical cells in module `\bedrock_decode'.
Computing hashes of 2612 cells of `\bedrock_decode'.
Finding duplicate cells in `\bedrock_decode'.
Computing hashes of 897 cells of `\bedrock_decode'.
Finding duplicate cells in `\bedrock_decode'.
Computing hashes of 896 cells of `\bedrock_decode'.
Finding duplicate cells in `\bedrock_decode'.
<suppressed ~5148 debug messages>
Removed a total of 3002 cells.

2.6.3. Executing OPT_MUXTREE pass (detect dead branches in mux trees).
Running muxtree optimizer on module \bedrock_full_decode..
  Creating internal representation of mux trees.
  Evaluating internal representation of mux trees.
  Analyzing evaluation results.
    dead port 2/2 on $mux $procmux$1814.
    dead port 2/2 on $mux $procmux$1799.
    dead port 2/2 on $mux $procmux$1784.
    dead port 2/2 on $mux $procmux$1771.
    dead port 2/2 on $mux $procmux$1759.
    dead port 2/2 on $mux $procmux$1748.
Running muxtree optimizer on module \bedrock_agu_request_build..
  Creating internal representation of mux trees.
  Evaluating internal representation of mux trees.
  Analyzing evaluation results.
Running muxtree optimizer on module \bedrock_ea_decode..
  Creating internal representation of mux trees.
  Evaluating internal representation of mux trees.
      Replacing known input bits on port A of cell $procmux$2424: $0\bedrock_ea_decode_pkg_bedrock_decode_compact_ea$func$../build/yosys/bedrock_full_decode_sv2v.v:4221$1005.$result[39:0]$1027 [36] -> 1'0
      Replacing known input bits on port A of cell $procmux$3942: $0\bedrock_ea_decode_pkg_bedrock_decode_compact_ea$func$../build/yosys/bedrock_full_decode_sv2v.v:4221$1005.$result[39:0]$1027 [36] -> 1'0
      Replacing known input bits on port A of cell $procmux$2884: $0\bedrock_ea_decode_pkg_bedrock_decode_compact_ea$func$../build/yosys/bedrock_full_decode_sv2v.v:4221$1005.$result[39:0]$1027 [36] -> 1'0
      Replacing known input bits on port A of cell $procmux$4513: $0\bedrock_ea_decode_pkg_bedrock_decode_compact_ea$func$../build/yosys/bedrock_full_decode_sv2v.v:4221$1005.$result[39:0]$1027 [36] -> 1'0
      Replacing known input bits on port A of cell $procmux$3383: $0\bedrock_ea_decode_pkg_bedrock_decode_compact_ea$func$../build/yosys/bedrock_full_decode_sv2v.v:4221$1005.$result[39:0]$1027 [36] -> 1'0
      Replacing known input bits on port A of cell $procmux$5124: $0\bedrock_ea_decode_pkg_bedrock_decode_compact_ea$func$../build/yosys/bedrock_full_decode_sv2v.v:4221$1005.$result[39:0]$1027 [36] -> 1'0
      Replacing known input bits on port A of cell $procmux$3921: $0\bedrock_ea_decode_pkg_bedrock_decode_compact_ea$func$../build/yosys/bedrock_full_decode_sv2v.v:4221$1005.$result[39:0]$1027 [36] -> 1'0
      Replacing known input bits on port A of cell $procmux$5418: $0\bedrock_ea_decode_pkg_bedrock_decode_compact_ea$func$../build/yosys/bedrock_full_decode_sv2v.v:4221$1005.$result[39:0]$1027 [36] -> 1'0
      Replacing known input bits on port A of cell $procmux$4490: $0\bedrock_ea_decode_pkg_bedrock_decode_compact_ea$func$../build/yosys/bedrock_full_decode_sv2v.v:4221$1005.$result[39:0]$1027 [36] -> 1'0
      Replacing known input bits on port A of cell $procmux$6099: $0\bedrock_ea_decode_pkg_bedrock_decode_compact_ea$func$../build/yosys/bedrock_full_decode_sv2v.v:4221$1005.$result[39:0]$1027 [36] -> 1'0
      Replacing known input bits on port A of cell $procmux$5099: $0\bedrock_ea_decode_pkg_bedrock_decode_compact_ea$func$../build/yosys/bedrock_full_decode_sv2v.v:4221$1005.$result[39:0]$1027 [36] -> 1'0
      Replacing known input bits on port A of cell $procmux$5748: $0\bedrock_ea_decode_pkg_bedrock_decode_compact_ea$func$../build/yosys/bedrock_full_decode_sv2v.v:4221$1005.$result[39:0]$1027 [36] -> 1'0
      Replacing known input bits on port A of cell $procmux$7942: $0\bedrock_ea_decode_pkg_bedrock_decode_compact_ea$func$../build/yosys/bedrock_full_decode_sv2v.v:4221$1005.$result[39:0]$1027 [36] -> 1'0
      Replacing known input bits on port A of cell $procmux$11582: $0\bedrock_ea_decode_pkg_bedrock_decode_compact_ea$func$../build/yosys/bedrock_full_decode_sv2v.v:4221$1005.$result[39:0]$1027 [36] -> 1'0
      Replacing known input bits on port A of cell $procmux$9060: $0\bedrock_ea_decode_pkg_bedrock_decode_compact_ea$func$../build/yosys/bedrock_full_decode_sv2v.v:4221$1005.$result[39:0]$1027 [36] -> 1'0
      Replacing known input bits on port A of cell $procmux$7983: $0\bedrock_ea_decode_pkg_bedrock_decode_compact_ea$func$../build/yosys/bedrock_full_decode_sv2v.v:4221$1005.$result[39:0]$1027 [36] -> 1'0
      Replacing known input bits on port A of cell $procmux$10228: $0\bedrock_ea_decode_pkg_bedrock_decode_compact_ea$func$../build/yosys/bedrock_full_decode_sv2v.v:4221$1005.$result[39:0]$1027 [36] -> 1'0
      Replacing known input bits on port A of cell $procmux$9103: $0\bedrock_ea_decode_pkg_bedrock_decode_compact_ea$func$../build/yosys/bedrock_full_decode_sv2v.v:4221$1005.$result[39:0]$1027 [36] -> 1'0
      Replacing known input bits on port A of cell $procmux$11444: $0\bedrock_ea_decode_pkg_bedrock_decode_compact_ea$func$../build/yosys/bedrock_full_decode_sv2v.v:4221$1005.$result[39:0]$1027 [36] -> 1'0
      Replacing known input bits on port A of cell $procmux$10273: $0\bedrock_ea_decode_pkg_bedrock_decode_compact_ea$func$../build/yosys/bedrock_full_decode_sv2v.v:4221$1005.$result[39:0]$1027 [36] -> 1'0
  Analyzing evaluation results.
    dead port 2/2 on $mux $procmux$10642.
    dead port 2/2 on $mux $procmux$10640.
    dead port 2/2 on $mux $procmux$7886.
    dead port 2/2 on $mux $procmux$7884.
    dead port 2/2 on $mux $procmux$10638.
    dead port 2/2 on $mux $procmux$7866.
    dead port 2/2 on $mux $procmux$7864.
    dead port 2/2 on $mux $procmux$10635.
    dead port 2/2 on $mux $procmux$7846.
    dead port 2/2 on $mux $procmux$7844.
    dead port 2/2 on $mux $procmux$10616.
    dead port 2/2 on $mux $procmux$7826.
    dead port 2/2 on $mux $procmux$7824.
    dead port 2/2 on $mux $procmux$10614.
    dead port 2/2 on $mux $procmux$7806.
    dead port 2/2 on $mux $procmux$7804.
    dead port 2/2 on $mux $procmux$7786.
    dead port 2/2 on $mux $procmux$7784.
    dead port 2/2 on $mux $procmux$10612.
    dead port 2/2 on $mux $procmux$7766.
    dead port 2/2 on $mux $procmux$7764.
    dead port 2/2 on $mux $procmux$10609.
    dead port 2/2 on $mux $procmux$7746.
    dead port 2/2 on $mux $procmux$7744.
    dead port 2/2 on $mux $procmux$10590.
    dead port 2/2 on $mux $procmux$7726.
    dead port 2/2 on $mux $procmux$7724.
    dead port 2/2 on $mux $procmux$10588.
    dead port 2/2 on $mux $procmux$7706.
    dead port 2/2 on $mux $procmux$7704.
    dead port 2/2 on $mux $procmux$7686.
    dead port 2/2 on $mux $procmux$7684.
    dead port 2/2 on $mux $procmux$10586.
    dead port 2/2 on $mux $procmux$7666.
    dead port 2/2 on $mux $procmux$7664.
    dead port 2/2 on $mux $procmux$10565.
    dead port 2/2 on $mux $procmux$7646.
    dead port 2/2 on $mux $procmux$7644.
    dead port 2/2 on $mux $procmux$10563.
    dead port 2/2 on $mux $procmux$7626.
    dead port 2/2 on $mux $procmux$7624.
    dead port 1/2 on $mux $procmux$7622.
    dead port 2/2 on $mux $procmux$7605.
    dead port 2/2 on $mux $procmux$7603.
    dead port 2/2 on $mux $procmux$10561.
    dead port 2/2 on $mux $procmux$7585.
    dead port 2/2 on $mux $procmux$7583.
    dead port 2/2 on $mux $procmux$10540.
    dead port 2/2 on $mux $procmux$7565.
    dead port 2/2 on $mux $procmux$7563.
    dead port 2/2 on $mux $procmux$10538.
    dead port 2/2 on $mux $procmux$10536.
    dead port 2/2 on $mux $procmux$10533.
    dead port 2/2 on $mux $procmux$10514.
    dead port 2/2 on $mux $procmux$10512.
    dead port 2/2 on $mux $procmux$10510.
    dead port 2/2 on $mux $procmux$10507.
    dead port 2/2 on $mux $procmux$7505.
    dead port 2/2 on $mux $procmux$7503.
    dead port 2/2 on $mux $procmux$10487.
    dead port 2/2 on $mux $procmux$7485.
    dead port 2/2 on $mux $procmux$7483.
    dead port 2/2 on $mux $procmux$10485.
    dead port 2/2 on $mux $procmux$7465.
    dead port 2/2 on $mux $procmux$7463.
    dead port 2/2 on $mux $procmux$7445.
    dead port 2/2 on $mux $procmux$7443.
    dead port 2/2 on $mux $procmux$10483.
    dead port 2/2 on $mux $procmux$7441.
    dead port 2/2 on $mux $procmux$7438.
    dead port 2/2 on $mux $procmux$7422.
    dead port 2/2 on $mux $procmux$7420.
    dead port 2/2 on $mux $procmux$10480.
    dead port 2/2 on $mux $procmux$7418.
    dead port 2/2 on $mux $procmux$7415.
    dead port 2/2 on $mux $procmux$7399.
    dead port 2/2 on $mux $procmux$7397.
    dead port 2/2 on $mux $procmux$10461.
    dead port 2/2 on $mux $procmux$7395.
    dead port 2/2 on $mux $procmux$7377.
    dead port 2/2 on $mux $procmux$7375.
    dead port 2/2 on $mux $procmux$10459.
    dead port 2/2 on $mux $procmux$7373.
    dead port 2/2 on $mux $procmux$7370.
    dead port 2/2 on $mux $procmux$7354.
    dead port 2/2 on $mux $procmux$7352.
    dead port 2/2 on $mux $procmux$7350.
    dead port 2/2 on $mux $procmux$7332.
    dead port 2/2 on $mux $procmux$7330.
    dead port 2/2 on $mux $procmux$10457.
    dead port 2/2 on $mux $procmux$7328.
    dead port 2/2 on $mux $procmux$7310.
    dead port 2/2 on $mux $procmux$7308.
    dead port 2/2 on $mux $procmux$10454.
    dead port 2/2 on $mux $procmux$7306.
    dead port 2/2 on $mux $procmux$7303.
    dead port 2/2 on $mux $procmux$7287.
    dead port 2/2 on $mux $procmux$7285.
    dead port 2/2 on $mux $procmux$10435.
    dead port 2/2 on $mux $procmux$7283.
    dead port 2/2 on $mux $procmux$7265.
    dead port 2/2 on $mux $procmux$7263.
    dead port 2/2 on $mux $procmux$10433.
    dead port 2/2 on $mux $procmux$7261.
    dead port 2/2 on $mux $procmux$7258.
    dead port 2/2 on $mux $procmux$7242.
    dead port 2/2 on $mux $procmux$7240.
    dead port 2/2 on $mux $procmux$7238.
    dead port 2/2 on $mux $procmux$7235.
    dead port 2/2 on $mux $procmux$7219.
    dead port 2/2 on $mux $procmux$7217.
    dead port 2/2 on $mux $procmux$10431.
    dead port 2/2 on $mux $procmux$7215.
    dead port 2/2 on $mux $procmux$7212.
    dead port 2/2 on $mux $procmux$7196.
    dead port 2/2 on $mux $procmux$7194.
    dead port 2/2 on $mux $procmux$10410.
    dead port 2/2 on $mux $procmux$7192.
    dead port 2/2 on $mux $procmux$7174.
    dead port 2/2 on $mux $procmux$7172.
    dead port 2/2 on $mux $procmux$10408.
    dead port 2/2 on $mux $procmux$7170.
    dead port 2/2 on $mux $procmux$7167.
    dead port 2/2 on $mux $procmux$7151.
    dead port 2/2 on $mux $procmux$7149.
    dead port 2/2 on $mux $procmux$7147.
    dead port 2/2 on $mux $procmux$7144.
    dead port 2/2 on $mux $procmux$7128.
    dead port 2/2 on $mux $procmux$7126.
    dead port 2/2 on $mux $procmux$10406.
    dead port 2/2 on $mux $procmux$7124.
    dead port 2/2 on $mux $procmux$7121.
    dead port 2/2 on $mux $procmux$7104.
    dead port 2/2 on $mux $procmux$7102.
    dead port 2/2 on $mux $procmux$10403.
    dead port 2/2 on $mux $procmux$7100.
    dead port 2/2 on $mux $procmux$7097.
    dead port 2/2 on $mux $procmux$7081.
    dead port 2/2 on $mux $procmux$7079.
    dead port 2/2 on $mux $procmux$7077.
    dead port 2/2 on $mux $procmux$7074.
    dead port 2/2 on $mux $procmux$7058.
    dead port 2/2 on $mux $procmux$7056.
    dead port 2/2 on $mux $procmux$7054.
    dead port 2/2 on $mux $procmux$7051.
    dead port 2/2 on $mux $procmux$7035.
    dead port 2/2 on $mux $procmux$7033.
    dead port 2/2 on $mux $procmux$7031.
    dead port 2/2 on $mux $procmux$7028.
    dead port 2/2 on $mux $procmux$10332.
    dead port 2/2 on $mux $procmux$10330.
    dead port 2/2 on $mux $procmux$6966.
    dead port 2/2 on $mux $procmux$6964.
    dead port 2/2 on $mux $procmux$6962.
    dead port 2/2 on $mux $procmux$6959.
    dead port 2/2 on $mux $procmux$6943.
    dead port 2/2 on $mux $procmux$6941.
    dead port 2/2 on $mux $procmux$10328.
    dead port 2/2 on $mux $procmux$6939.
    dead port 2/2 on $mux $procmux$6936.
    dead port 2/2 on $mux $procmux$6920.
    dead port 2/2 on $mux $procmux$6918.
    dead port 2/2 on $mux $procmux$10325.
    dead port 2/2 on $mux $procmux$6905.
    dead port 2/2 on $mux $procmux$6903.
    dead port 2/2 on $mux $procmux$10306.
    dead port 2/2 on $mux $procmux$6886.
    dead port 2/2 on $mux $procmux$6884.
    dead port 2/2 on $mux $procmux$10304.
    dead port 2/2 on $mux $procmux$6870.
    dead port 2/2 on $mux $procmux$6868.
    dead port 2/2 on $mux $procmux$6852.
    dead port 2/2 on $mux $procmux$6850.
    dead port 2/2 on $mux $procmux$10302.
    dead port 2/2 on $mux $procmux$6833.
    dead port 2/2 on $mux $procmux$6831.
    dead port 2/2 on $mux $procmux$10299.
    dead port 2/2 on $mux $procmux$6814.
    dead port 2/2 on $mux $procmux$6812.
    dead port 2/2 on $mux $procmux$10280.
    dead port 2/2 on $mux $procmux$6796.
    dead port 2/2 on $mux $procmux$6794.
    dead port 2/2 on $mux $procmux$10278.
    dead port 2/2 on $mux $procmux$6777.
    dead port 2/2 on $mux $procmux$6775.
    dead port 2/2 on $mux $procmux$6759.
    dead port 2/2 on $mux $procmux$6757.
    dead port 2/2 on $mux $procmux$10276.
    dead port 2/2 on $mux $procmux$6740.
    dead port 2/2 on $mux $procmux$6738.
    dead port 2/2 on $mux $procmux$10273.
    dead port 2/2 on $mux $procmux$6721.
    dead port 2/2 on $mux $procmux$6719.
    dead port 2/2 on $mux $procmux$10254.
    dead port 2/2 on $mux $procmux$6703.
    dead port 2/2 on $mux $procmux$6701.
    dead port 2/2 on $mux $procmux$10252.
    dead port 2/2 on $mux $procmux$6684.
    dead port 2/2 on $mux $procmux$6682.
    dead port 2/2 on $mux $procmux$11471.
    dead port 2/2 on $mux $procmux$6666.
    dead port 2/2 on $mux $procmux$6664.
    dead port 2/2 on $mux $procmux$6647.
    dead port 2/2 on $mux $procmux$6645.
    dead port 2/2 on $mux $procmux$10232.
    dead port 2/2 on $mux $procmux$6629.
    dead port 2/2 on $mux $procmux$6627.
    dead port 2/2 on $mux $procmux$10230.
    dead port 2/2 on $mux $procmux$6611.
    dead port 2/2 on $mux $procmux$6609.
    dead port 2/2 on $mux $procmux$11469.
    dead port 2/2 on $mux $procmux$6592.
    dead port 2/2 on $mux $procmux$6590.
    dead port 1/2 on $mux $procmux$6588.
    dead port 2/2 on $mux $procmux$6572.
    dead port 2/2 on $mux $procmux$6570.
    dead port 2/2 on $mux $procmux$11448.
    dead port 2/2 on $mux $procmux$11446.
    dead port 2/2 on $mux $procmux$10166.
    dead port 2/2 on $mux $procmux$6516.
    dead port 2/2 on $mux $procmux$6514.
    dead port 2/2 on $mux $procmux$10164.
    dead port 2/2 on $mux $procmux$6497.
    dead port 2/2 on $mux $procmux$6495.
    dead port 2/2 on $mux $procmux$6478.
    dead port 2/2 on $mux $procmux$6476.
    dead port 2/2 on $mux $procmux$6461.
    dead port 2/2 on $mux $procmux$6459.
    dead port 2/2 on $mux $procmux$10144.
    dead port 2/2 on $mux $procmux$6443.
    dead port 2/2 on $mux $procmux$6441.
    dead port 2/2 on $mux $procmux$10142.
    dead port 2/2 on $mux $procmux$6425.
    dead port 2/2 on $mux $procmux$6423.
    dead port 2/2 on $mux $procmux$6408.
    dead port 2/2 on $mux $procmux$6406.
    dead port 2/2 on $mux $procmux$6390.
    dead port 2/2 on $mux $procmux$6388.
    dead port 2/2 on $mux $procmux$10122.
    dead port 2/2 on $mux $procmux$6373.
    dead port 2/2 on $mux $procmux$6371.
    dead port 2/2 on $mux $procmux$10120.
    dead port 2/2 on $mux $procmux$6356.
    dead port 2/2 on $mux $procmux$6354.
    dead port 2/2 on $mux $procmux$6338.
    dead port 2/2 on $mux $procmux$6336.
    dead port 2/2 on $mux $procmux$6321.
    dead port 2/2 on $mux $procmux$6319.
    dead port 2/2 on $mux $procmux$10100.
    dead port 2/2 on $mux $procmux$6303.
    dead port 2/2 on $mux $procmux$6301.
    dead port 2/2 on $mux $procmux$10098.
    dead port 2/2 on $mux $procmux$6286.
    dead port 2/2 on $mux $procmux$6284.
    dead port 2/2 on $mux $procmux$6268.
    dead port 2/2 on $mux $procmux$6266.
    dead port 2/2 on $mux $procmux$6251.
    dead port 2/2 on $mux $procmux$6249.
    dead port 2/2 on $mux $procmux$10078.
    dead port 2/2 on $mux $procmux$6233.
    dead port 2/2 on $mux $procmux$6231.
    dead port 2/2 on $mux $procmux$10076.
    dead port 2/2 on $mux $procmux$6215.
    dead port 2/2 on $mux $procmux$6213.
    dead port 1/2 on $mux $procmux$6211.
    dead port 2/2 on $mux $procmux$6196.
    dead port 2/2 on $mux $procmux$6194.
    dead port 2/2 on $mux $procmux$10056.
    dead port 2/2 on $mux $procmux$10054.
    dead port 2/2 on $mux $procmux$10034.
    dead port 2/2 on $mux $procmux$10032.
    dead port 2/2 on $mux $procmux$11379.
    dead port 2/2 on $mux $procmux$6142.
    dead port 2/2 on $mux $procmux$6140.
    dead port 2/2 on $mux $procmux$10012.
    dead port 2/2 on $mux $procmux$6124.
    dead port 2/2 on $mux $procmux$6122.
    dead port 2/2 on $mux $procmux$10010.
    dead port 2/2 on $mux $procmux$6106.
    dead port 2/2 on $mux $procmux$6104.
    dead port 2/2 on $mux $procmux$11377.
    dead port 2/2 on $mux $procmux$6102.
    dead port 2/2 on $mux $procmux$6099.
    dead port 2/2 on $mux $procmux$6090.
    dead port 2/2 on $mux $procmux$6088.
    dead port 2/2 on $mux $procmux$6073.
    dead port 2/2 on $mux $procmux$6071.
    dead port 2/2 on $mux $procmux$9990.
    dead port 2/2 on $mux $procmux$6056.
    dead port 2/2 on $mux $procmux$6054.
    dead port 2/2 on $mux $procmux$9988.
    dead port 2/2 on $mux $procmux$6040.
    dead port 2/2 on $mux $procmux$6038.
    dead port 2/2 on $mux $procmux$6023.
    dead port 2/2 on $mux $procmux$6021.
    dead port 2/2 on $mux $procmux$6007.
    dead port 2/2 on $mux $procmux$6005.
    dead port 2/2 on $mux $procmux$9968.
    dead port 2/2 on $mux $procmux$5991.
    dead port 2/2 on $mux $procmux$5989.
    dead port 2/2 on $mux $procmux$9966.
    dead port 2/2 on $mux $procmux$5974.
    dead port 2/2 on $mux $procmux$5972.
    dead port 2/2 on $mux $procmux$5958.
    dead port 2/2 on $mux $procmux$5956.
    dead port 2/2 on $mux $procmux$5941.
    dead port 2/2 on $mux $procmux$5939.
    dead port 2/2 on $mux $procmux$9946.
    dead port 2/2 on $mux $procmux$5925.
    dead port 2/2 on $mux $procmux$5923.
    dead port 2/2 on $mux $procmux$9944.
    dead port 2/2 on $mux $procmux$5908.
    dead port 2/2 on $mux $procmux$5906.
    dead port 2/2 on $mux $procmux$11356.
    dead port 2/2 on $mux $procmux$5892.
    dead port 2/2 on $mux $procmux$5890.
    dead port 2/2 on $mux $procmux$5875.
    dead port 2/2 on $mux $procmux$5873.
    dead port 2/2 on $mux $procmux$9924.
    dead port 2/2 on $mux $procmux$5858.
    dead port 2/2 on $mux $procmux$5856.
    dead port 2/2 on $mux $procmux$9922.
    dead port 1/2 on $mux $procmux$5854.
    dead port 2/2 on $mux $procmux$5840.
    dead port 2/2 on $mux $procmux$5838.
    dead port 2/2 on $mux $procmux$11354.
    dead port 2/2 on $mux $procmux$9902.
    dead port 2/2 on $mux $procmux$9900.
    dead port 2/2 on $mux $procmux$9880.
    dead port 2/2 on $mux $procmux$9878.
    dead port 2/2 on $mux $procmux$5789.
    dead port 2/2 on $mux $procmux$5787.
    dead port 1/2 on $mux $procmux$9876.
    dead port 2/2 on $mux $procmux$5772.
    dead port 2/2 on $mux $procmux$5770.
    dead port 2/2 on $mux $procmux$9857.
    dead port 2/2 on $mux $procmux$5755.
    dead port 2/2 on $mux $procmux$5753.
    dead port 2/2 on $mux $procmux$9855.
    dead port 2/2 on $mux $procmux$5751.
    dead port 2/2 on $mux $procmux$5748.
    dead port 2/2 on $mux $procmux$5738.
    dead port 2/2 on $mux $procmux$11333.
    dead port 2/2 on $mux $procmux$9835.
    dead port 2/2 on $mux $procmux$9833.
    dead port 2/2 on $mux $procmux$11331.
    dead port 2/2 on $mux $procmux$9813.
    dead port 2/2 on $mux $procmux$9811.
    dead port 2/2 on $mux $procmux$5723.
    dead port 2/2 on $mux $procmux$5721.
    dead port 2/2 on $mux $procmux$5707.
    dead port 2/2 on $mux $procmux$5705.
    dead port 2/2 on $mux $procmux$11310.
    dead port 2/2 on $mux $procmux$5691.
    dead port 2/2 on $mux $procmux$5689.
    dead port 2/2 on $mux $procmux$11308.
    dead port 2/2 on $mux $procmux$5676.
    dead port 2/2 on $mux $procmux$5674.
    dead port 2/2 on $mux $procmux$5660.
    dead port 2/2 on $mux $procmux$5658.
    dead port 2/2 on $mux $procmux$5645.
    dead port 2/2 on $mux $procmux$5643.
    dead port 2/2 on $mux $procmux$11287.
    dead port 2/2 on $mux $procmux$5630.
    dead port 2/2 on $mux $procmux$5628.
    dead port 2/2 on $mux $procmux$11285.
    dead port 2/2 on $mux $procmux$5614.
    dead port 2/2 on $mux $procmux$5612.
    dead port 2/2 on $mux $procmux$5599.
    dead port 2/2 on $mux $procmux$5597.
    dead port 2/2 on $mux $procmux$9747.
    dead port 2/2 on $mux $procmux$5584.
    dead port 2/2 on $mux $procmux$5582.
    dead port 2/2 on $mux $procmux$9745.
    dead port 2/2 on $mux $procmux$5569.
    dead port 2/2 on $mux $procmux$5567.
    dead port 2/2 on $mux $procmux$5554.
    dead port 2/2 on $mux $procmux$5552.
    dead port 2/2 on $mux $procmux$5538.
    dead port 2/2 on $mux $procmux$5536.
    dead port 2/2 on $mux $procmux$9725.
    dead port 2/2 on $mux $procmux$5522.
    dead port 2/2 on $mux $procmux$5520.
    dead port 2/2 on $mux $procmux$9723.
    dead port 2/2 on $mux $procmux$5506.
    dead port 2/2 on $mux $procmux$5504.
    dead port 2/2 on $mux $procmux$11264.
    dead port 1/2 on $mux $procmux$5502.
    dead port 2/2 on $mux $procmux$9703.
    dead port 2/2 on $mux $procmux$9701.
    dead port 2/2 on $mux $procmux$11262.
    dead port 2/2 on $mux $procmux$9681.
    dead port 2/2 on $mux $procmux$9679.
    dead port 2/2 on $mux $procmux$5457.
    dead port 2/2 on $mux $procmux$5455.
    dead port 2/2 on $mux $procmux$5441.
    dead port 2/2 on $mux $procmux$5439.
    dead port 2/2 on $mux $procmux$9677.
    dead port 2/2 on $mux $procmux$5425.
    dead port 2/2 on $mux $procmux$5423.
    dead port 2/2 on $mux $procmux$9674.
    dead port 2/2 on $mux $procmux$5421.
    dead port 2/2 on $mux $procmux$5418.
    dead port 2/2 on $mux $procmux$5410.
    dead port 2/2 on $mux $procmux$5408.
    dead port 2/2 on $mux $procmux$9656.
    dead port 2/2 on $mux $procmux$5395.
    dead port 2/2 on $mux $procmux$5393.
    dead port 2/2 on $mux $procmux$9654.
    dead port 2/2 on $mux $procmux$5380.
    dead port 2/2 on $mux $procmux$5378.
    dead port 2/2 on $mux $procmux$5366.
    dead port 2/2 on $mux $procmux$5364.
    dead port 2/2 on $mux $procmux$9652.
    dead port 2/2 on $mux $procmux$5351.
    dead port 2/2 on $mux $procmux$5349.
    dead port 2/2 on $mux $procmux$9649.
    dead port 2/2 on $mux $procmux$5337.
    dead port 2/2 on $mux $procmux$5335.
    dead port 2/2 on $mux $procmux$9631.
    dead port 2/2 on $mux $procmux$5323.
    dead port 2/2 on $mux $procmux$5321.
    dead port 2/2 on $mux $procmux$9629.
    dead port 2/2 on $mux $procmux$5308.
    dead port 2/2 on $mux $procmux$5306.
    dead port 2/2 on $mux $procmux$11241.
    dead port 2/2 on $mux $procmux$5294.
    dead port 2/2 on $mux $procmux$5292.
    dead port 2/2 on $mux $procmux$9627.
    dead port 2/2 on $mux $procmux$5280.
    dead port 2/2 on $mux $procmux$5278.
    dead port 2/2 on $mux $procmux$9607.
    dead port 2/2 on $mux $procmux$5266.
    dead port 2/2 on $mux $procmux$5264.
    dead port 2/2 on $mux $procmux$9605.
    dead port 2/2 on $mux $procmux$5252.
    dead port 2/2 on $mux $procmux$5250.
    dead port 2/2 on $mux $procmux$11239.
    dead port 2/2 on $mux $procmux$5237.
    dead port 2/2 on $mux $procmux$5235.
    dead port 2/2 on $mux $procmux$9603.
    dead port 2/2 on $mux $procmux$5222.
    dead port 2/2 on $mux $procmux$5220.
    dead port 2/2 on $mux $procmux$9600.
    dead port 2/2 on $mux $procmux$5207.
    dead port 2/2 on $mux $procmux$5205.
    dead port 2/2 on $mux $procmux$9582.
    dead port 1/2 on $mux $procmux$5203.
    dead port 2/2 on $mux $procmux$9580.
    dead port 2/2 on $mux $procmux$9578.
    dead port 2/2 on $mux $procmux$9558.
    dead port 2/2 on $mux $procmux$9556.
    dead port 2/2 on $mux $procmux$9554.
    dead port 2/2 on $mux $procmux$9534.
    dead port 2/2 on $mux $procmux$5161.
    dead port 2/2 on $mux $procmux$5159.
    dead port 2/2 on $mux $procmux$9532.
    dead port 2/2 on $mux $procmux$5146.
    dead port 2/2 on $mux $procmux$5144.
    dead port 2/2 on $mux $procmux$11218.
    dead port 2/2 on $mux $procmux$5131.
    dead port 2/2 on $mux $procmux$5129.
    dead port 2/2 on $mux $procmux$9530.
    dead port 2/2 on $mux $procmux$5127.
    dead port 2/2 on $mux $procmux$5124.
    dead port 2/2 on $mux $procmux$5117.
    dead port 2/2 on $mux $procmux$5115.
    dead port 2/2 on $mux $procmux$9527.
    dead port 2/2 on $mux $procmux$5103.
    dead port 2/2 on $mux $procmux$5101.
    dead port 2/2 on $mux $procmux$9509.
    dead port 2/2 on $mux $procmux$5089.
    dead port 2/2 on $mux $procmux$5087.
    dead port 2/2 on $mux $procmux$9507.
    dead port 2/2 on $mux $procmux$5075.
    dead port 2/2 on $mux $procmux$5073.
    dead port 2/2 on $mux $procmux$11216.
    dead port 2/2 on $mux $procmux$5061.
    dead port 2/2 on $mux $procmux$5059.
    dead port 2/2 on $mux $procmux$9505.
    dead port 2/2 on $mux $procmux$5047.
    dead port 2/2 on $mux $procmux$5045.
    dead port 2/2 on $mux $procmux$9485.
    dead port 2/2 on $mux $procmux$5033.
    dead port 2/2 on $mux $procmux$5031.
    dead port 2/2 on $mux $procmux$9483.
    dead port 2/2 on $mux $procmux$5019.
    dead port 2/2 on $mux $procmux$5017.
    dead port 2/2 on $mux $procmux$5005.
    dead port 2/2 on $mux $procmux$5003.
    dead port 2/2 on $mux $procmux$9481.
    dead port 2/2 on $mux $procmux$4991.
    dead port 2/2 on $mux $procmux$4989.
    dead port 2/2 on $mux $procmux$9478.
    dead port 2/2 on $mux $procmux$4977.
    dead port 2/2 on $mux $procmux$4975.
    dead port 2/2 on $mux $procmux$9460.
    dead port 2/2 on $mux $procmux$4963.
    dead port 2/2 on $mux $procmux$4961.
    dead port 2/2 on $mux $procmux$9458.
    dead port 2/2 on $mux $procmux$4949.
    dead port 2/2 on $mux $procmux$4947.
    dead port 2/2 on $mux $procmux$4935.
    dead port 2/2 on $mux $procmux$4933.
    dead port 2/2 on $mux $procmux$9456.
    dead port 2/2 on $mux $procmux$4921.
    dead port 2/2 on $mux $procmux$4919.
    dead port 2/2 on $mux $procmux$9453.
    dead port 2/2 on $mux $procmux$4907.
    dead port 2/2 on $mux $procmux$4905.
    dead port 2/2 on $mux $procmux$9435.
    dead port 2/2 on $mux $procmux$4893.
    dead port 2/2 on $mux $procmux$4891.
    dead port 2/2 on $mux $procmux$9433.
    dead port 2/2 on $mux $procmux$4879.
    dead port 2/2 on $mux $procmux$4877.
    dead port 2/2 on $mux $procmux$11195.
    dead port 2/2 on $mux $procmux$4865.
    dead port 2/2 on $mux $procmux$4863.
    dead port 2/2 on $mux $procmux$9431.
    dead port 2/2 on $mux $procmux$4851.
    dead port 2/2 on $mux $procmux$4849.
    dead port 2/2 on $mux $procmux$9428.
    dead port 2/2 on $mux $procmux$4837.
    dead port 2/2 on $mux $procmux$4835.
    dead port 2/2 on $mux $procmux$9410.
    dead port 2/2 on $mux $procmux$4833.
    dead port 2/2 on $mux $procmux$4830.
    dead port 2/2 on $mux $procmux$4820.
    dead port 2/2 on $mux $procmux$4818.
    dead port 2/2 on $mux $procmux$9408.
    dead port 2/2 on $mux $procmux$4816.
    dead port 2/2 on $mux $procmux$4813.
    dead port 2/2 on $mux $procmux$4803.
    dead port 2/2 on $mux $procmux$4801.
    dead port 2/2 on $mux $procmux$11193.
    dead port 2/2 on $mux $procmux$4799.
    dead port 2/2 on $mux $procmux$4787.
    dead port 2/2 on $mux $procmux$4785.
    dead port 2/2 on $mux $procmux$9406.
    dead port 2/2 on $mux $procmux$4783.
    dead port 2/2 on $mux $procmux$4780.
    dead port 2/2 on $mux $procmux$4770.
    dead port 2/2 on $mux $procmux$4768.
    dead port 2/2 on $mux $procmux$9386.
    dead port 2/2 on $mux $procmux$4766.
    dead port 2/2 on $mux $procmux$4754.
    dead port 2/2 on $mux $procmux$4752.
    dead port 2/2 on $mux $procmux$9384.
    dead port 2/2 on $mux $procmux$4750.
    dead port 2/2 on $mux $procmux$4738.
    dead port 2/2 on $mux $procmux$4736.
    dead port 2/2 on $mux $procmux$4734.
    dead port 2/2 on $mux $procmux$4722.
    dead port 2/2 on $mux $procmux$4720.
    dead port 2/2 on $mux $procmux$9382.
    dead port 2/2 on $mux $procmux$4718.
    dead port 2/2 on $mux $procmux$4715.
    dead port 2/2 on $mux $procmux$4705.
    dead port 2/2 on $mux $procmux$4703.
    dead port 2/2 on $mux $procmux$9379.
    dead port 2/2 on $mux $procmux$4701.
    dead port 2/2 on $mux $procmux$4689.
    dead port 2/2 on $mux $procmux$4687.
    dead port 2/2 on $mux $procmux$9361.
    dead port 2/2 on $mux $procmux$4685.
    dead port 2/2 on $mux $procmux$4682.
    dead port 2/2 on $mux $procmux$4672.
    dead port 2/2 on $mux $procmux$4670.
    dead port 2/2 on $mux $procmux$9359.
    dead port 2/2 on $mux $procmux$4668.
    dead port 2/2 on $mux $procmux$4665.
    dead port 2/2 on $mux $procmux$4655.
    dead port 2/2 on $mux $procmux$4653.
    dead port 2/2 on $mux $procmux$4651.
    dead port 2/2 on $mux $procmux$4639.
    dead port 2/2 on $mux $procmux$4637.
    dead port 2/2 on $mux $procmux$9357.
    dead port 2/2 on $mux $procmux$4635.
    dead port 2/2 on $mux $procmux$4632.
    dead port 2/2 on $mux $procmux$4622.
    dead port 2/2 on $mux $procmux$4620.
    dead port 2/2 on $mux $procmux$9354.
    dead port 2/2 on $mux $procmux$4618.
    dead port 2/2 on $mux $procmux$4615.
    dead port 2/2 on $mux $procmux$4605.
    dead port 2/2 on $mux $procmux$4603.
    dead port 2/2 on $mux $procmux$9336.
    dead port 2/2 on $mux $procmux$4601.
    dead port 2/2 on $mux $procmux$4598.
    dead port 2/2 on $mux $procmux$4588.
    dead port 2/2 on $mux $procmux$4586.
    dead port 2/2 on $mux $procmux$9334.
    dead port 2/2 on $mux $procmux$4584.
    dead port 2/2 on $mux $procmux$4581.
    dead port 2/2 on $mux $procmux$4571.
    dead port 2/2 on $mux $procmux$4569.
    dead port 2/2 on $mux $procmux$11172.
    dead port 2/2 on $mux $procmux$4567.
    dead port 2/2 on $mux $procmux$4564.
    dead port 2/2 on $mux $procmux$4554.
    dead port 2/2 on $mux $procmux$4552.
    dead port 2/2 on $mux $procmux$9332.
    dead port 2/2 on $mux $procmux$4550.
    dead port 2/2 on $mux $procmux$4547.
    dead port 2/2 on $mux $procmux$4537.
    dead port 2/2 on $mux $procmux$4535.
    dead port 2/2 on $mux $procmux$9329.
    dead port 2/2 on $mux $procmux$4533.
    dead port 2/2 on $mux $procmux$4530.
    dead port 2/2 on $mux $procmux$4520.
    dead port 2/2 on $mux $procmux$4518.
    dead port 2/2 on $mux $procmux$9310.
    dead port 2/2 on $mux $procmux$4516.
    dead port 2/2 on $mux $procmux$4513.
    dead port 2/2 on $mux $procmux$4507.
    dead port 2/2 on $mux $procmux$4505.
    dead port 2/2 on $mux $procmux$9308.
    dead port 2/2 on $mux $procmux$4494.
    dead port 2/2 on $mux $procmux$4492.
    dead port 2/2 on $mux $procmux$11170.
    dead port 2/2 on $mux $procmux$4481.
    dead port 2/2 on $mux $procmux$4479.
    dead port 2/2 on $mux $procmux$9306.
    dead port 2/2 on $mux $procmux$4468.
    dead port 2/2 on $mux $procmux$4466.
    dead port 2/2 on $mux $procmux$9303.
    dead port 2/2 on $mux $procmux$4455.
    dead port 2/2 on $mux $procmux$4453.
    dead port 2/2 on $mux $procmux$9285.
    dead port 2/2 on $mux $procmux$4442.
    dead port 2/2 on $mux $procmux$4440.
    dead port 2/2 on $mux $procmux$9283.
    dead port 2/2 on $mux $procmux$4429.
    dead port 2/2 on $mux $procmux$4427.
    dead port 2/2 on $mux $procmux$4416.
    dead port 2/2 on $mux $procmux$4414.
    dead port 2/2 on $mux $procmux$9281.
    dead port 2/2 on $mux $procmux$4403.
    dead port 2/2 on $mux $procmux$4401.
    dead port 2/2 on $mux $procmux$9278.
    dead port 2/2 on $mux $procmux$4390.
    dead port 2/2 on $mux $procmux$4388.
    dead port 2/2 on $mux $procmux$9260.
    dead port 2/2 on $mux $procmux$4377.
    dead port 2/2 on $mux $procmux$4375.
    dead port 2/2 on $mux $procmux$9258.
    dead port 2/2 on $mux $procmux$4364.
    dead port 2/2 on $mux $procmux$4362.
    dead port 2/2 on $mux $procmux$4351.
    dead port 2/2 on $mux $procmux$4349.
    dead port 2/2 on $mux $procmux$9256.
    dead port 2/2 on $mux $procmux$4338.
    dead port 2/2 on $mux $procmux$4336.
    dead port 2/2 on $mux $procmux$9253.
    dead port 2/2 on $mux $procmux$4325.
    dead port 2/2 on $mux $procmux$4323.
    dead port 2/2 on $mux $procmux$9235.
    dead port 2/2 on $mux $procmux$4312.
    dead port 2/2 on $mux $procmux$4310.
    dead port 2/2 on $mux $procmux$9233.
    dead port 2/2 on $mux $procmux$4299.
    dead port 2/2 on $mux $procmux$4297.
    dead port 2/2 on $mux $procmux$11149.
    dead port 2/2 on $mux $procmux$4286.
    dead port 2/2 on $mux $procmux$4284.
    dead port 2/2 on $mux $procmux$9231.
    dead port 2/2 on $mux $procmux$4273.
    dead port 2/2 on $mux $procmux$4271.
    dead port 2/2 on $mux $procmux$9228.
    dead port 2/2 on $mux $procmux$4260.
    dead port 2/2 on $mux $procmux$4258.
    dead port 2/2 on $mux $procmux$4247.
    dead port 2/2 on $mux $procmux$4245.
    dead port 2/2 on $mux $procmux$11147.
    dead port 2/2 on $mux $procmux$4243.
    dead port 2/2 on $mux $procmux$4240.
    dead port 2/2 on $mux $procmux$4231.
    dead port 2/2 on $mux $procmux$4229.
    dead port 2/2 on $mux $procmux$4227.
    dead port 2/2 on $mux $procmux$4224.
    dead port 2/2 on $mux $procmux$4215.
    dead port 2/2 on $mux $procmux$4213.
    dead port 2/2 on $mux $procmux$4211.
    dead port 2/2 on $mux $procmux$4200.
    dead port 2/2 on $mux $procmux$4198.
    dead port 2/2 on $mux $procmux$11126.
    dead port 2/2 on $mux $procmux$4196.
    dead port 2/2 on $mux $procmux$4193.
    dead port 2/2 on $mux $procmux$4184.
    dead port 2/2 on $mux $procmux$4182.
    dead port 2/2 on $mux $procmux$11124.
    dead port 2/2 on $mux $procmux$4180.
    dead port 2/2 on $mux $procmux$4169.
    dead port 2/2 on $mux $procmux$4167.
    dead port 2/2 on $mux $procmux$4165.
    dead port 2/2 on $mux $procmux$4154.
    dead port 2/2 on $mux $procmux$4152.
    dead port 2/2 on $mux $procmux$4150.
    dead port 2/2 on $mux $procmux$4139.
    dead port 2/2 on $mux $procmux$4137.
    dead port 2/2 on $mux $procmux$11103.
    dead port 2/2 on $mux $procmux$4135.
    dead port 2/2 on $mux $procmux$4132.
    dead port 2/2 on $mux $procmux$4123.
    dead port 2/2 on $mux $procmux$4121.
    dead port 2/2 on $mux $procmux$11101.
    dead port 2/2 on $mux $procmux$4119.
    dead port 2/2 on $mux $procmux$4108.
    dead port 2/2 on $mux $procmux$4106.
    dead port 2/2 on $mux $procmux$9160.
    dead port 2/2 on $mux $procmux$4104.
    dead port 2/2 on $mux $procmux$4101.
    dead port 2/2 on $mux $procmux$4092.
    dead port 2/2 on $mux $procmux$4090.
    dead port 2/2 on $mux $procmux$9158.
    dead port 2/2 on $mux $procmux$4088.
    dead port 2/2 on $mux $procmux$4085.
    dead port 2/2 on $mux $procmux$4076.
    dead port 2/2 on $mux $procmux$4074.
    dead port 2/2 on $mux $procmux$4072.
    dead port 2/2 on $mux $procmux$4061.
    dead port 2/2 on $mux $procmux$4059.
    dead port 2/2 on $mux $procmux$9156.
    dead port 2/2 on $mux $procmux$4057.
    dead port 2/2 on $mux $procmux$4054.
    dead port 2/2 on $mux $procmux$4045.
    dead port 2/2 on $mux $procmux$4043.
    dead port 2/2 on $mux $procmux$9153.
    dead port 2/2 on $mux $procmux$4041.
    dead port 2/2 on $mux $procmux$4038.
    dead port 2/2 on $mux $procmux$4029.
    dead port 2/2 on $mux $procmux$4027.
    dead port 2/2 on $mux $procmux$9135.
    dead port 2/2 on $mux $procmux$4025.
    dead port 2/2 on $mux $procmux$4022.
    dead port 2/2 on $mux $procmux$4013.
    dead port 2/2 on $mux $procmux$4011.
    dead port 2/2 on $mux $procmux$9133.
    dead port 2/2 on $mux $procmux$4009.
    dead port 2/2 on $mux $procmux$4006.
    dead port 2/2 on $mux $procmux$3997.
    dead port 2/2 on $mux $procmux$3995.
    dead port 2/2 on $mux $procmux$3993.
    dead port 2/2 on $mux $procmux$3990.
    dead port 2/2 on $mux $procmux$3981.
    dead port 2/2 on $mux $procmux$3979.
    dead port 2/2 on $mux $procmux$9131.
    dead port 2/2 on $mux $procmux$3977.
    dead port 2/2 on $mux $procmux$3974.
    dead port 2/2 on $mux $procmux$3965.
    dead port 2/2 on $mux $procmux$3963.
    dead port 2/2 on $mux $procmux$9128.
    dead port 2/2 on $mux $procmux$3961.
    dead port 2/2 on $mux $procmux$3958.
    dead port 2/2 on $mux $procmux$3949.
    dead port 2/2 on $mux $procmux$3947.
    dead port 2/2 on $mux $procmux$9110.
    dead port 2/2 on $mux $procmux$3945.
    dead port 2/2 on $mux $procmux$3942.
    dead port 2/2 on $mux $procmux$3937.
    dead port 2/2 on $mux $procmux$3935.
    dead port 2/2 on $mux $procmux$9108.
    dead port 2/2 on $mux $procmux$3925.
    dead port 2/2 on $mux $procmux$3923.
    dead port 2/2 on $mux $procmux$11080.
    dead port 2/2 on $mux $procmux$3913.
    dead port 2/2 on $mux $procmux$3911.
    dead port 2/2 on $mux $procmux$9106.
    dead port 2/2 on $mux $procmux$3901.
    dead port 2/2 on $mux $procmux$3899.
    dead port 2/2 on $mux $procmux$9103.
    dead port 2/2 on $mux $procmux$3889.
    dead port 2/2 on $mux $procmux$3887.
    dead port 2/2 on $mux $procmux$9085.
    dead port 2/2 on $mux $procmux$3877.
    dead port 2/2 on $mux $procmux$3875.
    dead port 2/2 on $mux $procmux$9083.
    dead port 2/2 on $mux $procmux$3865.
    dead port 2/2 on $mux $procmux$3863.
    dead port 2/2 on $mux $procmux$11078.
    dead port 2/2 on $mux $procmux$3853.
    dead port 2/2 on $mux $procmux$3851.
    dead port 2/2 on $mux $procmux$3841.
    dead port 2/2 on $mux $procmux$3839.
    dead port 2/2 on $mux $procmux$9064.
    dead port 2/2 on $mux $procmux$3829.
    dead port 2/2 on $mux $procmux$3827.
    dead port 2/2 on $mux $procmux$9062.
    dead port 2/2 on $mux $procmux$3817.
    dead port 2/2 on $mux $procmux$3815.
    dead port 2/2 on $mux $procmux$3805.
    dead port 2/2 on $mux $procmux$3803.
    dead port 2/2 on $mux $procmux$3793.
    dead port 2/2 on $mux $procmux$3791.
    dead port 1/2 on $mux $procmux$11076.
    dead port 2/2 on $mux $procmux$3781.
    dead port 2/2 on $mux $procmux$3779.
    dead port 2/2 on $mux $procmux$11056.
    dead port 2/2 on $mux $procmux$3769.
    dead port 2/2 on $mux $procmux$3767.
    dead port 2/2 on $mux $procmux$11054.
    dead port 2/2 on $mux $procmux$3757.
    dead port 2/2 on $mux $procmux$3755.
    dead port 2/2 on $mux $procmux$3745.
    dead port 2/2 on $mux $procmux$3743.
    dead port 2/2 on $mux $procmux$3733.
    dead port 2/2 on $mux $procmux$3731.
    dead port 2/2 on $mux $procmux$11033.
    dead port 2/2 on $mux $procmux$3721.
    dead port 2/2 on $mux $procmux$3719.
    dead port 2/2 on $mux $procmux$11031.
    dead port 2/2 on $mux $procmux$3709.
    dead port 2/2 on $mux $procmux$3707.
    dead port 2/2 on $mux $procmux$3697.
    dead port 2/2 on $mux $procmux$3695.
    dead port 2/2 on $mux $procmux$9001.
    dead port 2/2 on $mux $procmux$3693.
    dead port 2/2 on $mux $procmux$3690.
    dead port 2/2 on $mux $procmux$3682.
    dead port 2/2 on $mux $procmux$3680.
    dead port 2/2 on $mux $procmux$8999.
    dead port 2/2 on $mux $procmux$3678.
    dead port 2/2 on $mux $procmux$3675.
    dead port 2/2 on $mux $procmux$3667.
    dead port 2/2 on $mux $procmux$3665.
    dead port 2/2 on $mux $procmux$3663.
    dead port 2/2 on $mux $procmux$3653.
    dead port 2/2 on $mux $procmux$3651.
    dead port 2/2 on $mux $procmux$3649.
    dead port 2/2 on $mux $procmux$3646.
    dead port 2/2 on $mux $procmux$3638.
    dead port 2/2 on $mux $procmux$3636.
    dead port 2/2 on $mux $procmux$8980.
    dead port 2/2 on $mux $procmux$3634.
    dead port 2/2 on $mux $procmux$3624.
    dead port 2/2 on $mux $procmux$3622.
    dead port 2/2 on $mux $procmux$8978.
    dead port 2/2 on $mux $procmux$3620.
    dead port 2/2 on $mux $procmux$3610.
    dead port 2/2 on $mux $procmux$3608.
    dead port 2/2 on $mux $procmux$11010.
    dead port 2/2 on $mux $procmux$3606.
    dead port 2/2 on $mux $procmux$3596.
    dead port 2/2 on $mux $procmux$3594.
    dead port 2/2 on $mux $procmux$3592.
    dead port 2/2 on $mux $procmux$3589.
    dead port 2/2 on $mux $procmux$3581.
    dead port 2/2 on $mux $procmux$3579.
    dead port 2/2 on $mux $procmux$8959.
    dead port 2/2 on $mux $procmux$3577.
    dead port 2/2 on $mux $procmux$3567.
    dead port 2/2 on $mux $procmux$3565.
    dead port 2/2 on $mux $procmux$8957.
    dead port 2/2 on $mux $procmux$3563.
    dead port 2/2 on $mux $procmux$3560.
    dead port 2/2 on $mux $procmux$3552.
    dead port 2/2 on $mux $procmux$3550.
    dead port 2/2 on $mux $procmux$11008.
    dead port 2/2 on $mux $procmux$3548.
    dead port 2/2 on $mux $procmux$3545.
    dead port 2/2 on $mux $procmux$3537.
    dead port 2/2 on $mux $procmux$3535.
    dead port 2/2 on $mux $procmux$3533.
    dead port 2/2 on $mux $procmux$3523.
    dead port 2/2 on $mux $procmux$3521.
    dead port 2/2 on $mux $procmux$8938.
    dead port 2/2 on $mux $procmux$3519.
    dead port 2/2 on $mux $procmux$3516.
    dead port 2/2 on $mux $procmux$3508.
    dead port 2/2 on $mux $procmux$3506.
    dead port 2/2 on $mux $procmux$8936.
    dead port 2/2 on $mux $procmux$3504.
    dead port 2/2 on $mux $procmux$3501.
    dead port 2/2 on $mux $procmux$3493.
    dead port 2/2 on $mux $procmux$3491.
    dead port 2/2 on $mux $procmux$3489.
    dead port 2/2 on $mux $procmux$3486.
    dead port 2/2 on $mux $procmux$3478.
    dead port 2/2 on $mux $procmux$3476.
    dead port 2/2 on $mux $procmux$3474.
    dead port 2/2 on $mux $procmux$3471.
    dead port 2/2 on $mux $procmux$3463.
    dead port 2/2 on $mux $procmux$3461.
    dead port 2/2 on $mux $procmux$8917.
    dead port 2/2 on $mux $procmux$3459.
    dead port 2/2 on $mux $procmux$3456.
    dead port 2/2 on $mux $procmux$3448.
    dead port 2/2 on $mux $procmux$3446.
    dead port 2/2 on $mux $procmux$8915.
    dead port 2/2 on $mux $procmux$3444.
    dead port 2/2 on $mux $procmux$3441.
    dead port 2/2 on $mux $procmux$3433.
    dead port 2/2 on $mux $procmux$3431.
    dead port 2/2 on $mux $procmux$3429.
    dead port 2/2 on $mux $procmux$3426.
    dead port 2/2 on $mux $procmux$3418.
    dead port 2/2 on $mux $procmux$8896.
    dead port 2/2 on $mux $procmux$8894.
    dead port 2/2 on $mux $procmux$8875.
    dead port 2/2 on $mux $procmux$8873.
    dead port 2/2 on $mux $procmux$8854.
    dead port 2/2 on $mux $procmux$8852.
    dead port 2/2 on $mux $procmux$8833.
    dead port 2/2 on $mux $procmux$8831.
    dead port 2/2 on $mux $procmux$3398.
    dead port 2/2 on $mux $procmux$3396.
    dead port 2/2 on $mux $procmux$3387.
    dead port 2/2 on $mux $procmux$3385.
    dead port 2/2 on $mux $procmux$3376.
    dead port 2/2 on $mux $procmux$3374.
    dead port 2/2 on $mux $procmux$8812.
    dead port 2/2 on $mux $procmux$3365.
    dead port 2/2 on $mux $procmux$3363.
    dead port 2/2 on $mux $procmux$8810.
    dead port 2/2 on $mux $procmux$3354.
    dead port 2/2 on $mux $procmux$3352.
    dead port 2/2 on $mux $procmux$3343.
    dead port 2/2 on $mux $procmux$3341.
    dead port 2/2 on $mux $procmux$3332.
    dead port 2/2 on $mux $procmux$3330.
    dead port 2/2 on $mux $procmux$8791.
    dead port 2/2 on $mux $procmux$3321.
    dead port 2/2 on $mux $procmux$3319.
    dead port 2/2 on $mux $procmux$8789.
    dead port 2/2 on $mux $procmux$3310.
    dead port 2/2 on $mux $procmux$3308.
    dead port 2/2 on $mux $procmux$3299.
    dead port 2/2 on $mux $procmux$3297.
    dead port 2/2 on $mux $procmux$3288.
    dead port 2/2 on $mux $procmux$3286.
    dead port 2/2 on $mux $procmux$8770.
    dead port 2/2 on $mux $procmux$3277.
    dead port 2/2 on $mux $procmux$3275.
    dead port 2/2 on $mux $procmux$8768.
    dead port 2/2 on $mux $procmux$3266.
    dead port 2/2 on $mux $procmux$3264.
    dead port 2/2 on $mux $procmux$3255.
    dead port 2/2 on $mux $procmux$3253.
    dead port 2/2 on $mux $procmux$3244.
    dead port 2/2 on $mux $procmux$3242.
    dead port 2/2 on $mux $procmux$8749.
    dead port 2/2 on $mux $procmux$3233.
    dead port 2/2 on $mux $procmux$3231.
    dead port 2/2 on $mux $procmux$8747.
    dead port 2/2 on $mux $procmux$3222.
    dead port 2/2 on $mux $procmux$3220.
    dead port 2/2 on $mux $procmux$3211.
    dead port 2/2 on $mux $procmux$3209.
    dead port 2/2 on $mux $procmux$3200.
    dead port 2/2 on $mux $procmux$3198.
    dead port 2/2 on $mux $procmux$8728.
    dead port 2/2 on $mux $procmux$3189.
    dead port 2/2 on $mux $procmux$3187.
    dead port 2/2 on $mux $procmux$8726.
    dead port 2/2 on $mux $procmux$3178.
    dead port 2/2 on $mux $procmux$3176.
    dead port 2/2 on $mux $procmux$10941.
    dead port 2/2 on $mux $procmux$3174.
    dead port 2/2 on $mux $procmux$3171.
    dead port 2/2 on $mux $procmux$3164.
    dead port 2/2 on $mux $procmux$3162.
    dead port 1/2 on $mux $procmux$8724.
    dead port 2/2 on $mux $procmux$3160.
    dead port 2/2 on $mux $procmux$3157.
    dead port 2/2 on $mux $procmux$3150.
    dead port 2/2 on $mux $procmux$3148.
    dead port 2/2 on $mux $procmux$8706.
    dead port 2/2 on $mux $procmux$3146.
    dead port 2/2 on $mux $procmux$3137.
    dead port 2/2 on $mux $procmux$3135.
    dead port 2/2 on $mux $procmux$8704.
    dead port 2/2 on $mux $procmux$3133.
    dead port 2/2 on $mux $procmux$3130.
    dead port 2/2 on $mux $procmux$3123.
    dead port 2/2 on $mux $procmux$3121.
    dead port 2/2 on $mux $procmux$10939.
    dead port 2/2 on $mux $procmux$3119.
    dead port 2/2 on $mux $procmux$3110.
    dead port 2/2 on $mux $procmux$3108.
    dead port 2/2 on $mux $procmux$3106.
    dead port 2/2 on $mux $procmux$3097.
    dead port 2/2 on $mux $procmux$3095.
    dead port 2/2 on $mux $procmux$8685.
    dead port 2/2 on $mux $procmux$3093.
    dead port 2/2 on $mux $procmux$3084.
    dead port 2/2 on $mux $procmux$3082.
    dead port 2/2 on $mux $procmux$8683.
    dead port 2/2 on $mux $procmux$3080.
    dead port 2/2 on $mux $procmux$3077.
    dead port 2/2 on $mux $procmux$3070.
    dead port 2/2 on $mux $procmux$3068.
    dead port 2/2 on $mux $procmux$3066.
    dead port 2/2 on $mux $procmux$3057.
    dead port 2/2 on $mux $procmux$3055.
    dead port 2/2 on $mux $procmux$3053.
    dead port 2/2 on $mux $procmux$3050.
    dead port 2/2 on $mux $procmux$3043.
    dead port 2/2 on $mux $procmux$3041.
    dead port 2/2 on $mux $procmux$8664.
    dead port 2/2 on $mux $procmux$3039.
    dead port 2/2 on $mux $procmux$3036.
    dead port 2/2 on $mux $procmux$3029.
    dead port 2/2 on $mux $procmux$3027.
    dead port 2/2 on $mux $procmux$8662.
    dead port 2/2 on $mux $procmux$3025.
    dead port 2/2 on $mux $procmux$3016.
    dead port 2/2 on $mux $procmux$3014.
    dead port 2/2 on $mux $procmux$3012.
    dead port 2/2 on $mux $procmux$3009.
    dead port 2/2 on $mux $procmux$3002.
    dead port 2/2 on $mux $procmux$3000.
    dead port 2/2 on $mux $procmux$2998.
    dead port 2/2 on $mux $procmux$2995.
    dead port 2/2 on $mux $procmux$2988.
    dead port 2/2 on $mux $procmux$2986.
    dead port 2/2 on $mux $procmux$10918.
    dead port 2/2 on $mux $procmux$2984.
    dead port 2/2 on $mux $procmux$2981.
    dead port 2/2 on $mux $procmux$2974.
    dead port 2/2 on $mux $procmux$2972.
    dead port 2/2 on $mux $procmux$10916.
    dead port 2/2 on $mux $procmux$2970.
    dead port 2/2 on $mux $procmux$2967.
    dead port 2/2 on $mux $procmux$2960.
    dead port 2/2 on $mux $procmux$2958.
    dead port 2/2 on $mux $procmux$2956.
    dead port 2/2 on $mux $procmux$2953.
    dead port 2/2 on $mux $procmux$2946.
    dead port 2/2 on $mux $procmux$2944.
    dead port 2/2 on $mux $procmux$2942.
    dead port 2/2 on $mux $procmux$2939.
    dead port 2/2 on $mux $procmux$2932.
    dead port 2/2 on $mux $procmux$2930.
    dead port 2/2 on $mux $procmux$10895.
    dead port 2/2 on $mux $procmux$2928.
    dead port 2/2 on $mux $procmux$2925.
    dead port 2/2 on $mux $procmux$2918.
    dead port 2/2 on $mux $procmux$10893.
    dead port 2/2 on $mux $procmux$11949.
    dead port 2/2 on $mux $procmux$8601.
    dead port 2/2 on $mux $procmux$8599.
    dead port 2/2 on $mux $procmux$10872.
    dead port 2/2 on $mux $procmux$2898.
    dead port 2/2 on $mux $procmux$2896.
    dead port 2/2 on $mux $procmux$8580.
    dead port 2/2 on $mux $procmux$2888.
    dead port 2/2 on $mux $procmux$2886.
    dead port 2/2 on $mux $procmux$8578.
    dead port 2/2 on $mux $procmux$2878.
    dead port 2/2 on $mux $procmux$2876.
    dead port 2/2 on $mux $procmux$10870.
    dead port 2/2 on $mux $procmux$2868.
    dead port 2/2 on $mux $procmux$2866.
    dead port 2/2 on $mux $procmux$2858.
    dead port 2/2 on $mux $procmux$2856.
    dead port 2/2 on $mux $procmux$8559.
    dead port 2/2 on $mux $procmux$2848.
    dead port 2/2 on $mux $procmux$2846.
    dead port 2/2 on $mux $procmux$8557.
    dead port 2/2 on $mux $procmux$2838.
    dead port 2/2 on $mux $procmux$2836.
    dead port 2/2 on $mux $procmux$2828.
    dead port 2/2 on $mux $procmux$2826.
    dead port 2/2 on $mux $procmux$2818.
    dead port 2/2 on $mux $procmux$2816.
    dead port 2/2 on $mux $procmux$8538.
    dead port 2/2 on $mux $procmux$2808.
    dead port 2/2 on $mux $procmux$2806.
    dead port 2/2 on $mux $procmux$8536.
    dead port 2/2 on $mux $procmux$2798.
    dead port 2/2 on $mux $procmux$2796.
    dead port 2/2 on $mux $procmux$10868.
    dead port 2/2 on $mux $procmux$2788.
    dead port 2/2 on $mux $procmux$2786.
    dead port 2/2 on $mux $procmux$8534.
    dead port 2/2 on $mux $procmux$2778.
    dead port 2/2 on $mux $procmux$2776.
    dead port 2/2 on $mux $procmux$8531.
    dead port 2/2 on $mux $procmux$2768.
    dead port 2/2 on $mux $procmux$2766.
    dead port 2/2 on $mux $procmux$8514.
    dead port 2/2 on $mux $procmux$2758.
    dead port 2/2 on $mux $procmux$2756.
    dead port 2/2 on $mux $procmux$8512.
    dead port 2/2 on $mux $procmux$2748.
    dead port 2/2 on $mux $procmux$2746.
    dead port 2/2 on $mux $procmux$10865.
    dead port 2/2 on $mux $procmux$2738.
    dead port 2/2 on $mux $procmux$2736.
    dead port 2/2 on $mux $procmux$8510.
    dead port 2/2 on $mux $procmux$2728.
    dead port 2/2 on $mux $procmux$2726.
    dead port 2/2 on $mux $procmux$8507.
    dead port 2/2 on $mux $procmux$2718.
    dead port 2/2 on $mux $procmux$2716.
    dead port 2/2 on $mux $procmux$8490.
    dead port 2/2 on $mux $procmux$2708.
    dead port 2/2 on $mux $procmux$2706.
    dead port 2/2 on $mux $procmux$8488.
    dead port 2/2 on $mux $procmux$2698.
    dead port 2/2 on $mux $procmux$2696.
    dead port 2/2 on $mux $procmux$10846.
    dead port 2/2 on $mux $procmux$2694.
    dead port 2/2 on $mux $procmux$2691.
    dead port 2/2 on $mux $procmux$2685.
    dead port 2/2 on $mux $procmux$2683.
    dead port 2/2 on $mux $procmux$8486.
    dead port 2/2 on $mux $procmux$2681.
    dead port 2/2 on $mux $procmux$2678.
    dead port 2/2 on $mux $procmux$2672.
    dead port 2/2 on $mux $procmux$2670.
    dead port 2/2 on $mux $procmux$8467.
    dead port 2/2 on $mux $procmux$2668.
    dead port 2/2 on $mux $procmux$2660.
    dead port 2/2 on $mux $procmux$2658.
    dead port 2/2 on $mux $procmux$8465.
    dead port 2/2 on $mux $procmux$2656.
    dead port 2/2 on $mux $procmux$2653.
    dead port 2/2 on $mux $procmux$2647.
    dead port 2/2 on $mux $procmux$2645.
    dead port 2/2 on $mux $procmux$10844.
    dead port 2/2 on $mux $procmux$2643.
    dead port 2/2 on $mux $procmux$2635.
    dead port 2/2 on $mux $procmux$2633.
    dead port 2/2 on $mux $procmux$8463.
    dead port 2/2 on $mux $procmux$2631.
    dead port 2/2 on $mux $procmux$2623.
    dead port 2/2 on $mux $procmux$2621.
    dead port 2/2 on $mux $procmux$8460.
    dead port 2/2 on $mux $procmux$2619.
    dead port 2/2 on $mux $procmux$2611.
    dead port 2/2 on $mux $procmux$2609.
    dead port 2/2 on $mux $procmux$8443.
    dead port 2/2 on $mux $procmux$2607.
    dead port 2/2 on $mux $procmux$2604.
    dead port 2/2 on $mux $procmux$2598.
    dead port 2/2 on $mux $procmux$2596.
    dead port 2/2 on $mux $procmux$8441.
    dead port 2/2 on $mux $procmux$2594.
    dead port 2/2 on $mux $procmux$2586.
    dead port 2/2 on $mux $procmux$2584.
    dead port 2/2 on $mux $procmux$2582.
    dead port 2/2 on $mux $procmux$2579.
    dead port 2/2 on $mux $procmux$2573.
    dead port 2/2 on $mux $procmux$2571.
    dead port 2/2 on $mux $procmux$8439.
    dead port 2/2 on $mux $procmux$2569.
    dead port 2/2 on $mux $procmux$2566.
    dead port 2/2 on $mux $procmux$2560.
    dead port 2/2 on $mux $procmux$2558.
    dead port 2/2 on $mux $procmux$8420.
    dead port 2/2 on $mux $procmux$2556.
    dead port 2/2 on $mux $procmux$2548.
    dead port 2/2 on $mux $procmux$2546.
    dead port 2/2 on $mux $procmux$8418.
    dead port 2/2 on $mux $procmux$2544.
    dead port 2/2 on $mux $procmux$2541.
    dead port 2/2 on $mux $procmux$2535.
    dead port 2/2 on $mux $procmux$2533.
    dead port 2/2 on $mux $procmux$10842.
    dead port 2/2 on $mux $procmux$2531.
    dead port 2/2 on $mux $procmux$2528.
    dead port 2/2 on $mux $procmux$2522.
    dead port 2/2 on $mux $procmux$2520.
    dead port 2/2 on $mux $procmux$8416.
    dead port 2/2 on $mux $procmux$2518.
    dead port 2/2 on $mux $procmux$2515.
    dead port 2/2 on $mux $procmux$2509.
    dead port 2/2 on $mux $procmux$2507.
    dead port 2/2 on $mux $procmux$8397.
    dead port 2/2 on $mux $procmux$2505.
    dead port 2/2 on $mux $procmux$2502.
    dead port 2/2 on $mux $procmux$2496.
    dead port 2/2 on $mux $procmux$2494.
    dead port 2/2 on $mux $procmux$8395.
    dead port 2/2 on $mux $procmux$2492.
    dead port 2/2 on $mux $procmux$2489.
    dead port 2/2 on $mux $procmux$2483.
    dead port 2/2 on $mux $procmux$2481.
    dead port 2/2 on $mux $procmux$10839.
    dead port 2/2 on $mux $procmux$2479.
    dead port 2/2 on $mux $procmux$2476.
    dead port 2/2 on $mux $procmux$2470.
    dead port 2/2 on $mux $procmux$2468.
    dead port 2/2 on $mux $procmux$8393.
    dead port 2/2 on $mux $procmux$2466.
    dead port 2/2 on $mux $procmux$2463.
    dead port 2/2 on $mux $procmux$8390.
    dead port 2/2 on $mux $procmux$8373.
    dead port 2/2 on $mux $procmux$8371.
    dead port 2/2 on $mux $procmux$10820.
    dead port 2/2 on $mux $procmux$8369.
    dead port 2/2 on $mux $procmux$8350.
    dead port 2/2 on $mux $procmux$8348.
    dead port 2/2 on $mux $procmux$10818.
    dead port 2/2 on $mux $procmux$8346.
    dead port 2/2 on $mux $procmux$8343.
    dead port 2/2 on $mux $procmux$8326.
    dead port 2/2 on $mux $procmux$8324.
    dead port 2/2 on $mux $procmux$8322.
    dead port 2/2 on $mux $procmux$8319.
    dead port 2/2 on $mux $procmux$2437.
    dead port 2/2 on $mux $procmux$2435.
    dead port 2/2 on $mux $procmux$8302.
    dead port 2/2 on $mux $procmux$2428.
    dead port 2/2 on $mux $procmux$2426.
    dead port 2/2 on $mux $procmux$8300.
    dead port 2/2 on $mux $procmux$2419.
    dead port 2/2 on $mux $procmux$2417.
    dead port 2/2 on $mux $procmux$10816.
    dead port 2/2 on $mux $procmux$2410.
    dead port 2/2 on $mux $procmux$2408.
    dead port 2/2 on $mux $procmux$8298.
    dead port 2/2 on $mux $procmux$2401.
    dead port 2/2 on $mux $procmux$2399.
    dead port 2/2 on $mux $procmux$8295.
    dead port 2/2 on $mux $procmux$2392.
    dead port 2/2 on $mux $procmux$2390.
    dead port 2/2 on $mux $procmux$8278.
    dead port 2/2 on $mux $procmux$2383.
    dead port 2/2 on $mux $procmux$2381.
    dead port 2/2 on $mux $procmux$8276.
    dead port 2/2 on $mux $procmux$2374.
    dead port 2/2 on $mux $procmux$2372.
    dead port 2/2 on $mux $procmux$10795.
    dead port 2/2 on $mux $procmux$2365.
    dead port 2/2 on $mux $procmux$2363.
    dead port 2/2 on $mux $procmux$8274.
    dead port 2/2 on $mux $procmux$2356.
    dead port 2/2 on $mux $procmux$2354.
    dead port 2/2 on $mux $procmux$8255.
    dead port 2/2 on $mux $procmux$2347.
    dead port 2/2 on $mux $procmux$2345.
    dead port 2/2 on $mux $procmux$8253.
    dead port 2/2 on $mux $procmux$2338.
    dead port 2/2 on $mux $procmux$2336.
    dead port 2/2 on $mux $procmux$10793.
    dead port 2/2 on $mux $procmux$2329.
    dead port 2/2 on $mux $procmux$2327.
    dead port 2/2 on $mux $procmux$8251.
    dead port 2/2 on $mux $procmux$2320.
    dead port 2/2 on $mux $procmux$2318.
    dead port 2/2 on $mux $procmux$8248.
    dead port 2/2 on $mux $procmux$2311.
    dead port 2/2 on $mux $procmux$2309.
    dead port 2/2 on $mux $procmux$8231.
    dead port 2/2 on $mux $procmux$2302.
    dead port 2/2 on $mux $procmux$2300.
    dead port 2/2 on $mux $procmux$8229.
    dead port 2/2 on $mux $procmux$2293.
    dead port 2/2 on $mux $procmux$2291.
    dead port 2/2 on $mux $procmux$11589.
    dead port 2/2 on $mux $procmux$2284.
    dead port 2/2 on $mux $procmux$2282.
    dead port 2/2 on $mux $procmux$8227.
    dead port 2/2 on $mux $procmux$2275.
    dead port 2/2 on $mux $procmux$2273.
    dead port 2/2 on $mux $procmux$8224.
    dead port 2/2 on $mux $procmux$2266.
    dead port 2/2 on $mux $procmux$2264.
    dead port 2/2 on $mux $procmux$8207.
    dead port 2/2 on $mux $procmux$2257.
    dead port 2/2 on $mux $procmux$2255.
    dead port 2/2 on $mux $procmux$8205.
    dead port 2/2 on $mux $procmux$2253.
    dead port 2/2 on $mux $procmux$2250.
    dead port 2/2 on $mux $procmux$2245.
    dead port 2/2 on $mux $procmux$2243.
    dead port 2/2 on $mux $procmux$10791.
    dead port 2/2 on $mux $procmux$2241.
    dead port 2/2 on $mux $procmux$2238.
    dead port 2/2 on $mux $procmux$2233.
    dead port 2/2 on $mux $procmux$2231.
    dead port 2/2 on $mux $procmux$8203.
    dead port 2/2 on $mux $procmux$2229.
    dead port 2/2 on $mux $procmux$2222.
    dead port 2/2 on $mux $procmux$2220.
    dead port 2/2 on $mux $procmux$8200.
    dead port 2/2 on $mux $procmux$2218.
    dead port 2/2 on $mux $procmux$2215.
    dead port 2/2 on $mux $procmux$2210.
    dead port 2/2 on $mux $procmux$2208.
    dead port 2/2 on $mux $procmux$8182.
    dead port 2/2 on $mux $procmux$2206.
    dead port 2/2 on $mux $procmux$2199.
    dead port 2/2 on $mux $procmux$2197.
    dead port 2/2 on $mux $procmux$8180.
    dead port 2/2 on $mux $procmux$2195.
    dead port 2/2 on $mux $procmux$2188.
    dead port 2/2 on $mux $procmux$2186.
    dead port 2/2 on $mux $procmux$10788.
    dead port 2/2 on $mux $procmux$2184.
    dead port 2/2 on $mux $procmux$2177.
    dead port 2/2 on $mux $procmux$2175.
    dead port 2/2 on $mux $procmux$8178.
    dead port 2/2 on $mux $procmux$2173.
    dead port 2/2 on $mux $procmux$2170.
    dead port 2/2 on $mux $procmux$2165.
    dead port 2/2 on $mux $procmux$2163.
    dead port 2/2 on $mux $procmux$8175.
    dead port 2/2 on $mux $procmux$2161.
    dead port 2/2 on $mux $procmux$2154.
    dead port 2/2 on $mux $procmux$2152.
    dead port 2/2 on $mux $procmux$8158.
    dead port 2/2 on $mux $procmux$2150.
    dead port 2/2 on $mux $procmux$2147.
    dead port 2/2 on $mux $procmux$2142.
    dead port 2/2 on $mux $procmux$2140.
    dead port 2/2 on $mux $procmux$8156.
    dead port 2/2 on $mux $procmux$2138.
    dead port 2/2 on $mux $procmux$2135.
    dead port 2/2 on $mux $procmux$2130.
    dead port 2/2 on $mux $procmux$2128.
    dead port 2/2 on $mux $procmux$10769.
    dead port 2/2 on $mux $procmux$2126.
    dead port 2/2 on $mux $procmux$2119.
    dead port 2/2 on $mux $procmux$2117.
    dead port 2/2 on $mux $procmux$8154.
    dead port 2/2 on $mux $procmux$2115.
    dead port 2/2 on $mux $procmux$2112.
    dead port 2/2 on $mux $procmux$2107.
    dead port 2/2 on $mux $procmux$2105.
    dead port 2/2 on $mux $procmux$8151.
    dead port 2/2 on $mux $procmux$2103.
    dead port 2/2 on $mux $procmux$2100.
    dead port 2/2 on $mux $procmux$2095.
    dead port 2/2 on $mux $procmux$2093.
    dead port 2/2 on $mux $procmux$8134.
    dead port 2/2 on $mux $procmux$2091.
    dead port 2/2 on $mux $procmux$2088.
    dead port 2/2 on $mux $procmux$2083.
    dead port 2/2 on $mux $procmux$2081.
    dead port 2/2 on $mux $procmux$8132.
    dead port 2/2 on $mux $procmux$2079.
    dead port 2/2 on $mux $procmux$2076.
    dead port 2/2 on $mux $procmux$2071.
    dead port 2/2 on $mux $procmux$2069.
    dead port 2/2 on $mux $procmux$10767.
    dead port 2/2 on $mux $procmux$2067.
    dead port 2/2 on $mux $procmux$2064.
    dead port 2/2 on $mux $procmux$2059.
    dead port 2/2 on $mux $procmux$2057.
    dead port 2/2 on $mux $procmux$8130.
    dead port 2/2 on $mux $procmux$2055.
    dead port 2/2 on $mux $procmux$2052.
    dead port 2/2 on $mux $procmux$2047.
    dead port 2/2 on $mux $procmux$2045.
    dead port 2/2 on $mux $procmux$8127.
    dead port 2/2 on $mux $procmux$2043.
    dead port 2/2 on $mux $procmux$2040.
    dead port 2/2 on $mux $procmux$2035.
    dead port 2/2 on $mux $procmux$8110.
    dead port 2/2 on $mux $procmux$8108.
    dead port 2/2 on $mux $procmux$11587.
    dead port 2/2 on $mux $procmux$8106.
    dead port 2/2 on $mux $procmux$8103.
    dead port 2/2 on $mux $procmux$10765.
    dead port 2/2 on $mux $procmux$10744.
    dead port 2/2 on $mux $procmux$10742.
    dead port 2/2 on $mux $procmux$10740.
    dead port 2/2 on $mux $procmux$10719.
    dead port 2/2 on $mux $procmux$10717.
    dead port 2/2 on $mux $procmux$11585.
    dead port 2/2 on $mux $procmux$10715.
    dead port 2/2 on $mux $procmux$8038.
    dead port 2/2 on $mux $procmux$8036.
    dead port 2/2 on $mux $procmux$10712.
    dead port 2/2 on $mux $procmux$8034.
    dead port 2/2 on $mux $procmux$8031.
    dead port 2/2 on $mux $procmux$8014.
    dead port 2/2 on $mux $procmux$8012.
    dead port 2/2 on $mux $procmux$10693.
    dead port 2/2 on $mux $procmux$8010.
    dead port 2/2 on $mux $procmux$8007.
    dead port 2/2 on $mux $procmux$7990.
    dead port 2/2 on $mux $procmux$7988.
    dead port 2/2 on $mux $procmux$10691.
    dead port 2/2 on $mux $procmux$7986.
    dead port 2/2 on $mux $procmux$7983.
    dead port 2/2 on $mux $procmux$7966.
    dead port 2/2 on $mux $procmux$7964.
    dead port 2/2 on $mux $procmux$11582.
    dead port 2/2 on $mux $procmux$7946.
    dead port 2/2 on $mux $procmux$7944.
    dead port 2/2 on $mux $procmux$10689.
    dead port 2/2 on $mux $procmux$10668.
    dead port 2/2 on $mux $procmux$10666.
    dead port 2/2 on $mux $procmux$11566.
    dead port 2/2 on $mux $procmux$10664.
    dead port 2/2 on $mux $procmux$10661.
Running muxtree optimizer on module \bedrock_prefix_decode..
  Creating internal representation of mux trees.
  Evaluating internal representation of mux trees.
  Analyzing evaluation results.
Running muxtree optimizer on module \bedrock_decode..
  Creating internal representation of mux trees.
  Evaluating internal representation of mux trees.
  Analyzing evaluation results.
    dead port 2/2 on $mux $procmux$17073.
    dead port 2/2 on $mux $procmux$17071.
    dead port 1/2 on $mux $procmux$17069.
    dead port 1/2 on $mux $procmux$17066.
    dead port 1/2 on $mux $procmux$17063.
    dead port 1/2 on $mux $procmux$17060.
    dead port 2/2 on $mux $procmux$17036.
    dead port 2/2 on $mux $procmux$17034.
    dead port 1/2 on $mux $procmux$17032.
    dead port 1/2 on $mux $procmux$17029.
    dead port 1/2 on $mux $procmux$17026.
    dead port 1/2 on $mux $procmux$17023.
    dead port 2/2 on $mux $procmux$16999.
    dead port 2/2 on $mux $procmux$16997.
    dead port 1/2 on $mux $procmux$16995.
    dead port 1/2 on $mux $procmux$16992.
    dead port 1/2 on $mux $procmux$16989.
    dead port 1/2 on $mux $procmux$16986.
    dead port 2/2 on $mux $procmux$16962.
    dead port 2/2 on $mux $procmux$16960.
    dead port 1/2 on $mux $procmux$16958.
    dead port 1/2 on $mux $procmux$16955.
    dead port 1/2 on $mux $procmux$16952.
    dead port 1/2 on $mux $procmux$16949.
    dead port 2/2 on $mux $procmux$16922.
    dead port 2/2 on $mux $procmux$16920.
    dead port 1/2 on $mux $procmux$16918.
    dead port 1/2 on $mux $procmux$16915.
    dead port 1/2 on $mux $procmux$16912.
    dead port 1/2 on $mux $procmux$16909.
    dead port 2/2 on $mux $procmux$16882.
    dead port 2/2 on $mux $procmux$16880.
    dead port 1/2 on $mux $procmux$16878.
    dead port 1/2 on $mux $procmux$16875.
    dead port 1/2 on $mux $procmux$16872.
    dead port 1/2 on $mux $procmux$16869.
    dead port 2/2 on $mux $procmux$16842.
    dead port 2/2 on $mux $procmux$16840.
    dead port 1/2 on $mux $procmux$16838.
    dead port 1/2 on $mux $procmux$16835.
    dead port 1/2 on $mux $procmux$16832.
    dead port 2/2 on $mux $procmux$15207.
    dead port 2/2 on $mux $procmux$15205.
    dead port 1/2 on $mux $procmux$16829.
    dead port 1/2 on $mux $procmux$16826.
    dead port 1/2 on $mux $procmux$16823.
    dead port 2/2 on $mux $procmux$16799.
    dead port 2/2 on $mux $procmux$16797.
    dead port 1/2 on $mux $procmux$16795.
    dead port 1/2 on $mux $procmux$16792.
    dead port 1/2 on $mux $procmux$16789.
    dead port 2/2 on $mux $procmux$14208.
    dead port 2/2 on $mux $procmux$14206.
    dead port 1/2 on $mux $procmux$16786.
    dead port 1/2 on $mux $procmux$16783.
    dead port 1/2 on $mux $procmux$16780.
    dead port 2/2 on $mux $procmux$16756.
    dead port 2/2 on $mux $procmux$16754.
    dead port 1/2 on $mux $procmux$16752.
    dead port 1/2 on $mux $procmux$16749.
    dead port 1/2 on $mux $procmux$16746.
    dead port 1/2 on $mux $procmux$16743.
    dead port 1/2 on $mux $procmux$16740.
    dead port 1/2 on $mux $procmux$16737.
    dead port 2/2 on $mux $procmux$16713.
    dead port 2/2 on $mux $procmux$16711.
    dead port 1/2 on $mux $procmux$16709.
    dead port 1/2 on $mux $procmux$16706.
    dead port 1/2 on $mux $procmux$16703.
    dead port 1/2 on $mux $procmux$16700.
    dead port 1/2 on $mux $procmux$16697.
    dead port 1/2 on $mux $procmux$16694.
    dead port 2/2 on $mux $procmux$16667.
    dead port 2/2 on $mux $procmux$16665.
    dead port 1/2 on $mux $procmux$16663.
    dead port 1/2 on $mux $procmux$16660.
    dead port 1/2 on $mux $procmux$16657.
    dead port 1/2 on $mux $procmux$16654.
    dead port 1/2 on $mux $procmux$16651.
    dead port 1/2 on $mux $procmux$16648.
    dead port 2/2 on $mux $procmux$16621.
    dead port 2/2 on $mux $procmux$16619.
    dead port 1/2 on $mux $procmux$16617.
    dead port 1/2 on $mux $procmux$16614.
    dead port 1/2 on $mux $procmux$16611.
    dead port 1/2 on $mux $procmux$16608.
    dead port 1/2 on $mux $procmux$16605.
    dead port 1/2 on $mux $procmux$16602.
    dead port 2/2 on $mux $procmux$16575.
    dead port 2/2 on $mux $procmux$16573.
    dead port 1/2 on $mux $procmux$16571.
    dead port 1/2 on $mux $procmux$16568.
    dead port 1/2 on $mux $procmux$16565.
    dead port 1/2 on $mux $procmux$16562.
    dead port 1/2 on $mux $procmux$16559.
    dead port 1/2 on $mux $procmux$16556.
    dead port 1/2 on $mux $procmux$16553.
    dead port 2/2 on $mux $procmux$16526.
    dead port 2/2 on $mux $procmux$16524.
    dead port 1/2 on $mux $procmux$16522.
    dead port 1/2 on $mux $procmux$16519.
    dead port 1/2 on $mux $procmux$16516.
    dead port 1/2 on $mux $procmux$16513.
    dead port 1/2 on $mux $procmux$16510.
    dead port 1/2 on $mux $procmux$16507.
    dead port 1/2 on $mux $procmux$16504.
    dead port 2/2 on $mux $procmux$14126.
    dead port 2/2 on $mux $procmux$14124.
    dead port 2/2 on $mux $procmux$16477.
    dead port 2/2 on $mux $procmux$15112.
    dead port 2/2 on $mux $procmux$15110.
    dead port 2/2 on $mux $procmux$16475.
    dead port 1/2 on $mux $procmux$16473.
    dead port 1/2 on $mux $procmux$16470.
    dead port 1/2 on $mux $procmux$16467.
    dead port 1/2 on $mux $procmux$16464.
    dead port 1/2 on $mux $procmux$16461.
    dead port 1/2 on $mux $procmux$16458.
    dead port 1/2 on $mux $procmux$16455.
    dead port 2/2 on $mux $procmux$16428.
    dead port 2/2 on $mux $procmux$16426.
    dead port 1/2 on $mux $procmux$16424.
    dead port 1/2 on $mux $procmux$16421.
    dead port 1/2 on $mux $procmux$16418.
    dead port 1/2 on $mux $procmux$16415.
    dead port 1/2 on $mux $procmux$16412.
    dead port 1/2 on $mux $procmux$16409.
    dead port 1/2 on $mux $procmux$16406.
    dead port 1/2 on $mux $procmux$16403.
    dead port 2/2 on $mux $procmux$16376.
    dead port 2/2 on $mux $procmux$16374.
    dead port 2/2 on $mux $procmux$15063.
    dead port 2/2 on $mux $procmux$15061.
    dead port 1/2 on $mux $procmux$16372.
    dead port 1/2 on $mux $procmux$16369.
    dead port 1/2 on $mux $procmux$16366.
    dead port 1/2 on $mux $procmux$16363.
    dead port 1/2 on $mux $procmux$16360.
    dead port 1/2 on $mux $procmux$16357.
    dead port 1/2 on $mux $procmux$16354.
    dead port 1/2 on $mux $procmux$16351.
    dead port 2/2 on $mux $procmux$16324.
    dead port 2/2 on $mux $procmux$16322.
    dead port 1/2 on $mux $procmux$16320.
    dead port 1/2 on $mux $procmux$16317.
    dead port 1/2 on $mux $procmux$16314.
    dead port 1/2 on $mux $procmux$16311.
    dead port 1/2 on $mux $procmux$16308.
    dead port 1/2 on $mux $procmux$16305.
    dead port 1/2 on $mux $procmux$16302.
    dead port 1/2 on $mux $procmux$16299.
    dead port 2/2 on $mux $procmux$16272.
    dead port 2/2 on $mux $procmux$16270.
    dead port 1/2 on $mux $procmux$16268.
    dead port 1/2 on $mux $procmux$16265.
    dead port 1/2 on $mux $procmux$16262.
    dead port 1/2 on $mux $procmux$16259.
    dead port 1/2 on $mux $procmux$16256.
    dead port 1/2 on $mux $procmux$16253.
    dead port 1/2 on $mux $procmux$16250.
    dead port 1/2 on $mux $procmux$16247.
    dead port 1/2 on $mux $procmux$16244.
    dead port 2/2 on $mux $procmux$16217.
    dead port 2/2 on $mux $procmux$16215.
    dead port 1/2 on $mux $procmux$16213.
    dead port 2/2 on $mux $procmux$14038.
    dead port 2/2 on $mux $procmux$14036.
    dead port 1/2 on $mux $procmux$16210.
    dead port 1/2 on $mux $procmux$16207.
    dead port 1/2 on $mux $procmux$16204.
    dead port 1/2 on $mux $procmux$16201.
    dead port 1/2 on $mux $procmux$16198.
    dead port 1/2 on $mux $procmux$16195.
    dead port 1/2 on $mux $procmux$16192.
    dead port 1/2 on $mux $procmux$16189.
    dead port 2/2 on $mux $procmux$16162.
    dead port 2/2 on $mux $procmux$16160.
    dead port 1/2 on $mux $procmux$16158.
    dead port 1/2 on $mux $procmux$16155.
    dead port 1/2 on $mux $procmux$16152.
    dead port 1/2 on $mux $procmux$16149.
    dead port 1/2 on $mux $procmux$16146.
    dead port 1/2 on $mux $procmux$16143.
    dead port 1/2 on $mux $procmux$16140.
    dead port 1/2 on $mux $procmux$16137.
    dead port 1/2 on $mux $procmux$16134.
    dead port 2/2 on $mux $procmux$16107.
    dead port 2/2 on $mux $procmux$16105.
    dead port 2/2 on $mux $procmux$13989.
    dead port 2/2 on $mux $procmux$13987.
    dead port 1/2 on $mux $procmux$16103.
    dead port 1/2 on $mux $procmux$16100.
    dead port 1/2 on $mux $procmux$16097.
    dead port 1/2 on $mux $procmux$16094.
    dead port 1/2 on $mux $procmux$16091.
    dead port 1/2 on $mux $procmux$16088.
    dead port 1/2 on $mux $procmux$16085.
    dead port 1/2 on $mux $procmux$16082.
    dead port 1/2 on $mux $procmux$16079.
    dead port 1/2 on $mux $procmux$16076.
    dead port 2/2 on $mux $procmux$16049.
    dead port 2/2 on $mux $procmux$14967.
    dead port 2/2 on $mux $procmux$14965.
    dead port 2/2 on $mux $procmux$16047.
    dead port 1/2 on $mux $procmux$16045.
    dead port 1/2 on $mux $procmux$16042.
    dead port 1/2 on $mux $procmux$16039.
    dead port 1/2 on $mux $procmux$16036.
    dead port 1/2 on $mux $procmux$16033.
    dead port 1/2 on $mux $procmux$16030.
    dead port 1/2 on $mux $procmux$16027.
    dead port 1/2 on $mux $procmux$16024.
    dead port 1/2 on $mux $procmux$16021.
    dead port 1/2 on $mux $procmux$16018.
    dead port 2/2 on $mux $procmux$15991.
    dead port 2/2 on $mux $procmux$15989.
    dead port 2/2 on $mux $procmux$13940.
    dead port 2/2 on $mux $procmux$13938.
    dead port 2/2 on $mux $procmux$14931.
    dead port 2/2 on $mux $procmux$14929.
    dead port 1/2 on $mux $procmux$15987.
    dead port 1/2 on $mux $procmux$15984.
    dead port 1/2 on $mux $procmux$15981.
    dead port 1/2 on $mux $procmux$15978.
    dead port 1/2 on $mux $procmux$15975.
    dead port 1/2 on $mux $procmux$15972.
    dead port 1/2 on $mux $procmux$15969.
    dead port 1/2 on $mux $procmux$15966.
    dead port 1/2 on $mux $procmux$15963.
    dead port 1/2 on $mux $procmux$15960.
    dead port 2/2 on $mux $procmux$15933.
    dead port 2/2 on $mux $procmux$15931.
    dead port 2/2 on $mux $procmux$14895.
    dead port 2/2 on $mux $procmux$14893.
    dead port 2/2 on $mux $procmux$15903.
    dead port 2/2 on $mux $procmux$15901.
    dead port 2/2 on $mux $procmux$13894.
    dead port 2/2 on $mux $procmux$13892.
    dead port 2/2 on $mux $procmux$15874.
    dead port 2/2 on $mux $procmux$15872.
    dead port 2/2 on $mux $procmux$14860.
    dead port 2/2 on $mux $procmux$14858.
    dead port 2/2 on $mux $procmux$15844.
    dead port 2/2 on $mux $procmux$15842.
    dead port 2/2 on $mux $procmux$15814.
    dead port 2/2 on $mux $procmux$15812.
    dead port 2/2 on $mux $procmux$14826.
    dead port 2/2 on $mux $procmux$14824.
    dead port 2/2 on $mux $procmux$17658.
    dead port 2/2 on $mux $procmux$13848.
    dead port 2/2 on $mux $procmux$13846.
    dead port 2/2 on $mux $procmux$15784.
    dead port 2/2 on $mux $procmux$15782.
    dead port 2/2 on $mux $procmux$15756.
    dead port 2/2 on $mux $procmux$14791.
    dead port 2/2 on $mux $procmux$14789.
    dead port 2/2 on $mux $procmux$15754.
    dead port 2/2 on $mux $procmux$15728.
    dead port 2/2 on $mux $procmux$15726.
    dead port 2/2 on $mux $procmux$15700.
    dead port 2/2 on $mux $procmux$15698.
    dead port 2/2 on $mux $procmux$13799.
    dead port 2/2 on $mux $procmux$13797.
    dead port 2/2 on $mux $procmux$13779.
    dead port 2/2 on $mux $procmux$13777.
    dead port 2/2 on $mux $procmux$14752.
    dead port 2/2 on $mux $procmux$13759.
    dead port 2/2 on $mux $procmux$13757.
    dead port 2/2 on $mux $procmux$14750.
    dead port 2/2 on $mux $procmux$15670.
    dead port 2/2 on $mux $procmux$13739.
    dead port 2/2 on $mux $procmux$13737.
    dead port 2/2 on $mux $procmux$15668.
    dead port 2/2 on $mux $procmux$13719.
    dead port 2/2 on $mux $procmux$13717.
    dead port 2/2 on $mux $procmux$13699.
    dead port 2/2 on $mux $procmux$13697.
    dead port 2/2 on $mux $procmux$13680.
    dead port 2/2 on $mux $procmux$13678.
    dead port 2/2 on $mux $procmux$13661.
    dead port 2/2 on $mux $procmux$13659.
    dead port 2/2 on $mux $procmux$14717.
    dead port 2/2 on $mux $procmux$14715.
    dead port 2/2 on $mux $procmux$13642.
    dead port 2/2 on $mux $procmux$13640.
    dead port 2/2 on $mux $procmux$15637.
    dead port 2/2 on $mux $procmux$15635.
    dead port 2/2 on $mux $procmux$17607.
    dead port 2/2 on $mux $procmux$17605.
    dead port 2/2 on $mux $procmux$13623.
    dead port 2/2 on $mux $procmux$13621.
    dead port 2/2 on $mux $procmux$13604.
    dead port 2/2 on $mux $procmux$13602.
    dead port 2/2 on $mux $procmux$15604.
    dead port 2/2 on $mux $procmux$13586.
    dead port 2/2 on $mux $procmux$13584.
    dead port 2/2 on $mux $procmux$15602.
    dead port 2/2 on $mux $procmux$13568.
    dead port 2/2 on $mux $procmux$13566.
    dead port 2/2 on $mux $procmux$14678.
    dead port 2/2 on $mux $procmux$14676.
    dead port 2/2 on $mux $procmux$13550.
    dead port 2/2 on $mux $procmux$13548.
    dead port 2/2 on $mux $procmux$13532.
    dead port 2/2 on $mux $procmux$13530.
    dead port 2/2 on $mux $procmux$17571.
    dead port 2/2 on $mux $procmux$15571.
    dead port 2/2 on $mux $procmux$13514.
    dead port 2/2 on $mux $procmux$13512.
    dead port 2/2 on $mux $procmux$15569.
    dead port 2/2 on $mux $procmux$13497.
    dead port 2/2 on $mux $procmux$13495.
    dead port 2/2 on $mux $procmux$15545.
    dead port 2/2 on $mux $procmux$15543.
    dead port 2/2 on $mux $procmux$13480.
    dead port 2/2 on $mux $procmux$13478.
    dead port 2/2 on $mux $procmux$14639.
    dead port 2/2 on $mux $procmux$14637.
    dead port 2/2 on $mux $procmux$13463.
    dead port 2/2 on $mux $procmux$13461.
    dead port 2/2 on $mux $procmux$15519.
    dead port 2/2 on $mux $procmux$15517.
    dead port 2/2 on $mux $procmux$13446.
    dead port 2/2 on $mux $procmux$13444.
    dead port 2/2 on $mux $procmux$15493.
    dead port 2/2 on $mux $procmux$15491.
    dead port 2/2 on $mux $procmux$13429.
    dead port 2/2 on $mux $procmux$13427.
    dead port 2/2 on $mux $procmux$13413.
    dead port 2/2 on $mux $procmux$13411.
    dead port 2/2 on $mux $procmux$13397.
    dead port 2/2 on $mux $procmux$13395.
    dead port 2/2 on $mux $procmux$14600.
    dead port 2/2 on $mux $procmux$14598.
    dead port 2/2 on $mux $procmux$13381.
    dead port 2/2 on $mux $procmux$13379.
    dead port 2/2 on $mux $procmux$13365.
    dead port 2/2 on $mux $procmux$13363.
    dead port 2/2 on $mux $procmux$13349.
    dead port 2/2 on $mux $procmux$13347.
    dead port 2/2 on $mux $procmux$13335.
    dead port 2/2 on $mux $procmux$13333.
    dead port 2/2 on $mux $procmux$13321.
    dead port 2/2 on $mux $procmux$13319.
    dead port 2/2 on $mux $procmux$13307.
    dead port 2/2 on $mux $procmux$13305.
    dead port 2/2 on $mux $procmux$14561.
    dead port 2/2 on $mux $procmux$14559.
    dead port 2/2 on $mux $procmux$13293.
    dead port 2/2 on $mux $procmux$13291.
    dead port 2/2 on $mux $procmux$13279.
    dead port 2/2 on $mux $procmux$13277.
    dead port 2/2 on $mux $procmux$14527.
    dead port 2/2 on $mux $procmux$14525.
    dead port 2/2 on $mux $procmux$13244.
    dead port 2/2 on $mux $procmux$13242.
    dead port 2/2 on $mux $procmux$13209.
    dead port 2/2 on $mux $procmux$13207.
    dead port 2/2 on $mux $procmux$14466.
    dead port 2/2 on $mux $procmux$14464.
    dead port 2/2 on $mux $procmux$13174.
    dead port 2/2 on $mux $procmux$13172.
    dead port 2/2 on $mux $procmux$13139.
    dead port 2/2 on $mux $procmux$13137.
    dead port 2/2 on $mux $procmux$15398.
    dead port 2/2 on $mux $procmux$15396.
    dead port 2/2 on $mux $procmux$13115.
    dead port 2/2 on $mux $procmux$13113.
    dead port 2/2 on $mux $procmux$13106.
    dead port 2/2 on $mux $procmux$13104.
    dead port 2/2 on $mux $procmux$17544.
    dead port 2/2 on $mux $procmux$13085.
    dead port 2/2 on $mux $procmux$13083.
    dead port 2/2 on $mux $procmux$17542.
    dead port 2/2 on $mux $procmux$17509.
    dead port 2/2 on $mux $procmux$17507.
    dead port 2/2 on $mux $procmux$17474.
    dead port 2/2 on $mux $procmux$17472.
    dead port 2/2 on $mux $procmux$13051.
    dead port 2/2 on $mux $procmux$13049.
    dead port 2/2 on $mux $procmux$14378.
    dead port 2/2 on $mux $procmux$14376.
    dead port 2/2 on $mux $procmux$17439.
    dead port 2/2 on $mux $procmux$17437.
    dead port 2/2 on $mux $procmux$17410.
    dead port 2/2 on $mux $procmux$13027.
    dead port 2/2 on $mux $procmux$17408.
    dead port 2/2 on $mux $procmux$13007.
    dead port 2/2 on $mux $procmux$13005.
    dead port 2/2 on $mux $procmux$17381.
    dead port 2/2 on $mux $procmux$17379.
    dead port 2/2 on $mux $procmux$17352.
    dead port 2/2 on $mux $procmux$17350.
    dead port 2/2 on $mux $procmux$17324.
    dead port 2/2 on $mux $procmux$17322.
    dead port 2/2 on $mux $procmux$17296.
    dead port 2/2 on $mux $procmux$17294.
    dead port 2/2 on $mux $procmux$12983.
    dead port 2/2 on $mux $procmux$12981.
    dead port 2/2 on $mux $procmux$17268.
    dead port 2/2 on $mux $procmux$17266.
    dead port 1/2 on $mux $procmux$17264.
    dead port 2/2 on $mux $procmux$17237.
    dead port 2/2 on $mux $procmux$17235.
    dead port 1/2 on $mux $procmux$17233.
    dead port 2/2 on $mux $procmux$15302.
    dead port 2/2 on $mux $procmux$12961.
    dead port 2/2 on $mux $procmux$15300.
    dead port 2/2 on $mux $procmux$17206.
    dead port 2/2 on $mux $procmux$17204.
    dead port 1/2 on $mux $procmux$17202.
    dead port 2/2 on $mux $procmux$17175.
    dead port 2/2 on $mux $procmux$17173.
    dead port 1/2 on $mux $procmux$17171.
    dead port 1/2 on $mux $procmux$17168.
    dead port 2/2 on $mux $procmux$17141.
    dead port 2/2 on $mux $procmux$17139.
    dead port 2/2 on $mux $procmux$12940.
    dead port 2/2 on $mux $procmux$12938.
    dead port 1/2 on $mux $procmux$17137.
    dead port 2/2 on $mux $procmux$12931.
    dead port 2/2 on $mux $procmux$12929.
    dead port 1/2 on $mux $procmux$17134.
    dead port 2/2 on $mux $procmux$17107.
    dead port 2/2 on $mux $procmux$17105.
    dead port 1/2 on $mux $procmux$17103.
    dead port 2/2 on $mux $procmux$12900.
    dead port 1/2 on $mux $procmux$17100.
    dead port 2/2 on $mux $procmux$14290.
    dead port 2/2 on $mux $procmux$14288.
Removed 1827 multiplexer ports.
<suppressed ~3815 debug messages>

2.6.4. Executing OPT_REDUCE pass (consolidate $*mux and $reduce_* inputs).
  Optimizing cells in module \bedrock_full_decode.
    New ctrl vector for $pmux cell $procmux$2001: $auto$opt_reduce.cc:135:opt_pmux$18131
    New ctrl vector for $pmux cell $procmux$1897: { $auto$opt_reduce.cc:135:opt_pmux$18135 $auto$opt_reduce.cc:135:opt_pmux$18133 $procmux$1981_CMP }
    New ctrl vector for $pmux cell $procmux$1825: { $auto$opt_reduce.cc:135:opt_pmux$18139 $auto$opt_reduce.cc:135:opt_pmux$18137 }
    New ctrl vector for $pmux cell $procmux$1928: $auto$opt_reduce.cc:135:opt_pmux$18141
    New ctrl vector for $pmux cell $procmux$1959: { $auto$opt_reduce.cc:135:opt_pmux$18147 $auto$opt_reduce.cc:135:opt_pmux$18145 $auto$opt_reduce.cc:135:opt_pmux$18143 $procmux$1981_CMP $procmux$1982_CMP }
    New ctrl vector for $pmux cell $procmux$1889: { $auto$opt_reduce.cc:135:opt_pmux$18149 $procmux$2006_CMP }
  Optimizing cells in module \bedrock_full_decode.
  Optimizing cells in module \bedrock_agu_request_build.
  Optimizing cells in module \bedrock_ea_decode.
    New ctrl vector for $pmux cell $procmux$12538: { $auto$opt_reduce.cc:135:opt_pmux$18153 $auto$opt_reduce.cc:135:opt_pmux$18151 }
    New ctrl vector for $pmux cell $procmux$12448: { $auto$opt_reduce.cc:135:opt_pmux$18161 $auto$opt_reduce.cc:135:opt_pmux$18159 $auto$opt_reduce.cc:135:opt_pmux$18157 $auto$opt_reduce.cc:135:opt_pmux$18155 }
    New ctrl vector for $pmux cell $procmux$12628: { $auto$opt_reduce.cc:135:opt_pmux$18165 $auto$opt_reduce.cc:135:opt_pmux$18163 }
    New ctrl vector for $pmux cell $procmux$12238: $auto$opt_reduce.cc:135:opt_pmux$18167
    New ctrl vector for $pmux cell $procmux$12508: { $auto$opt_reduce.cc:135:opt_pmux$18171 $auto$opt_reduce.cc:135:opt_pmux$18169 }
    New ctrl vector for $pmux cell $procmux$12598: { $auto$opt_reduce.cc:135:opt_pmux$18183 $auto$opt_reduce.cc:135:opt_pmux$18181 $auto$opt_reduce.cc:135:opt_pmux$18179 $auto$opt_reduce.cc:135:opt_pmux$18177 $auto$opt_reduce.cc:135:opt_pmux$18175 $auto$opt_reduce.cc:135:opt_pmux$18173 $procmux$12357_CMP }
    New ctrl vector for $pmux cell $procmux$12328: { $auto$opt_reduce.cc:135:opt_pmux$18187 $auto$opt_reduce.cc:135:opt_pmux$18185 }
    New ctrl vector for $pmux cell $procmux$12088: { $auto$opt_reduce.cc:135:opt_pmux$18191 $auto$opt_reduce.cc:135:opt_pmux$18189 }
    New ctrl vector for $pmux cell $procmux$12358: { $auto$opt_reduce.cc:135:opt_pmux$18193 $procmux$12369_CMP $procmux$12370_CMP $procmux$12371_CMP $procmux$12372_CMP $procmux$12373_CMP $procmux$12374_CMP $procmux$12375_CMP $procmux$12376_CMP $procmux$12377_CMP $procmux$12378_CMP $procmux$12379_CMP $procmux$12380_CMP $procmux$12381_CMP $procmux$12352_CMP $procmux$12353_CMP $procmux$12354_CMP $procmux$12355_CMP $procmux$12356_CMP $procmux$12357_CMP }
    New ctrl vector for $pmux cell $procmux$12298: { $auto$opt_reduce.cc:135:opt_pmux$18197 $auto$opt_reduce.cc:135:opt_pmux$18195 }
    New ctrl vector for $pmux cell $procmux$12148: $auto$opt_reduce.cc:135:opt_pmux$18199
    New ctrl vector for $pmux cell $procmux$12478: { $auto$opt_reduce.cc:135:opt_pmux$18207 $auto$opt_reduce.cc:135:opt_pmux$18205 $auto$opt_reduce.cc:135:opt_pmux$18203 $auto$opt_reduce.cc:135:opt_pmux$18201 }
    New ctrl vector for $pmux cell $procmux$12388: { $auto$opt_reduce.cc:135:opt_pmux$18209 $procmux$12370_CMP }
    New ctrl vector for $pmux cell $procmux$12178: { $auto$opt_reduce.cc:135:opt_pmux$18213 $auto$opt_reduce.cc:135:opt_pmux$18211 }
    New ctrl vector for $pmux cell $procmux$12208: { $auto$opt_reduce.cc:135:opt_pmux$18219 $auto$opt_reduce.cc:135:opt_pmux$18217 $auto$opt_reduce.cc:135:opt_pmux$18215 }
    New ctrl vector for $pmux cell $procmux$12418: { $auto$opt_reduce.cc:135:opt_pmux$18223 $auto$opt_reduce.cc:135:opt_pmux$18221 }
    New ctrl vector for $pmux cell $procmux$12118: { $auto$opt_reduce.cc:135:opt_pmux$18227 $auto$opt_reduce.cc:135:opt_pmux$18225 }
    New ctrl vector for $pmux cell $procmux$12268: { $auto$opt_reduce.cc:135:opt_pmux$18229 $procmux$12355_CMP }
    New ctrl vector for $pmux cell $procmux$12568: { $auto$opt_reduce.cc:135:opt_pmux$18233 $auto$opt_reduce.cc:135:opt_pmux$18231 }
  Optimizing cells in module \bedrock_ea_decode.
  Optimizing cells in module \bedrock_prefix_decode.
    New ctrl vector for $pmux cell $procmux$12833: $auto$opt_reduce.cc:135:opt_pmux$18235
    New ctrl vector for $pmux cell $procmux$12873: $auto$opt_reduce.cc:135:opt_pmux$18237
    New ctrl vector for $pmux cell $procmux$12817: $auto$opt_reduce.cc:135:opt_pmux$18239
    New ctrl vector for $pmux cell $procmux$12788: $auto$opt_reduce.cc:135:opt_pmux$18241
    New ctrl vector for $pmux cell $procmux$12857: $auto$opt_reduce.cc:135:opt_pmux$18243
    New ctrl vector for $pmux cell $procmux$12758: $auto$opt_reduce.cc:135:opt_pmux$18245
    New ctrl vector for $pmux cell $procmux$12709: $auto$opt_reduce.cc:135:opt_pmux$18247
    New ctrl vector for $pmux cell $procmux$12679: $auto$opt_reduce.cc:135:opt_pmux$18249
  Optimizing cells in module \bedrock_prefix_decode.
  Optimizing cells in module \bedrock_decode.
    New ctrl vector for $pmux cell $procmux$14725: $auto$opt_reduce.cc:135:opt_pmux$18251
    New ctrl vector for $pmux cell $procmux$15658: { $procmux$15659_CMP $procmux$15660_CMP $procmux$15661_CMP $procmux$15662_CMP $auto$opt_reduce.cc:135:opt_pmux$18253 $procmux$15664_CMP $procmux$15665_CMP $procmux$15667_CMP }
    New ctrl vector for $pmux cell $procmux$17958: $auto$opt_reduce.cc:135:opt_pmux$18255
    New ctrl vector for $pmux cell $procmux$13654: $auto$opt_reduce.cc:135:opt_pmux$18257
    New ctrl vector for $pmux cell $procmux$13635: $auto$opt_reduce.cc:135:opt_pmux$18259
    New ctrl vector for $pmux cell $procmux$17769: { $auto$opt_reduce.cc:135:opt_pmux$18263 $auto$opt_reduce.cc:135:opt_pmux$18261 $procmux$17931_CMP }
    New ctrl vector for $pmux cell $procmux$13616: $auto$opt_reduce.cc:135:opt_pmux$18265
    New ctrl vector for $pmux cell $procmux$15625: { $auto$opt_reduce.cc:135:opt_pmux$18271 $auto$opt_reduce.cc:135:opt_pmux$18269 $procmux$15663_CMP $auto$opt_reduce.cc:135:opt_pmux$18267 }
    New ctrl vector for $pmux cell $procmux$14913: { $auto$opt_reduce.cc:135:opt_pmux$18279 $auto$opt_reduce.cc:135:opt_pmux$18277 $auto$opt_reduce.cc:135:opt_pmux$18275 $procmux$17595_CMP $auto$opt_reduce.cc:135:opt_pmux$18273 $procmux$17600_CMP $procmux$17602_CMP $procmux$17603_CMP }
    New ctrl vector for $pmux cell $procmux$13580: $auto$opt_reduce.cc:135:opt_pmux$18281
    New ctrl vector for $pmux cell $procmux$13562: $auto$opt_reduce.cc:135:opt_pmux$18283
    New ctrl vector for $pmux cell $procmux$13544: $auto$opt_reduce.cc:135:opt_pmux$18285
    New ctrl vector for $pmux cell $procmux$17589: $auto$opt_reduce.cc:135:opt_pmux$18287
    New ctrl vector for $pmux cell $procmux$13909: $auto$opt_reduce.cc:135:opt_pmux$18289
    New ctrl vector for $pmux cell $procmux$15592: $auto$opt_reduce.cc:135:opt_pmux$18291
    New ctrl vector for $pmux cell $procmux$13526: $auto$opt_reduce.cc:135:opt_pmux$18293
    New ctrl vector for $pmux cell $procmux$14004: { $auto$opt_reduce.cc:135:opt_pmux$18317 $auto$opt_reduce.cc:135:opt_pmux$18315 $auto$opt_reduce.cc:135:opt_pmux$18313 $auto$opt_reduce.cc:135:opt_pmux$18311 $auto$opt_reduce.cc:135:opt_pmux$18309 $auto$opt_reduce.cc:135:opt_pmux$18307 $auto$opt_reduce.cc:135:opt_pmux$18305 $auto$opt_reduce.cc:135:opt_pmux$18303 $procmux$15434_CMP $procmux$15435_CMP $procmux$15436_CMP $procmux$15437_CMP $procmux$17593_CMP $auto$opt_reduce.cc:135:opt_pmux$18301 $auto$opt_reduce.cc:135:opt_pmux$18299 $auto$opt_reduce.cc:135:opt_pmux$18297 $auto$opt_reduce.cc:135:opt_pmux$18295 $procmux$14031_CMP }
    New ctrl vector for $pmux cell $procmux$15897: { $auto$opt_reduce.cc:135:opt_pmux$18319 $procmux$17436_CMP }
    New ctrl vector for $pmux cell $procmux$13507: $auto$opt_reduce.cc:135:opt_pmux$18321
    New ctrl vector for $pmux cell $procmux$14878: $auto$opt_reduce.cc:135:opt_pmux$18323
    New ctrl vector for $pmux cell $procmux$14656: $auto$opt_reduce.cc:135:opt_pmux$18325
    New ctrl vector for $pmux cell $procmux$15539: { $procmux$15566_CMP $auto$opt_reduce.cc:135:opt_pmux$18327 }
    New ctrl vector for $pmux cell $procmux$17670: $auto$opt_reduce.cc:135:opt_pmux$18329
    New ctrl vector for $pmux cell $procmux$13473: $auto$opt_reduce.cc:135:opt_pmux$18331
    New ctrl vector for $pmux cell $procmux$15867: $auto$opt_reduce.cc:135:opt_pmux$18333
    New ctrl vector for $pmux cell $procmux$13456: $auto$opt_reduce.cc:135:opt_pmux$18335
    New ctrl vector for $pmux cell $procmux$15513: $auto$opt_reduce.cc:135:opt_pmux$18337
    New ctrl vector for $pmux cell $procmux$13439: $auto$opt_reduce.cc:135:opt_pmux$18339
    New ctrl vector for $pmux cell $procmux$13422: $auto$opt_reduce.cc:135:opt_pmux$18341
    New ctrl vector for $pmux cell $procmux$15836: { $auto$opt_reduce.cc:135:opt_pmux$18345 $auto$opt_reduce.cc:135:opt_pmux$18343 }
    New ctrl vector for $pmux cell $procmux$14617: $auto$opt_reduce.cc:135:opt_pmux$18347
    New ctrl vector for $pmux cell $procmux$18103: $auto$opt_reduce.cc:135:opt_pmux$18349
    New ctrl vector for $pmux cell $procmux$14844: $auto$opt_reduce.cc:135:opt_pmux$18351
    New ctrl vector for $pmux cell $procmux$13390: $auto$opt_reduce.cc:135:opt_pmux$18353
    New ctrl vector for $pmux cell $procmux$14142: $auto$opt_reduce.cc:135:opt_pmux$18355
    New ctrl vector for $pmux cell $procmux$13374: $auto$opt_reduce.cc:135:opt_pmux$18357
    New ctrl vector for $pmux cell $procmux$13863: $auto$opt_reduce.cc:135:opt_pmux$18359
    New ctrl vector for $pmux cell $procmux$13358: $auto$opt_reduce.cc:135:opt_pmux$18361
    New ctrl vector for $pmux cell $procmux$15085: $auto$opt_reduce.cc:135:opt_pmux$18363
    New ctrl vector for $pmux cell $procmux$13330: $auto$opt_reduce.cc:135:opt_pmux$18365
    New ctrl vector for $pmux cell $procmux$14578: $auto$opt_reduce.cc:135:opt_pmux$18367
    New ctrl vector for $pmux cell $procmux$13316: $auto$opt_reduce.cc:135:opt_pmux$18369
    New ctrl vector for $pmux cell $procmux$15806: { $procmux$15837_CMP $auto$opt_reduce.cc:135:opt_pmux$18371 }
    New ctrl vector for $pmux cell $procmux$13302: $auto$opt_reduce.cc:135:opt_pmux$18373
    New ctrl vector for $pmux cell $procmux$13288: $auto$opt_reduce.cc:135:opt_pmux$18375
    New ctrl vector for $pmux cell $procmux$15778: $auto$opt_reduce.cc:135:opt_pmux$18377
    New ctrl vector for $pmux cell $procmux$14534: $auto$opt_reduce.cc:135:opt_pmux$18379
    New ctrl vector for $pmux cell $procmux$14809: $auto$opt_reduce.cc:135:opt_pmux$18381
    New ctrl vector for $pmux cell $procmux$13252: { $auto$opt_reduce.cc:135:opt_pmux$18403 $auto$opt_reduce.cc:135:opt_pmux$18401 $auto$opt_reduce.cc:135:opt_pmux$18399 $auto$opt_reduce.cc:135:opt_pmux$18397 $auto$opt_reduce.cc:135:opt_pmux$18395 $auto$opt_reduce.cc:135:opt_pmux$18393 $auto$opt_reduce.cc:135:opt_pmux$18391 $auto$opt_reduce.cc:135:opt_pmux$18389 $procmux$15837_CMP $auto$opt_reduce.cc:135:opt_pmux$18387 $procmux$14745_CMP $auto$opt_reduce.cc:135:opt_pmux$18385 $auto$opt_reduce.cc:135:opt_pmux$18383 }
    New ctrl vector for $pmux cell $procmux$14986: $auto$opt_reduce.cc:135:opt_pmux$18405
    New ctrl vector for $pmux cell $procmux$13217: { $auto$opt_reduce.cc:135:opt_pmux$18407 $procmux$15837_CMP $procmux$14745_CMP }
    New ctrl vector for $pmux cell $procmux$14054: $auto$opt_reduce.cc:135:opt_pmux$18409
    New ctrl vector for $pmux cell $procmux$14482: $auto$opt_reduce.cc:135:opt_pmux$18411
    New ctrl vector for $pmux cell $procmux$13182: $auto$opt_reduce.cc:135:opt_pmux$18413
    New ctrl vector for $pmux cell $procmux$15750: $auto$opt_reduce.cc:135:opt_pmux$18415
    New ctrl vector for $pmux cell $procmux$13147: $auto$opt_reduce.cc:135:opt_pmux$18417
    New ctrl vector for $pmux cell $procmux$15417: $auto$opt_reduce.cc:135:opt_pmux$18419
    New ctrl vector for $pmux cell $procmux$13121: $auto$opt_reduce.cc:135:opt_pmux$18421
    New ctrl vector for $pmux cell $procmux$15722: $auto$opt_reduce.cc:135:opt_pmux$18423
    New ctrl vector for $pmux cell $procmux$13101: $auto$opt_reduce.cc:135:opt_pmux$18425
    New ctrl vector for $pmux cell $procmux$15131: $auto$opt_reduce.cc:135:opt_pmux$18427
    New ctrl vector for $pmux cell $procmux$13814: $auto$opt_reduce.cc:135:opt_pmux$18429
    New ctrl vector for $pmux cell $procmux$17880: { $procmux$17881_CMP $procmux$17882_CMP $auto$opt_reduce.cc:135:opt_pmux$18453 $auto$opt_reduce.cc:135:opt_pmux$18451 $auto$opt_reduce.cc:135:opt_pmux$18449 $auto$opt_reduce.cc:135:opt_pmux$18447 $auto$opt_reduce.cc:135:opt_pmux$18445 $auto$opt_reduce.cc:135:opt_pmux$18443 $procmux$17891_CMP $procmux$17892_CMP $auto$opt_reduce.cc:135:opt_pmux$18441 $auto$opt_reduce.cc:135:opt_pmux$18439 $procmux$18107_CMP $procmux$18108_CMP $procmux$18109_CMP $procmux$18111_CMP $procmux$18112_CMP $procmux$18116_CMP $auto$opt_reduce.cc:135:opt_pmux$18437 $procmux$18118_CMP $procmux$18019_CMP $auto$opt_reduce.cc:135:opt_pmux$18435 $procmux$18022_CMP $procmux$18023_CMP $auto$opt_reduce.cc:135:opt_pmux$18433 $procmux$18026_CMP $procmux$18027_CMP $procmux$18028_CMP $procmux$17925_CMP $procmux$17926_CMP $procmux$17927_CMP $procmux$17928_CMP $procmux$17929_CMP $auto$opt_reduce.cc:135:opt_pmux$18431 $procmux$17932_CMP }
    New ctrl vector for $pmux cell $procmux$17500: { $auto$opt_reduce.cc:135:opt_pmux$18455 $procmux$17541_CMP }
    New ctrl vector for $pmux cell $procmux$14394: { $auto$opt_reduce.cc:135:opt_pmux$18495 $auto$opt_reduce.cc:135:opt_pmux$18493 $auto$opt_reduce.cc:135:opt_pmux$18491 $auto$opt_reduce.cc:135:opt_pmux$18489 $auto$opt_reduce.cc:135:opt_pmux$18487 $auto$opt_reduce.cc:135:opt_pmux$18485 $auto$opt_reduce.cc:135:opt_pmux$18483 $auto$opt_reduce.cc:135:opt_pmux$18481 $auto$opt_reduce.cc:135:opt_pmux$18479 $auto$opt_reduce.cc:135:opt_pmux$18477 $auto$opt_reduce.cc:135:opt_pmux$18475 $auto$opt_reduce.cc:135:opt_pmux$18473 $procmux$14420_CMP $procmux$14421_CMP $procmux$14422_CMP $procmux$14423_CMP $auto$opt_reduce.cc:135:opt_pmux$18471 $auto$opt_reduce.cc:135:opt_pmux$18469 $auto$opt_reduce.cc:135:opt_pmux$18467 $auto$opt_reduce.cc:135:opt_pmux$18465 $auto$opt_reduce.cc:135:opt_pmux$18463 $auto$opt_reduce.cc:135:opt_pmux$18461 $procmux$14435_CMP $procmux$14436_CMP $auto$opt_reduce.cc:135:opt_pmux$18459 $procmux$14440_CMP $procmux$14512_CMP $auto$opt_reduce.cc:135:opt_pmux$18457 $procmux$14463_CMP }
    New ctrl vector for $pmux cell $procmux$13792: $auto$opt_reduce.cc:135:opt_pmux$18497
    New ctrl vector for $pmux cell $procmux$18003: $auto$opt_reduce.cc:135:opt_pmux$18499
    New ctrl vector for $pmux cell $procmux$17465: $auto$opt_reduce.cc:135:opt_pmux$18501
    New ctrl vector for $pmux cell $procmux$18055: $auto$opt_reduce.cc:135:opt_pmux$18503
    New ctrl vector for $pmux cell $procmux$13034: { $auto$opt_reduce.cc:135:opt_pmux$18509 $procmux$14538_CMP $auto$opt_reduce.cc:135:opt_pmux$18507 $procmux$14542_CMP $procmux$15463_CMP $auto$opt_reduce.cc:135:opt_pmux$18505 }
    New ctrl vector for $pmux cell $procmux$14769: $auto$opt_reduce.cc:135:opt_pmux$18511
    New ctrl vector for $pmux cell $procmux$15692: $auto$opt_reduce.cc:135:opt_pmux$18513
    New ctrl vector for $pmux cell $procmux$13752: $auto$opt_reduce.cc:135:opt_pmux$18515
    New ctrl vector for $pmux cell $procmux$13955: { $auto$opt_reduce.cc:135:opt_pmux$18519 $auto$opt_reduce.cc:135:opt_pmux$18517 $procmux$14031_CMP }
    New ctrl vector for $pmux cell $procmux$13732: $auto$opt_reduce.cc:135:opt_pmux$18521
    New ctrl vector for $pmux cell $procmux$15321: { $auto$opt_reduce.cc:135:opt_pmux$18579 $auto$opt_reduce.cc:135:opt_pmux$18577 $auto$opt_reduce.cc:135:opt_pmux$18575 $auto$opt_reduce.cc:135:opt_pmux$18573 $auto$opt_reduce.cc:135:opt_pmux$18571 $auto$opt_reduce.cc:135:opt_pmux$18569 $auto$opt_reduce.cc:135:opt_pmux$18567 $auto$opt_reduce.cc:135:opt_pmux$18565 $auto$opt_reduce.cc:135:opt_pmux$18563 $auto$opt_reduce.cc:135:opt_pmux$18561 $auto$opt_reduce.cc:135:opt_pmux$18559 $auto$opt_reduce.cc:135:opt_pmux$18557 $auto$opt_reduce.cc:135:opt_pmux$18555 $auto$opt_reduce.cc:135:opt_pmux$18553 $auto$opt_reduce.cc:135:opt_pmux$18551 $auto$opt_reduce.cc:135:opt_pmux$18549 $auto$opt_reduce.cc:135:opt_pmux$18547 $auto$opt_reduce.cc:135:opt_pmux$18545 $auto$opt_reduce.cc:135:opt_pmux$18543 $auto$opt_reduce.cc:135:opt_pmux$18541 $procmux$15443_CMP $procmux$15352_CMP $auto$opt_reduce.cc:135:opt_pmux$18539 $auto$opt_reduce.cc:135:opt_pmux$18537 $auto$opt_reduce.cc:135:opt_pmux$18535 $auto$opt_reduce.cc:135:opt_pmux$18533 $auto$opt_reduce.cc:135:opt_pmux$18531 $procmux$15477_CMP $auto$opt_reduce.cc:135:opt_pmux$18529 $auto$opt_reduce.cc:135:opt_pmux$18527 $auto$opt_reduce.cc:135:opt_pmux$18525 $auto$opt_reduce.cc:135:opt_pmux$18523 }
    New ctrl vector for $pmux cell $procmux$12967: { $auto$opt_reduce.cc:135:opt_pmux$18583 $procmux$14542_CMP $auto$opt_reduce.cc:135:opt_pmux$18581 $procmux$15489_CMP }
    New ctrl vector for $pmux cell $procmux$14949: { $auto$opt_reduce.cc:135:opt_pmux$18593 $auto$opt_reduce.cc:135:opt_pmux$18591 $auto$opt_reduce.cc:135:opt_pmux$18589 $auto$opt_reduce.cc:135:opt_pmux$18587 $auto$opt_reduce.cc:135:opt_pmux$18585 $procmux$17600_CMP $procmux$17602_CMP }
    New ctrl vector for $pmux cell $procmux$14224: $auto$opt_reduce.cc:135:opt_pmux$18595
    New ctrl vector for $pmux cell $procmux$13712: $auto$opt_reduce.cc:135:opt_pmux$18597
    New ctrl vector for $pmux cell $procmux$13692: $auto$opt_reduce.cc:135:opt_pmux$18599
    New ctrl vector for $pmux cell $procmux$15226: { $auto$opt_reduce.cc:135:opt_pmux$18609 $auto$opt_reduce.cc:135:opt_pmux$18607 $procmux$15443_CMP $auto$opt_reduce.cc:135:opt_pmux$18605 $auto$opt_reduce.cc:135:opt_pmux$18603 $auto$opt_reduce.cc:135:opt_pmux$18601 $procmux$15463_CMP $procmux$15464_CMP }
    New ctrl vector for $pmux cell $procmux$17816: { $auto$opt_reduce.cc:135:opt_pmux$18627 $auto$opt_reduce.cc:135:opt_pmux$18625 $auto$opt_reduce.cc:135:opt_pmux$18623 $auto$opt_reduce.cc:135:opt_pmux$18621 $auto$opt_reduce.cc:135:opt_pmux$18619 $auto$opt_reduce.cc:135:opt_pmux$18617 $procmux$18109_CMP $auto$opt_reduce.cc:135:opt_pmux$18615 $auto$opt_reduce.cc:135:opt_pmux$18613 $auto$opt_reduce.cc:135:opt_pmux$18611 $procmux$18027_CMP }
    New ctrl vector for $pmux cell $procmux$14306: { $auto$opt_reduce.cc:135:opt_pmux$18649 $auto$opt_reduce.cc:135:opt_pmux$18647 $procmux$14406_CMP $procmux$14407_CMP $auto$opt_reduce.cc:135:opt_pmux$18645 $auto$opt_reduce.cc:135:opt_pmux$18643 $auto$opt_reduce.cc:135:opt_pmux$18641 $auto$opt_reduce.cc:135:opt_pmux$18639 $procmux$14507_CMP $procmux$14440_CMP $procmux$14441_CMP $auto$opt_reduce.cc:135:opt_pmux$18637 $auto$opt_reduce.cc:135:opt_pmux$18635 $auto$opt_reduce.cc:135:opt_pmux$18633 $auto$opt_reduce.cc:135:opt_pmux$18631 $procmux$14519_CMP $auto$opt_reduce.cc:135:opt_pmux$18629 }
  Optimizing cells in module \bedrock_decode.
Performed a total of 117 changes.

2.6.5. Executing OPT_MERGE pass (detect identical cells).
Finding identical cells in module `\bedrock_full_decode'.
Computing hashes of 136 cells of `\bedrock_full_decode'.
Finding duplicate cells in `\bedrock_full_decode'.
Computing hashes of 132 cells of `\bedrock_full_decode'.
Finding duplicate cells in `\bedrock_full_decode'.
<suppressed ~12 debug messages>
Finding identical cells in module `\bedrock_agu_request_build'.
Computing hashes of 11 cells of `\bedrock_agu_request_build'.
Finding duplicate cells in `\bedrock_agu_request_build'.
Finding identical cells in module `\bedrock_ea_decode'.
Computing hashes of 407 cells of `\bedrock_ea_decode'.
Finding duplicate cells in `\bedrock_ea_decode'.
Computing hashes of 183 cells of `\bedrock_ea_decode'.
Finding duplicate cells in `\bedrock_ea_decode'.
Computing hashes of 182 cells of `\bedrock_ea_decode'.
Finding duplicate cells in `\bedrock_ea_decode'.
<suppressed ~675 debug messages>
Finding identical cells in module `\bedrock_prefix_decode'.
Computing hashes of 87 cells of `\bedrock_prefix_decode'.
Finding duplicate cells in `\bedrock_prefix_decode'.
Computing hashes of 85 cells of `\bedrock_prefix_decode'.
Finding duplicate cells in `\bedrock_prefix_decode'.
<suppressed ~6 debug messages>
Finding identical cells in module `\bedrock_decode'.
Computing hashes of 666 cells of `\bedrock_decode'.
Finding duplicate cells in `\bedrock_decode'.
Computing hashes of 625 cells of `\bedrock_decode'.
Finding duplicate cells in `\bedrock_decode'.
Computing hashes of 597 cells of `\bedrock_decode'.
Finding duplicate cells in `\bedrock_decode'.
<suppressed ~207 debug messages>
Removed a total of 300 cells.

2.6.6. Executing OPT_DFF pass (perform DFF optimizations).

2.6.7. Executing OPT_CLEAN pass (remove unused cells and wires).
Finding unused cells or wires in module \bedrock_full_decode..
Finding unused cells or wires in module \bedrock_agu_request_build..
Finding unused cells or wires in module \bedrock_ea_decode..
Finding unused cells or wires in module \bedrock_prefix_decode..
Finding unused cells or wires in module \bedrock_decode..
Removed 0 unused cells and 4694 unused wires.
<suppressed ~4 debug messages>

2.6.8. Executing OPT_EXPR pass (perform const folding).
Optimizing module bedrock_full_decode.
Optimizing module bedrock_agu_request_build.
Optimizing module bedrock_ea_decode.
<suppressed ~13 debug messages>
Optimizing module bedrock_prefix_decode.
Optimizing module bedrock_decode.

2.6.9. Rerunning OPT passes. (Maybe there is more to do..)

2.6.10. Executing OPT_MUXTREE pass (detect dead branches in mux trees).
Running muxtree optimizer on module \bedrock_full_decode..
  Creating internal representation of mux trees.
  Evaluating internal representation of mux trees.
  Analyzing evaluation results.
Running muxtree optimizer on module \bedrock_agu_request_build..
  Creating internal representation of mux trees.
  Evaluating internal representation of mux trees.
  Analyzing evaluation results.
Running muxtree optimizer on module \bedrock_ea_decode..
  Creating internal representation of mux trees.
  Evaluating internal representation of mux trees.
  Analyzing evaluation results.
Running muxtree optimizer on module \bedrock_prefix_decode..
  Creating internal representation of mux trees.
  Evaluating internal representation of mux trees.
  Analyzing evaluation results.
Running muxtree optimizer on module \bedrock_decode..
  Creating internal representation of mux trees.
  Evaluating internal representation of mux trees.
  Analyzing evaluation results.
Removed 0 multiplexer ports.
<suppressed ~686 debug messages>

2.6.11. Executing OPT_REDUCE pass (consolidate $*mux and $reduce_* inputs).
  Optimizing cells in module \bedrock_full_decode.
    New ctrl vector for $pmux cell $procmux$1817: { $auto$opt_reduce.cc:135:opt_pmux$18651 $procmux$1800_CMP }
  Optimizing cells in module \bedrock_full_decode.
  Optimizing cells in module \bedrock_agu_request_build.
  Optimizing cells in module \bedrock_ea_decode.
    New ctrl vector for $pmux cell $procmux$11555: $auto$opt_reduce.cc:135:opt_pmux$18653
    New ctrl vector for $pmux cell $procmux$2910: { $auto$opt_reduce.cc:135:opt_pmux$18657 $auto$opt_reduce.cc:135:opt_pmux$18655 }
    New ctrl vector for $pmux cell $procmux$5727: $auto$opt_reduce.cc:135:opt_pmux$18659
    New ctrl vector for $pmux cell $procmux$12046: { $auto$opt_reduce.cc:135:opt_pmux$18663 $auto$opt_reduce.cc:135:opt_pmux$18661 }
    New ctrl vector for $pmux cell $procmux$2019: { $auto$opt_reduce.cc:135:opt_pmux$18667 $auto$opt_reduce.cc:135:opt_pmux$18665 }
    New ctrl vector for $pmux cell $procmux$3402: { $auto$opt_reduce.cc:135:opt_pmux$18673 $auto$opt_reduce.cc:135:opt_pmux$18671 $auto$opt_reduce.cc:135:opt_pmux$18669 $procmux$12053_CMP $procmux$12054_CMP $procmux$12055_CMP $procmux$12056_CMP $procmux$12057_CMP $procmux$10279_CMP }
  Optimizing cells in module \bedrock_ea_decode.
  Optimizing cells in module \bedrock_prefix_decode.
  Optimizing cells in module \bedrock_decode.
    New ctrl vector for $pmux cell $procmux$17644: { $procmux$12948_CMP $procmux$12949_CMP $auto$opt_reduce.cc:135:opt_pmux$18675 $procmux$12952_CMP $procmux$12955_CMP $procmux$12956_CMP $procmux$12957_CMP $procmux$12958_CMP $procmux$12959_CMP $procmux$12960_CMP }
    New ctrl vector for $pmux cell $procmux$12946: { $procmux$12947_CMP $procmux$12948_CMP $procmux$12949_CMP $auto$opt_reduce.cc:135:opt_pmux$18677 $procmux$12952_CMP $procmux$12955_CMP $procmux$12956_CMP $procmux$12957_CMP $procmux$12958_CMP $procmux$12959_CMP $procmux$12960_CMP }
  Optimizing cells in module \bedrock_decode.
Performed a total of 9 changes.

2.6.12. Executing OPT_MERGE pass (detect identical cells).
Finding identical cells in module `\bedrock_full_decode'.
Computing hashes of 133 cells of `\bedrock_full_decode'.
Finding duplicate cells in `\bedrock_full_decode'.
Computing hashes of 132 cells of `\bedrock_full_decode'.
Finding duplicate cells in `\bedrock_full_decode'.
<suppressed ~3 debug messages>
Finding identical cells in module `\bedrock_agu_request_build'.
Computing hashes of 11 cells of `\bedrock_agu_request_build'.
Finding duplicate cells in `\bedrock_agu_request_build'.
Finding identical cells in module `\bedrock_ea_decode'.
Computing hashes of 180 cells of `\bedrock_ea_decode'.
Finding duplicate cells in `\bedrock_ea_decode'.
Computing hashes of 176 cells of `\bedrock_ea_decode'.
Finding duplicate cells in `\bedrock_ea_decode'.
<suppressed ~12 debug messages>
Finding identical cells in module `\bedrock_prefix_decode'.
Computing hashes of 85 cells of `\bedrock_prefix_decode'.
Finding duplicate cells in `\bedrock_prefix_decode'.
Finding identical cells in module `\bedrock_decode'.
Computing hashes of 599 cells of `\bedrock_decode'.
Finding duplicate cells in `\bedrock_decode'.
Computing hashes of 598 cells of `\bedrock_decode'.
Finding duplicate cells in `\bedrock_decode'.
<suppressed ~3 debug messages>
Removed a total of 6 cells.

2.6.13. Executing OPT_DFF pass (perform DFF optimizations).

2.6.14. Executing OPT_CLEAN pass (remove unused cells and wires).
Finding unused cells or wires in module \bedrock_full_decode..
Finding unused cells or wires in module \bedrock_agu_request_build..
Finding unused cells or wires in module \bedrock_ea_decode..
Finding unused cells or wires in module \bedrock_prefix_decode..
Finding unused cells or wires in module \bedrock_decode..
Removed 0 unused cells and 8 unused wires.
<suppressed ~3 debug messages>

2.6.15. Executing OPT_EXPR pass (perform const folding).
Optimizing module bedrock_full_decode.
Optimizing module bedrock_agu_request_build.
Optimizing module bedrock_ea_decode.
Optimizing module bedrock_prefix_decode.
Optimizing module bedrock_decode.

2.6.16. Rerunning OPT passes. (Maybe there is more to do..)

2.6.17. Executing OPT_MUXTREE pass (detect dead branches in mux trees).
Running muxtree optimizer on module \bedrock_full_decode..
  Creating internal representation of mux trees.
  Evaluating internal representation of mux trees.
  Analyzing evaluation results.
Running muxtree optimizer on module \bedrock_agu_request_build..
  Creating internal representation of mux trees.
  Evaluating internal representation of mux trees.
  Analyzing evaluation results.
Running muxtree optimizer on module \bedrock_ea_decode..
  Creating internal representation of mux trees.
  Evaluating internal representation of mux trees.
  Analyzing evaluation results.
Running muxtree optimizer on module \bedrock_prefix_decode..
  Creating internal representation of mux trees.
  Evaluating internal representation of mux trees.
  Analyzing evaluation results.
Running muxtree optimizer on module \bedrock_decode..
  Creating internal representation of mux trees.
  Evaluating internal representation of mux trees.
  Analyzing evaluation results.
Removed 0 multiplexer ports.
<suppressed ~637 debug messages>

2.6.18. Executing OPT_REDUCE pass (consolidate $*mux and $reduce_* inputs).
  Optimizing cells in module \bedrock_full_decode.
  Optimizing cells in module \bedrock_agu_request_build.
  Optimizing cells in module \bedrock_ea_decode.
  Optimizing cells in module \bedrock_prefix_decode.
  Optimizing cells in module \bedrock_decode.
Performed a total of 0 changes.

2.6.19. Executing OPT_MERGE pass (detect identical cells).
Finding identical cells in module `\bedrock_full_decode'.
Computing hashes of 132 cells of `\bedrock_full_decode'.
Finding duplicate cells in `\bedrock_full_decode'.
Finding identical cells in module `\bedrock_agu_request_build'.
Computing hashes of 11 cells of `\bedrock_agu_request_build'.
Finding duplicate cells in `\bedrock_agu_request_build'.
Finding identical cells in module `\bedrock_ea_decode'.
Computing hashes of 176 cells of `\bedrock_ea_decode'.
Finding duplicate cells in `\bedrock_ea_decode'.
Finding identical cells in module `\bedrock_prefix_decode'.
Computing hashes of 85 cells of `\bedrock_prefix_decode'.
Finding duplicate cells in `\bedrock_prefix_decode'.
Finding identical cells in module `\bedrock_decode'.
Computing hashes of 598 cells of `\bedrock_decode'.
Finding duplicate cells in `\bedrock_decode'.
Removed a total of 0 cells.

2.6.20. Executing OPT_DFF pass (perform DFF optimizations).

2.6.21. Executing OPT_CLEAN pass (remove unused cells and wires).
Finding unused cells or wires in module \bedrock_full_decode..
Finding unused cells or wires in module \bedrock_agu_request_build..
Finding unused cells or wires in module \bedrock_ea_decode..
Finding unused cells or wires in module \bedrock_prefix_decode..
Finding unused cells or wires in module \bedrock_decode..

2.6.22. Executing OPT_EXPR pass (perform const folding).
Optimizing module bedrock_full_decode.
Optimizing module bedrock_agu_request_build.
Optimizing module bedrock_ea_decode.
Optimizing module bedrock_prefix_decode.
Optimizing module bedrock_decode.

2.6.23. Finished fast OPT passes. (There is nothing left to do.)

2.7. Executing FSM pass (extract and optimize FSM).

2.7.1. Executing FSM_DETECT pass (finding FSMs in design).

2.7.2. Executing FSM_EXTRACT pass (extracting FSM from design).

2.7.3. Executing FSM_OPT pass (simple optimizations of FSMs).

2.7.4. Executing OPT_CLEAN pass (remove unused cells and wires).
Finding unused cells or wires in module \bedrock_full_decode..
Finding unused cells or wires in module \bedrock_agu_request_build..
Finding unused cells or wires in module \bedrock_ea_decode..
Finding unused cells or wires in module \bedrock_prefix_decode..
Finding unused cells or wires in module \bedrock_decode..

2.7.5. Executing FSM_OPT pass (simple optimizations of FSMs).

2.7.6. Executing FSM_RECODE pass (re-assigning FSM state encoding).

2.7.7. Executing FSM_INFO pass (dumping all available information on FSM cells).

2.7.8. Executing FSM_MAP pass (mapping FSMs to basic logic).

2.8. Executing OPT pass (performing simple optimizations).

2.8.1. Executing OPT_EXPR pass (perform const folding).
Optimizing module bedrock_full_decode.
Optimizing module bedrock_agu_request_build.
Optimizing module bedrock_ea_decode.
Optimizing module bedrock_prefix_decode.
Optimizing module bedrock_decode.

2.8.2. Executing OPT_MERGE pass (detect identical cells).
Finding identical cells in module `\bedrock_full_decode'.
Computing hashes of 132 cells of `\bedrock_full_decode'.
Finding duplicate cells in `\bedrock_full_decode'.
Finding identical cells in module `\bedrock_agu_request_build'.
Computing hashes of 11 cells of `\bedrock_agu_request_build'.
Finding duplicate cells in `\bedrock_agu_request_build'.
Finding identical cells in module `\bedrock_ea_decode'.
Computing hashes of 176 cells of `\bedrock_ea_decode'.
Finding duplicate cells in `\bedrock_ea_decode'.
Finding identical cells in module `\bedrock_prefix_decode'.
Computing hashes of 85 cells of `\bedrock_prefix_decode'.
Finding duplicate cells in `\bedrock_prefix_decode'.
Finding identical cells in module `\bedrock_decode'.
Computing hashes of 598 cells of `\bedrock_decode'.
Finding duplicate cells in `\bedrock_decode'.
Removed a total of 0 cells.

2.8.3. Executing OPT_MUXTREE pass (detect dead branches in mux trees).
Running muxtree optimizer on module \bedrock_full_decode..
  Creating internal representation of mux trees.
  Evaluating internal representation of mux trees.
  Analyzing evaluation results.
Running muxtree optimizer on module \bedrock_agu_request_build..
  Creating internal representation of mux trees.
  Evaluating internal representation of mux trees.
  Analyzing evaluation results.
Running muxtree optimizer on module \bedrock_ea_decode..
  Creating internal representation of mux trees.
  Evaluating internal representation of mux trees.
  Analyzing evaluation results.
Running muxtree optimizer on module \bedrock_prefix_decode..
  Creating internal representation of mux trees.
  Evaluating internal representation of mux trees.
  Analyzing evaluation results.
Running muxtree optimizer on module \bedrock_decode..
  Creating internal representation of mux trees.
  Evaluating internal representation of mux trees.
  Analyzing evaluation results.
Removed 0 multiplexer ports.
<suppressed ~637 debug messages>

2.8.4. Executing OPT_REDUCE pass (consolidate $*mux and $reduce_* inputs).
  Optimizing cells in module \bedrock_full_decode.
  Optimizing cells in module \bedrock_agu_request_build.
  Optimizing cells in module \bedrock_ea_decode.
  Optimizing cells in module \bedrock_prefix_decode.
  Optimizing cells in module \bedrock_decode.
Performed a total of 0 changes.

2.8.5. Executing OPT_MERGE pass (detect identical cells).
Finding identical cells in module `\bedrock_full_decode'.
Computing hashes of 132 cells of `\bedrock_full_decode'.
Finding duplicate cells in `\bedrock_full_decode'.
Finding identical cells in module `\bedrock_agu_request_build'.
Computing hashes of 11 cells of `\bedrock_agu_request_build'.
Finding duplicate cells in `\bedrock_agu_request_build'.
Finding identical cells in module `\bedrock_ea_decode'.
Computing hashes of 176 cells of `\bedrock_ea_decode'.
Finding duplicate cells in `\bedrock_ea_decode'.
Finding identical cells in module `\bedrock_prefix_decode'.
Computing hashes of 85 cells of `\bedrock_prefix_decode'.
Finding duplicate cells in `\bedrock_prefix_decode'.
Finding identical cells in module `\bedrock_decode'.
Computing hashes of 598 cells of `\bedrock_decode'.
Finding duplicate cells in `\bedrock_decode'.
Removed a total of 0 cells.

2.8.6. Executing OPT_DFF pass (perform DFF optimizations).

2.8.7. Executing OPT_CLEAN pass (remove unused cells and wires).
Finding unused cells or wires in module \bedrock_full_decode..
Finding unused cells or wires in module \bedrock_agu_request_build..
Finding unused cells or wires in module \bedrock_ea_decode..
Finding unused cells or wires in module \bedrock_prefix_decode..
Finding unused cells or wires in module \bedrock_decode..

2.8.8. Executing OPT_EXPR pass (perform const folding).
Optimizing module bedrock_full_decode.
Optimizing module bedrock_agu_request_build.
Optimizing module bedrock_ea_decode.
Optimizing module bedrock_prefix_decode.
Optimizing module bedrock_decode.

2.8.9. Finished fast OPT passes. (There is nothing left to do.)

2.9. Executing WREDUCE pass (reducing word size of cells).
Removed top 1 bits (of 4) from port B of cell bedrock_full_decode.$add$../build/yosys/bedrock_full_decode_sv2v.v:4919$1511 ($add).
Removed top 1 bits (of 2) from port B of cell bedrock_full_decode.$eq$../build/yosys/bedrock_full_decode_sv2v.v:5038$1516 ($eq).
Removed top 1 bits (of 4) from mux cell bedrock_full_decode.$ternary$../build/yosys/bedrock_full_decode_sv2v.v:5043$1536 ($mux).
Removed top 1 bits (of 4) from mux cell bedrock_full_decode.$ternary$../build/yosys/bedrock_full_decode_sv2v.v:5043$1537 ($mux).
Removed top 1 bits (of 4) from port A of cell bedrock_full_decode.$add$../build/yosys/bedrock_full_decode_sv2v.v:5043$1538 ($add).
Removed top 1 bits (of 4) from port B of cell bedrock_full_decode.$add$../build/yosys/bedrock_full_decode_sv2v.v:5043$1538 ($add).
Removed top 3 bits (of 4) from mux cell bedrock_full_decode.$ternary$../build/yosys/bedrock_full_decode_sv2v.v:5045$1543 ($mux).
Removed top 3 bits (of 4) from port B of cell bedrock_full_decode.$add$../build/yosys/bedrock_full_decode_sv2v.v:5045$1544 ($add).
Removed top 1 bits (of 4) from port A of cell bedrock_full_decode.$add$../build/yosys/bedrock_full_decode_sv2v.v:4530$1568 ($add).
Removed top 3 bits (of 4) from port B of cell bedrock_full_decode.$add$../build/yosys/bedrock_full_decode_sv2v.v:4530$1568 ($add).
Removed top 1 bits (of 3) from port B of cell bedrock_full_decode.$procmux$1810_CMP0 ($eq).
Removed top 1 bits (of 3) from port B of cell bedrock_full_decode.$procmux$1811_CMP0 ($eq).
Removed top 2 bits (of 3) from port B of cell bedrock_full_decode.$procmux$1812_CMP0 ($eq).
Removed top 2 bits (of 4) from mux cell bedrock_full_decode.$procmux$1825 ($pmux).
Removed top 1 bits (of 6) from port B of cell bedrock_full_decode.$procmux$1854_CMP0 ($eq).
Removed top 1 bits (of 6) from port B of cell bedrock_full_decode.$procmux$1855_CMP0 ($eq).
Removed top 1 bits (of 6) from port B of cell bedrock_full_decode.$procmux$1857_CMP0 ($eq).
Removed top 1 bits (of 6) from port B of cell bedrock_full_decode.$procmux$1858_CMP0 ($eq).
Removed top 1 bits (of 6) from port B of cell bedrock_full_decode.$procmux$1859_CMP0 ($eq).
Removed top 1 bits (of 6) from port B of cell bedrock_full_decode.$procmux$1860_CMP0 ($eq).
Removed top 1 bits (of 6) from port B of cell bedrock_full_decode.$procmux$1866_CMP0 ($eq).
Removed top 1 bits (of 6) from port B of cell bedrock_full_decode.$procmux$1867_CMP0 ($eq).
Removed top 1 bits (of 6) from port B of cell bedrock_full_decode.$procmux$1868_CMP0 ($eq).
Removed top 2 bits (of 6) from port B of cell bedrock_full_decode.$procmux$1869_CMP0 ($eq).
Removed top 2 bits (of 6) from port B of cell bedrock_full_decode.$procmux$1870_CMP0 ($eq).
Removed top 2 bits (of 6) from port B of cell bedrock_full_decode.$procmux$1871_CMP0 ($eq).
Removed top 2 bits (of 6) from port B of cell bedrock_full_decode.$procmux$1872_CMP0 ($eq).
Removed top 3 bits (of 6) from port B of cell bedrock_full_decode.$procmux$1873_CMP0 ($eq).
Removed top 3 bits (of 6) from port B of cell bedrock_full_decode.$procmux$1875_CMP0 ($eq).
Removed top 4 bits (of 6) from port B of cell bedrock_full_decode.$procmux$1876_CMP0 ($eq).
Removed top 1 bits (of 6) from port B of cell bedrock_full_decode.$procmux$1982_CMP0 ($eq).
Removed top 1 bits (of 6) from port B of cell bedrock_full_decode.$procmux$1984_CMP0 ($eq).
Removed top 1 bits (of 6) from port B of cell bedrock_full_decode.$procmux$1985_CMP0 ($eq).
Removed top 1 bits (of 6) from port B of cell bedrock_full_decode.$procmux$1986_CMP0 ($eq).
Removed top 1 bits (of 6) from port B of cell bedrock_full_decode.$procmux$1987_CMP0 ($eq).
Removed top 3 bits (of 6) from port B of cell bedrock_full_decode.$procmux$1988_CMP0 ($eq).
Removed top 1 bits (of 6) from port B of cell bedrock_full_decode.$procmux$2007_CMP0 ($eq).
Removed top 1 bits (of 4) from wire bedrock_full_decode.$ternary$../build/yosys/bedrock_full_decode_sv2v.v:5043$1536_Y.
Removed top 1 bits (of 4) from wire bedrock_full_decode.$ternary$../build/yosys/bedrock_full_decode_sv2v.v:5043$1537_Y.
Removed top 3 bits (of 4) from wire bedrock_full_decode.$ternary$../build/yosys/bedrock_full_decode_sv2v.v:5045$1543_Y.
Removed top 2 bits (of 34) from wire bedrock_full_decode.field_extract.
Removed top 2 bits (of 4) from wire bedrock_full_decode.ea0_descriptor_token.
Removed top 2 bits (of 4) from wire bedrock_full_decode.field_token_words.
Removed top 3 bits (of 4) from mux cell bedrock_agu_request_build.$ternary$../build/yosys/bedrock_full_decode_sv2v.v:4347$1290 ($mux).
Removed top 3 bits (of 4) from port B of cell bedrock_agu_request_build.$add$../build/yosys/bedrock_full_decode_sv2v.v:4347$1291 ($add).
Removed top 3 bits (of 4) from wire bedrock_agu_request_build.$ternary$../build/yosys/bedrock_full_decode_sv2v.v:4347$1290_Y.
Removed top 29 address bits (of 32) from memory init port bedrock_ea_decode.$auto$mem.cc:351:emit$1735 ($auto$proc_rom.cc:155:do_switch$1733).
Removed top 29 address bits (of 32) from memory init port bedrock_ea_decode.$auto$mem.cc:351:emit$1731 ($auto$proc_rom.cc:155:do_switch$1729).
Removed top 29 address bits (of 32) from memory init port bedrock_ea_decode.$auto$mem.cc:351:emit$1727 ($auto$proc_rom.cc:155:do_switch$1725).
Removed top 29 address bits (of 32) from memory init port bedrock_ea_decode.$auto$mem.cc:351:emit$1723 ($auto$proc_rom.cc:155:do_switch$1721).
Removed top 29 address bits (of 32) from memory init port bedrock_ea_decode.$auto$mem.cc:351:emit$1719 ($auto$proc_rom.cc:155:do_switch$1717).
Removed top 29 address bits (of 32) from memory init port bedrock_ea_decode.$auto$mem.cc:351:emit$1715 ($auto$proc_rom.cc:155:do_switch$1713).
Removed top 29 address bits (of 32) from memory init port bedrock_ea_decode.$auto$mem.cc:351:emit$1711 ($auto$proc_rom.cc:155:do_switch$1709).
Removed top 29 address bits (of 32) from memory init port bedrock_ea_decode.$auto$mem.cc:351:emit$1707 ($auto$proc_rom.cc:155:do_switch$1705).
Removed top 29 address bits (of 32) from memory init port bedrock_ea_decode.$auto$mem.cc:351:emit$1703 ($auto$proc_rom.cc:155:do_switch$1701).
Removed top 29 address bits (of 32) from memory init port bedrock_ea_decode.$auto$mem.cc:351:emit$1699 ($auto$proc_rom.cc:155:do_switch$1697).
Removed top 29 address bits (of 32) from memory init port bedrock_ea_decode.$auto$mem.cc:351:emit$1695 ($auto$proc_rom.cc:155:do_switch$1693).
Removed top 29 address bits (of 32) from memory init port bedrock_ea_decode.$auto$mem.cc:351:emit$1691 ($auto$proc_rom.cc:155:do_switch$1689).
Removed top 29 address bits (of 32) from memory init port bedrock_ea_decode.$auto$mem.cc:351:emit$1687 ($auto$proc_rom.cc:155:do_switch$1685).
Removed top 29 address bits (of 32) from memory init port bedrock_ea_decode.$auto$mem.cc:351:emit$1683 ($auto$proc_rom.cc:155:do_switch$1681).
Removed top 2 bits (of 6) from mux cell bedrock_ea_decode.$procmux$2433 ($mux).
Removed top 2 bits (of 6) from mux cell bedrock_ea_decode.$procmux$2894 ($mux).
Removed top 2 bits (of 6) from mux cell bedrock_ea_decode.$procmux$3394 ($mux).
Removed top 1 bits (of 3) from mux cell bedrock_ea_decode.$procmux$5518 ($mux).
Removed top 1 bits (of 3) from mux cell bedrock_ea_decode.$procmux$5534 ($mux).
Removed top 2 bits (of 3) from mux cell bedrock_ea_decode.$procmux$6247 ($mux).
Removed top 1 bits (of 6) from mux cell bedrock_ea_decode.$procmux$6474 ($mux).
Removed top 1 bits (of 6) from mux cell bedrock_ea_decode.$procmux$6866 ($mux).
Removed top 1 bits (of 6) from mux cell bedrock_ea_decode.$procmux$6882 ($mux).
Removed top 1 bits (of 6) from mux cell bedrock_ea_decode.$procmux$6901 ($mux).
Removed top 1 bits (of 6) from mux cell bedrock_ea_decode.$procmux$6916 ($mux).
Removed top 1 bits (of 5) from port B of cell bedrock_ea_decode.$procmux$12047_CMP0 ($eq).
Removed top 1 bits (of 5) from port B of cell bedrock_ea_decode.$procmux$12048_CMP0 ($eq).
Removed top 1 bits (of 5) from port B of cell bedrock_ea_decode.$procmux$12049_CMP0 ($eq).
Removed top 1 bits (of 5) from port B of cell bedrock_ea_decode.$procmux$12050_CMP0 ($eq).
Removed top 1 bits (of 5) from port B of cell bedrock_ea_decode.$procmux$12051_CMP0 ($eq).
Removed top 1 bits (of 5) from port B of cell bedrock_ea_decode.$procmux$12052_CMP0 ($eq).
Removed top 1 bits (of 5) from port B of cell bedrock_ea_decode.$procmux$12053_CMP0 ($eq).
Removed top 2 bits (of 5) from port B of cell bedrock_ea_decode.$procmux$12054_CMP0 ($eq).
Removed top 2 bits (of 5) from port B of cell bedrock_ea_decode.$procmux$12055_CMP0 ($eq).
Removed top 2 bits (of 5) from port B of cell bedrock_ea_decode.$procmux$12056_CMP0 ($eq).
Removed top 2 bits (of 5) from port B of cell bedrock_ea_decode.$procmux$12057_CMP0 ($eq).
Removed top 3 bits (of 5) from port B of cell bedrock_ea_decode.$procmux$12058_CMP0 ($eq).
Removed top 3 bits (of 5) from port B of cell bedrock_ea_decode.$procmux$12059_CMP0 ($eq).
Removed top 4 bits (of 5) from port B of cell bedrock_ea_decode.$procmux$12060_CMP0 ($eq).
Removed top 1 bits (of 3) from port B of cell bedrock_ea_decode.$procmux$12354_CMP0 ($eq).
Removed top 1 bits (of 3) from port B of cell bedrock_ea_decode.$procmux$12355_CMP0 ($eq).
Removed top 2 bits (of 3) from port B of cell bedrock_ea_decode.$procmux$12356_CMP0 ($eq).
Removed top 13 bits (of 37) from wire bedrock_ea_decode.$18\bedrock_ea_decode_pkg_bedrock_decode_extended_ea$func$../build/yosys/bedrock_full_decode_sv2v.v:4223$1006.r[36:0]$1181.
Removed top 13 bits (of 37) from wire bedrock_ea_decode.$14\bedrock_ea_decode_pkg_bedrock_decode_extended_ea$func$../build/yosys/bedrock_full_decode_sv2v.v:4223$1006.r[36:0]$1168.
Removed top 13 bits (of 37) from wire bedrock_ea_decode.$10\bedrock_ea_decode_pkg_bedrock_decode_extended_ea$func$../build/yosys/bedrock_full_decode_sv2v.v:4223$1006.r[36:0]$1155.
Removed top 1 bits (of 20) from wire bedrock_ea_decode.$33\bedrock_ea_decode_pkg_bedrock_decode_extended_ea$func$../build/yosys/bedrock_full_decode_sv2v.v:4223$1006.r[35:16]$1216.
Removed top 1 bits (of 8) from wire bedrock_ea_decode.$32\bedrock_ea_decode_pkg_bedrock_decode_extended_ea$func$../build/yosys/bedrock_full_decode_sv2v.v:4223$1006.r[7:0]$1215.
Removed top 1 bits (of 20) from wire bedrock_ea_decode.$30\bedrock_ea_decode_pkg_bedrock_decode_extended_ea$func$../build/yosys/bedrock_full_decode_sv2v.v:4223$1006.r[35:16]$1209.
Removed top 1 bits (of 23) from wire bedrock_ea_decode.$27\bedrock_ea_decode_pkg_bedrock_decode_extended_ea$func$../build/yosys/bedrock_full_decode_sv2v.v:4223$1006.r[35:13]$1202.
Removed top 1 bits (of 23) from wire bedrock_ea_decode.$24\bedrock_ea_decode_pkg_bedrock_decode_extended_ea$func$../build/yosys/bedrock_full_decode_sv2v.v:4223$1006.r[35:13]$1195.
Removed top 1 bits (of 23) from wire bedrock_ea_decode.$21\bedrock_ea_decode_pkg_bedrock_decode_extended_ea$func$../build/yosys/bedrock_full_decode_sv2v.v:4223$1006.r[35:13]$1188.
Removed top 7 bits (of 8) from wire bedrock_ea_decode.$20\bedrock_ea_decode_pkg_bedrock_decode_extended_ea$func$../build/yosys/bedrock_full_decode_sv2v.v:4223$1006.r[7:0]$1187.
Removed top 2 bits (of 4) from port B of cell bedrock_prefix_decode.$procmux$12672_CMP0 ($eq).
Removed top 1 bits (of 4) from port B of cell bedrock_prefix_decode.$procmux$12691_CMP0 ($eq).
Removed top 1 bits (of 4) from port B of cell bedrock_prefix_decode.$procmux$12692_CMP0 ($eq).
Removed top 1 bits (of 4) from port B of cell bedrock_prefix_decode.$procmux$12693_CMP0 ($eq).
Removed top 2 bits (of 4) from port B of cell bedrock_prefix_decode.$procmux$12707_CMP0 ($eq).
Removed top 1 bits (of 4) from port B of cell bedrock_prefix_decode.$procmux$12736_CMP0 ($eq).
Removed top 2 bits (of 4) from port B of cell bedrock_prefix_decode.$procmux$12751_CMP0 ($eq).
Removed top 1 bits (of 4) from port B of cell bedrock_prefix_decode.$procmux$12770_CMP0 ($eq).
Removed top 1 bits (of 4) from port B of cell bedrock_prefix_decode.$procmux$12771_CMP0 ($eq).
Removed top 1 bits (of 4) from port B of cell bedrock_prefix_decode.$procmux$12772_CMP0 ($eq).
Removed top 2 bits (of 4) from port B of cell bedrock_prefix_decode.$procmux$12786_CMP0 ($eq).
Removed top 1 bits (of 4) from port B of cell bedrock_prefix_decode.$procmux$12815_CMP0 ($eq).
Removed top 1 bits (of 5) from port B of cell bedrock_prefix_decode.$procmux$12842_CMP0 ($eq).
Removed top 1 bits (of 8) from port B of cell bedrock_prefix_decode.$procmux$12844_CMP0 ($eq).
Removed top 4 bits (of 8) from port B of cell bedrock_prefix_decode.$procmux$12845_CMP0 ($eq).
Removed top 4 bits (of 8) from port B of cell bedrock_prefix_decode.$procmux$12846_CMP0 ($eq).
Removed top 4 bits (of 8) from port B of cell bedrock_prefix_decode.$procmux$12847_CMP0 ($eq).
Removed top 5 bits (of 8) from port B of cell bedrock_prefix_decode.$procmux$12848_CMP0 ($eq).
Removed top 5 bits (of 8) from port B of cell bedrock_prefix_decode.$procmux$12849_CMP0 ($eq).
Removed top 5 bits (of 8) from port B of cell bedrock_prefix_decode.$procmux$12850_CMP0 ($eq).
Removed top 5 bits (of 8) from port B of cell bedrock_prefix_decode.$procmux$12851_CMP0 ($eq).
Removed top 6 bits (of 8) from port B of cell bedrock_prefix_decode.$procmux$12852_CMP0 ($eq).
Removed top 6 bits (of 8) from port B of cell bedrock_prefix_decode.$procmux$12853_CMP0 ($eq).
Removed top 7 bits (of 8) from port B of cell bedrock_prefix_decode.$procmux$12854_CMP0 ($eq).
Removed top 1 bits (of 5) from port B of cell bedrock_prefix_decode.$procmux$12882_CMP0 ($eq).
Removed top 1 bits (of 8) from port B of cell bedrock_prefix_decode.$procmux$12884_CMP0 ($eq).
Removed top 4 bits (of 8) from port B of cell bedrock_prefix_decode.$procmux$12885_CMP0 ($eq).
Removed top 4 bits (of 8) from port B of cell bedrock_prefix_decode.$procmux$12886_CMP0 ($eq).
Removed top 4 bits (of 8) from port B of cell bedrock_prefix_decode.$procmux$12887_CMP0 ($eq).
Removed top 5 bits (of 8) from port B of cell bedrock_prefix_decode.$procmux$12888_CMP0 ($eq).
Removed top 5 bits (of 8) from port B of cell bedrock_prefix_decode.$procmux$12889_CMP0 ($eq).
Removed top 5 bits (of 8) from port B of cell bedrock_prefix_decode.$procmux$12890_CMP0 ($eq).
Removed top 5 bits (of 8) from port B of cell bedrock_prefix_decode.$procmux$12891_CMP0 ($eq).
Removed top 6 bits (of 8) from port B of cell bedrock_prefix_decode.$procmux$12892_CMP0 ($eq).
Removed top 6 bits (of 8) from port B of cell bedrock_prefix_decode.$procmux$12893_CMP0 ($eq).
Removed top 7 bits (of 8) from port B of cell bedrock_prefix_decode.$procmux$12894_CMP0 ($eq).
Removed top 26 address bits (of 32) from memory init port bedrock_decode.$auto$mem.cc:351:emit$1739 ($auto$proc_rom.cc:155:do_switch$1737).
Removed top 5 bits (of 16) from port B of cell bedrock_decode.$le$../build/yosys/bedrock_full_decode_sv2v.v:118$894 ($le).
Removed top 4 bits (of 16) from port B of cell bedrock_decode.$ge$../build/yosys/bedrock_full_decode_sv2v.v:123$896 ($ge).
Removed top 4 bits (of 16) from port B of cell bedrock_decode.$le$../build/yosys/bedrock_full_decode_sv2v.v:123$897 ($le).
Removed top 4 bits (of 16) from port B of cell bedrock_decode.$ge$../build/yosys/bedrock_full_decode_sv2v.v:133$904 ($ge).
Removed top 4 bits (of 16) from port B of cell bedrock_decode.$le$../build/yosys/bedrock_full_decode_sv2v.v:133$905 ($le).
Removed top 4 bits (of 16) from port B of cell bedrock_decode.$eq$../build/yosys/bedrock_full_decode_sv2v.v:143$910 ($eq).
Removed top 4 bits (of 16) from port B of cell bedrock_decode.$ge$../build/yosys/bedrock_full_decode_sv2v.v:148$912 ($ge).
Removed top 4 bits (of 16) from port B of cell bedrock_decode.$le$../build/yosys/bedrock_full_decode_sv2v.v:148$913 ($le).
Removed top 3 bits (of 16) from port B of cell bedrock_decode.$ge$../build/yosys/bedrock_full_decode_sv2v.v:153$916 ($ge).
Removed top 3 bits (of 16) from port B of cell bedrock_decode.$le$../build/yosys/bedrock_full_decode_sv2v.v:153$917 ($le).
Removed top 3 bits (of 16) from port B of cell bedrock_decode.$ge$../build/yosys/bedrock_full_decode_sv2v.v:158$920 ($ge).
Removed top 3 bits (of 16) from port B of cell bedrock_decode.$le$../build/yosys/bedrock_full_decode_sv2v.v:158$921 ($le).
Removed top 2 bits (of 16) from port B of cell bedrock_decode.$ge$../build/yosys/bedrock_full_decode_sv2v.v:163$924 ($ge).
Removed top 2 bits (of 16) from port B of cell bedrock_decode.$le$../build/yosys/bedrock_full_decode_sv2v.v:163$925 ($le).
Removed top 2 bits (of 16) from port B of cell bedrock_decode.$ge$../build/yosys/bedrock_full_decode_sv2v.v:168$928 ($ge).
Removed top 2 bits (of 16) from port B of cell bedrock_decode.$le$../build/yosys/bedrock_full_decode_sv2v.v:168$929 ($le).
Removed top 2 bits (of 8) from mux cell bedrock_decode.$procmux$12936 ($mux).
Removed top 2 bits (of 6) from mux cell bedrock_decode.$procmux$12967 ($pmux).
Removed top 1 bits (of 6) from mux cell bedrock_decode.$procmux$13034 ($pmux).
Removed top 6 bits (of 10) from port B of cell bedrock_decode.$procmux$13122_CMP0 ($eq).
Removed top 6 bits (of 10) from port B of cell bedrock_decode.$procmux$13123_CMP0 ($eq).
Removed top 6 bits (of 10) from port B of cell bedrock_decode.$procmux$13124_CMP0 ($eq).
Removed top 7 bits (of 10) from port B of cell bedrock_decode.$procmux$13125_CMP0 ($eq).
Removed top 7 bits (of 10) from port B of cell bedrock_decode.$procmux$13126_CMP0 ($eq).
Removed top 1 bits (of 8) from port B of cell bedrock_decode.$procmux$14010_CMP0 ($eq).
Removed top 1 bits (of 8) from port B of cell bedrock_decode.$procmux$14011_CMP0 ($eq).
Removed top 1 bits (of 8) from port B of cell bedrock_decode.$procmux$14012_CMP0 ($eq).
Removed top 1 bits (of 8) from port B of cell bedrock_decode.$procmux$14013_CMP0 ($eq).
Removed top 1 bits (of 8) from port B of cell bedrock_decode.$procmux$14014_CMP0 ($eq).
Removed top 5 bits (of 8) from port B of cell bedrock_decode.$procmux$14030_CMP0 ($eq).
Removed top 5 bits (of 8) from port B of cell bedrock_decode.$procmux$14031_CMP0 ($eq).
Removed top 6 bits (of 8) from port B of cell bedrock_decode.$procmux$14032_CMP0 ($eq).
Removed top 1 bits (of 8) from port B of cell bedrock_decode.$procmux$14420_CMP0 ($eq).
Removed top 1 bits (of 8) from port B of cell bedrock_decode.$procmux$14421_CMP0 ($eq).
Removed top 1 bits (of 8) from port B of cell bedrock_decode.$procmux$14422_CMP0 ($eq).
Removed top 1 bits (of 8) from port B of cell bedrock_decode.$procmux$14423_CMP0 ($eq).
Removed top 5 bits (of 8) from port B of cell bedrock_decode.$procmux$14435_CMP0 ($eq).
Removed top 5 bits (of 8) from port B of cell bedrock_decode.$procmux$14436_CMP0 ($eq).
Removed top 7 bits (of 10) from port B of cell bedrock_decode.$procmux$14440_CMP0 ($eq).
Removed top 7 bits (of 11) from port B of cell bedrock_decode.$procmux$14441_CMP0 ($eq).
Removed top 7 bits (of 16) from port B of cell bedrock_decode.$procmux$14445_CMP0 ($eq).
Removed top 7 bits (of 16) from port B of cell bedrock_decode.$procmux$14460_CMP0 ($eq).
Removed top 7 bits (of 16) from port B of cell bedrock_decode.$procmux$14461_CMP0 ($eq).
Removed top 7 bits (of 16) from port B of cell bedrock_decode.$procmux$14462_CMP0 ($eq).
Removed top 1 bits (of 6) from port B of cell bedrock_decode.$procmux$14494_CMP0 ($eq).
Removed top 2 bits (of 6) from port B of cell bedrock_decode.$procmux$14495_CMP0 ($eq).
Removed top 2 bits (of 7) from port B of cell bedrock_decode.$procmux$14496_CMP0 ($eq).
Removed top 2 bits (of 7) from port B of cell bedrock_decode.$procmux$14497_CMP0 ($eq).
Removed top 2 bits (of 6) from port B of cell bedrock_decode.$procmux$14501_CMP0 ($eq).
Removed top 7 bits (of 9) from port B of cell bedrock_decode.$procmux$14507_CMP0 ($eq).
Removed top 7 bits (of 16) from port B of cell bedrock_decode.$procmux$14508_CMP0 ($eq).
Removed top 7 bits (of 16) from port B of cell bedrock_decode.$procmux$14509_CMP0 ($eq).
Removed top 7 bits (of 16) from port B of cell bedrock_decode.$procmux$14510_CMP0 ($eq).
Removed top 7 bits (of 16) from port B of cell bedrock_decode.$procmux$14511_CMP0 ($eq).
Removed top 7 bits (of 16) from port B of cell bedrock_decode.$procmux$14512_CMP0 ($eq).
Removed top 7 bits (of 16) from port B of cell bedrock_decode.$procmux$14513_CMP0 ($eq).
Removed top 7 bits (of 16) from port B of cell bedrock_decode.$procmux$14514_CMP0 ($eq).
Removed top 7 bits (of 16) from port B of cell bedrock_decode.$procmux$14515_CMP0 ($eq).
Removed top 7 bits (of 16) from port B of cell bedrock_decode.$procmux$14516_CMP0 ($eq).
Removed top 7 bits (of 16) from port B of cell bedrock_decode.$procmux$14517_CMP0 ($eq).
Removed top 7 bits (of 16) from port B of cell bedrock_decode.$procmux$14518_CMP0 ($eq).
Removed top 7 bits (of 16) from port B of cell bedrock_decode.$procmux$14519_CMP0 ($eq).
Removed top 7 bits (of 16) from port B of cell bedrock_decode.$procmux$14520_CMP0 ($eq).
Removed top 7 bits (of 16) from port B of cell bedrock_decode.$procmux$14521_CMP0 ($eq).
Removed top 7 bits (of 16) from port B of cell bedrock_decode.$procmux$14522_CMP0 ($eq).
Removed top 7 bits (of 16) from port B of cell bedrock_decode.$procmux$14523_CMP0 ($eq).
Removed top 7 bits (of 16) from port B of cell bedrock_decode.$procmux$14524_CMP0 ($eq).
Removed top 7 bits (of 13) from port B of cell bedrock_decode.$procmux$14535_CMP0 ($eq).
Removed top 7 bits (of 16) from port B of cell bedrock_decode.$procmux$14536_CMP0 ($eq).
Removed top 7 bits (of 16) from port B of cell bedrock_decode.$procmux$14537_CMP0 ($eq).
Removed top 7 bits (of 13) from port B of cell bedrock_decode.$procmux$14538_CMP0 ($eq).
Removed top 7 bits (of 13) from port B of cell bedrock_decode.$procmux$14539_CMP0 ($eq).
Removed top 7 bits (of 10) from port B of cell bedrock_decode.$procmux$14540_CMP0 ($eq).
Removed top 8 bits (of 10) from port B of cell bedrock_decode.$procmux$14541_CMP0 ($eq).
Removed top 8 bits (of 10) from port B of cell bedrock_decode.$procmux$14542_CMP0 ($eq).
Removed top 10 bits (of 13) from port B of cell bedrock_decode.$procmux$14544_CMP0 ($eq).
Removed top 10 bits (of 16) from port B of cell bedrock_decode.$procmux$14545_CMP0 ($eq).
Removed top 10 bits (of 16) from port B of cell bedrock_decode.$procmux$14546_CMP0 ($eq).
Removed top 10 bits (of 16) from port B of cell bedrock_decode.$procmux$14547_CMP0 ($eq).
Removed top 10 bits (of 16) from port B of cell bedrock_decode.$procmux$14548_CMP0 ($eq).
Removed top 10 bits (of 16) from port B of cell bedrock_decode.$procmux$14549_CMP0 ($eq).
Removed top 10 bits (of 16) from port B of cell bedrock_decode.$procmux$14550_CMP0 ($eq).
Removed top 10 bits (of 16) from port B of cell bedrock_decode.$procmux$14551_CMP0 ($eq).
Removed top 10 bits (of 16) from port B of cell bedrock_decode.$procmux$14552_CMP0 ($eq).
Removed top 10 bits (of 13) from port B of cell bedrock_decode.$procmux$14553_CMP0 ($eq).
Removed top 10 bits (of 13) from port B of cell bedrock_decode.$procmux$14554_CMP0 ($eq).
Removed top 11 bits (of 13) from port B of cell bedrock_decode.$procmux$14555_CMP0 ($eq).
Removed top 11 bits (of 13) from port B of cell bedrock_decode.$procmux$14556_CMP0 ($eq).
Removed top 1 bits (of 8) from mux cell bedrock_decode.$procmux$14695 ($pmux).
Removed top 2 bits (of 16) from port B of cell bedrock_decode.$procmux$14745_CMP0 ($eq).
Removed top 1 bits (of 8) from mux cell bedrock_decode.$procmux$14949 ($pmux).
Removed top 1 bits (of 8) from mux cell bedrock_decode.$procmux$15321 ($pmux).
Removed top 8 bits (of 16) from port B of cell bedrock_decode.$procmux$15352_CMP0 ($eq).
Removed top 1 bits (of 5) from port B of cell bedrock_decode.$procmux$15428_CMP0 ($eq).
Removed top 1 bits (of 5) from port B of cell bedrock_decode.$procmux$15429_CMP0 ($eq).
Removed top 1 bits (of 5) from port B of cell bedrock_decode.$procmux$15430_CMP0 ($eq).
Removed top 1 bits (of 5) from port B of cell bedrock_decode.$procmux$15431_CMP0 ($eq).
Removed top 1 bits (of 5) from port B of cell bedrock_decode.$procmux$15432_CMP0 ($eq).
Removed top 1 bits (of 5) from port B of cell bedrock_decode.$procmux$15433_CMP0 ($eq).
Removed top 1 bits (of 5) from port B of cell bedrock_decode.$procmux$15434_CMP0 ($eq).
Removed top 1 bits (of 5) from port B of cell bedrock_decode.$procmux$15435_CMP0 ($eq).
Removed top 2 bits (of 5) from port B of cell bedrock_decode.$procmux$15436_CMP0 ($eq).
Removed top 2 bits (of 5) from port B of cell bedrock_decode.$procmux$15437_CMP0 ($eq).
Removed top 2 bits (of 5) from port B of cell bedrock_decode.$procmux$15439_CMP0 ($eq).
Removed top 5 bits (of 6) from port B of cell bedrock_decode.$procmux$15443_CMP0 ($eq).
Removed top 8 bits (of 16) from port B of cell bedrock_decode.$procmux$15444_CMP0 ($eq).
Removed top 8 bits (of 16) from port B of cell bedrock_decode.$procmux$15445_CMP0 ($eq).
Removed top 8 bits (of 16) from port B of cell bedrock_decode.$procmux$15446_CMP0 ($eq).
Removed top 8 bits (of 16) from port B of cell bedrock_decode.$procmux$15447_CMP0 ($eq).
Removed top 8 bits (of 16) from port B of cell bedrock_decode.$procmux$15448_CMP0 ($eq).
Removed top 8 bits (of 15) from port B of cell bedrock_decode.$procmux$15449_CMP0 ($eq).
Removed top 8 bits (of 15) from port B of cell bedrock_decode.$procmux$15450_CMP0 ($eq).
Removed top 8 bits (of 15) from port B of cell bedrock_decode.$procmux$15451_CMP0 ($eq).
Removed top 8 bits (of 15) from port B of cell bedrock_decode.$procmux$15452_CMP0 ($eq).
Removed top 8 bits (of 16) from port B of cell bedrock_decode.$procmux$15453_CMP0 ($eq).
Removed top 8 bits (of 16) from port B of cell bedrock_decode.$procmux$15454_CMP0 ($eq).
Removed top 8 bits (of 16) from port B of cell bedrock_decode.$procmux$15455_CMP0 ($eq).
Removed top 8 bits (of 16) from port B of cell bedrock_decode.$procmux$15456_CMP0 ($eq).
Removed top 8 bits (of 15) from port B of cell bedrock_decode.$procmux$15457_CMP0 ($eq).
Removed top 8 bits (of 15) from port B of cell bedrock_decode.$procmux$15458_CMP0 ($eq).
Removed top 8 bits (of 16) from port B of cell bedrock_decode.$procmux$15459_CMP0 ($eq).
Removed top 8 bits (of 16) from port B of cell bedrock_decode.$procmux$15460_CMP0 ($eq).
Removed top 8 bits (of 16) from port B of cell bedrock_decode.$procmux$15461_CMP0 ($eq).
Removed top 8 bits (of 16) from port B of cell bedrock_decode.$procmux$15462_CMP0 ($eq).
Removed top 9 bits (of 10) from port B of cell bedrock_decode.$procmux$15463_CMP0 ($eq).
Removed top 10 bits (of 11) from port B of cell bedrock_decode.$procmux$15464_CMP0 ($eq).
Removed top 11 bits (of 15) from port B of cell bedrock_decode.$procmux$15465_CMP0 ($eq).
Removed top 11 bits (of 15) from port B of cell bedrock_decode.$procmux$15466_CMP0 ($eq).
Removed top 11 bits (of 16) from port B of cell bedrock_decode.$procmux$15467_CMP0 ($eq).
Removed top 11 bits (of 16) from port B of cell bedrock_decode.$procmux$15468_CMP0 ($eq).
Removed top 11 bits (of 16) from port B of cell bedrock_decode.$procmux$15469_CMP0 ($eq).
Removed top 11 bits (of 16) from port B of cell bedrock_decode.$procmux$15470_CMP0 ($eq).
Removed top 11 bits (of 16) from port B of cell bedrock_decode.$procmux$15471_CMP0 ($eq).
Removed top 11 bits (of 16) from port B of cell bedrock_decode.$procmux$15472_CMP0 ($eq).
Removed top 11 bits (of 16) from port B of cell bedrock_decode.$procmux$15473_CMP0 ($eq).
Removed top 11 bits (of 16) from port B of cell bedrock_decode.$procmux$15474_CMP0 ($eq).
Removed top 11 bits (of 16) from port B of cell bedrock_decode.$procmux$15475_CMP0 ($eq).
Removed top 11 bits (of 16) from port B of cell bedrock_decode.$procmux$15476_CMP0 ($eq).
Removed top 11 bits (of 16) from port B of cell bedrock_decode.$procmux$15477_CMP0 ($eq).
Removed top 11 bits (of 16) from port B of cell bedrock_decode.$procmux$15478_CMP0 ($eq).
Removed top 12 bits (of 16) from port B of cell bedrock_decode.$procmux$15479_CMP0 ($eq).
Removed top 12 bits (of 16) from port B of cell bedrock_decode.$procmux$15480_CMP0 ($eq).
Removed top 12 bits (of 15) from port B of cell bedrock_decode.$procmux$15481_CMP0 ($eq).
Removed top 12 bits (of 15) from port B of cell bedrock_decode.$procmux$15482_CMP0 ($eq).
Removed top 12 bits (of 16) from port B of cell bedrock_decode.$procmux$15483_CMP0 ($eq).
Removed top 13 bits (of 15) from port B of cell bedrock_decode.$procmux$15485_CMP0 ($eq).
Removed top 13 bits (of 15) from port B of cell bedrock_decode.$procmux$15486_CMP0 ($eq).
Removed top 14 bits (of 16) from port B of cell bedrock_decode.$procmux$15487_CMP0 ($eq).
Removed top 14 bits (of 16) from port B of cell bedrock_decode.$procmux$15488_CMP0 ($eq).
Removed top 15 bits (of 16) from port B of cell bedrock_decode.$procmux$15489_CMP0 ($eq).
Removed top 1 bits (of 6) from mux cell bedrock_decode.$procmux$15539 ($pmux).
Removed top 5 bits (of 10) from port B of cell bedrock_decode.$procmux$15566_CMP0 ($eq).
Removed top 1 bits (of 6) from mux cell bedrock_decode.$procmux$15625 ($pmux).
Removed top 6 bits (of 8) from port B of cell bedrock_decode.$procmux$15659_CMP0 ($eq).
Removed top 7 bits (of 8) from port B of cell bedrock_decode.$procmux$15660_CMP0 ($eq).
Removed top 9 bits (of 12) from port B of cell bedrock_decode.$procmux$15661_CMP0 ($eq).
Removed top 9 bits (of 12) from port B of cell bedrock_decode.$procmux$15662_CMP0 ($eq).
Removed top 10 bits (of 12) from port B of cell bedrock_decode.$procmux$15663_CMP0 ($eq).
Removed top 10 bits (of 12) from port B of cell bedrock_decode.$procmux$15664_CMP0 ($eq).
Removed top 11 bits (of 12) from port B of cell bedrock_decode.$procmux$15665_CMP0 ($eq).
Removed top 12 bits (of 13) from port B of cell bedrock_decode.$procmux$15666_CMP0 ($eq).
Removed top 1 bits (of 2) from port B of cell bedrock_decode.$procmux$15837_CMP0 ($eq).
Removed top 3 bits (of 5) from port B of cell bedrock_decode.$procmux$15838_CMP0 ($eq).
Removed top 3 bits (of 5) from port B of cell bedrock_decode.$procmux$15839_CMP0 ($eq).
Removed top 4 bits (of 5) from port B of cell bedrock_decode.$procmux$15840_CMP0 ($eq).
Removed top 1 bits (of 6) from mux cell bedrock_decode.$procmux$15897 ($pmux).
Removed top 5 bits (of 7) from port B of cell bedrock_decode.$procmux$15927_CMP0 ($eq).
Removed top 1 bits (of 8) from mux cell bedrock_decode.$procmux$15926 ($pmux).
Removed top 6 bits (of 7) from port B of cell bedrock_decode.$procmux$15928_CMP0 ($eq).
Removed top 9 bits (of 16) from port B of cell bedrock_decode.$procmux$15929_CMP0 ($eq).
Removed top 3 bits (of 6) from mux cell bedrock_decode.$procmux$17406 ($mux).
Removed top 12 bits (of 16) from port B of cell bedrock_decode.$procmux$17536_CMP0 ($eq).
Removed top 1 bits (of 8) from mux cell bedrock_decode.$procmux$17535 ($pmux).
Removed top 13 bits (of 16) from port B of cell bedrock_decode.$procmux$17537_CMP0 ($eq).
Removed top 13 bits (of 16) from port B of cell bedrock_decode.$procmux$17538_CMP0 ($eq).
Removed top 13 bits (of 16) from port B of cell bedrock_decode.$procmux$17539_CMP0 ($eq).
Removed top 13 bits (of 16) from port B of cell bedrock_decode.$procmux$17540_CMP0 ($eq).
Removed top 2 bits (of 5) from port B of cell bedrock_decode.$procmux$17564_CMP0 ($eq).
Removed top 2 bits (of 5) from port B of cell bedrock_decode.$procmux$17565_CMP0 ($eq).
Removed top 2 bits (of 5) from port B of cell bedrock_decode.$procmux$17567_CMP0 ($eq).
Removed top 3 bits (of 5) from port B of cell bedrock_decode.$procmux$17568_CMP0 ($eq).
Removed top 3 bits (of 5) from port B of cell bedrock_decode.$procmux$17569_CMP0 ($eq).
Removed top 4 bits (of 5) from port B of cell bedrock_decode.$procmux$17570_CMP0 ($eq).
Removed top 1 bits (of 6) from port B of cell bedrock_decode.$procmux$17590_CMP0 ($eq).
Removed top 1 bits (of 4) from port B of cell bedrock_decode.$procmux$17591_CMP0 ($eq).
Removed top 2 bits (of 4) from port B of cell bedrock_decode.$procmux$17592_CMP0 ($eq).
Removed top 2 bits (of 5) from port B of cell bedrock_decode.$procmux$17593_CMP0 ($eq).
Removed top 2 bits (of 6) from port B of cell bedrock_decode.$procmux$17594_CMP0 ($eq).
Removed top 2 bits (of 9) from port B of cell bedrock_decode.$procmux$17595_CMP0 ($eq).
Removed top 3 bits (of 4) from port B of cell bedrock_decode.$procmux$17596_CMP0 ($eq).
Removed top 4 bits (of 8) from port B of cell bedrock_decode.$procmux$17597_CMP0 ($eq).
Removed top 4 bits (of 8) from port B of cell bedrock_decode.$procmux$17598_CMP0 ($eq).
Removed top 4 bits (of 8) from port B of cell bedrock_decode.$procmux$17599_CMP0 ($eq).
Removed top 4 bits (of 7) from port B of cell bedrock_decode.$procmux$17600_CMP0 ($eq).
Removed top 4 bits (of 8) from port B of cell bedrock_decode.$procmux$17601_CMP0 ($eq).
Removed top 4 bits (of 11) from port B of cell bedrock_decode.$procmux$17602_CMP0 ($eq).
Removed top 4 bits (of 10) from port B of cell bedrock_decode.$procmux$17603_CMP0 ($eq).
Removed top 1 bits (of 5) from port B of cell bedrock_decode.$procmux$17649_CMP0 ($eq).
Removed top 1 bits (of 5) from port B of cell bedrock_decode.$procmux$17650_CMP0 ($eq).
Removed top 1 bits (of 5) from port B of cell bedrock_decode.$procmux$17651_CMP0 ($eq).
Removed top 1 bits (of 5) from port B of cell bedrock_decode.$procmux$17652_CMP0 ($eq).
Removed top 1 bits (of 5) from port B of cell bedrock_decode.$procmux$17653_CMP0 ($eq).
Removed top 1 bits (of 5) from port B of cell bedrock_decode.$procmux$17654_CMP0 ($eq).
Removed top 1 bits (of 5) from port B of cell bedrock_decode.$procmux$17655_CMP0 ($eq).
Removed top 1 bits (of 5) from port B of cell bedrock_decode.$procmux$17656_CMP0 ($eq).
Removed top 2 bits (of 5) from port B of cell bedrock_decode.$procmux$17657_CMP0 ($eq).
Removed top 1 bits (of 4) from mux cell bedrock_decode.$procmux$17769 ($pmux).
Removed top 8 bits (of 9) from port B of cell bedrock_decode.$procmux$17924_CMP0 ($eq).
Removed top 9 bits (of 12) from port B of cell bedrock_decode.$procmux$17925_CMP0 ($eq).
Removed top 9 bits (of 12) from port B of cell bedrock_decode.$procmux$17926_CMP0 ($eq).
Removed top 9 bits (of 12) from port B of cell bedrock_decode.$procmux$17927_CMP0 ($eq).
Removed top 9 bits (of 12) from port B of cell bedrock_decode.$procmux$17928_CMP0 ($eq).
Removed top 10 bits (of 12) from port B of cell bedrock_decode.$procmux$17929_CMP0 ($eq).
Removed top 10 bits (of 12) from port B of cell bedrock_decode.$procmux$17930_CMP0 ($eq).
Removed top 11 bits (of 12) from port B of cell bedrock_decode.$procmux$17931_CMP0 ($eq).
Removed top 2 bits (of 7) from port B of cell bedrock_decode.$procmux$18019_CMP0 ($eq).
Removed top 2 bits (of 6) from port B of cell bedrock_decode.$procmux$18020_CMP0 ($eq).
Removed top 2 bits (of 5) from port B of cell bedrock_decode.$procmux$18021_CMP0 ($eq).
Removed top 3 bits (of 7) from port B of cell bedrock_decode.$procmux$18022_CMP0 ($eq).
Removed top 3 bits (of 7) from port B of cell bedrock_decode.$procmux$18023_CMP0 ($eq).
Removed top 3 bits (of 6) from port B of cell bedrock_decode.$procmux$18024_CMP0 ($eq).
Removed top 3 bits (of 5) from port B of cell bedrock_decode.$procmux$18025_CMP0 ($eq).
Removed top 4 bits (of 5) from port B of cell bedrock_decode.$procmux$18026_CMP0 ($eq).
Removed top 5 bits (of 6) from port B of cell bedrock_decode.$procmux$18027_CMP0 ($eq).
Removed top 6 bits (of 7) from port B of cell bedrock_decode.$procmux$18028_CMP0 ($eq).
Removed top 7 bits (of 8) from port B of cell bedrock_decode.$procmux$18029_CMP0 ($eq).
Removed top 1 bits (of 2) from port B of cell bedrock_decode.$procmux$18115_CMP0 ($eq).
Removed top 2 bits (of 5) from port B of cell bedrock_decode.$procmux$18116_CMP0 ($eq).
Removed top 2 bits (of 5) from port B of cell bedrock_decode.$procmux$18117_CMP0 ($eq).
Removed top 2 bits (of 7) from port B of cell bedrock_decode.$procmux$18118_CMP0 ($eq).

2.10. Executing PEEPOPT pass (run peephole optimizers).

2.11. Executing OPT_CLEAN pass (remove unused cells and wires).
Finding unused cells or wires in module \bedrock_full_decode..
Finding unused cells or wires in module \bedrock_agu_request_build..
Finding unused cells or wires in module \bedrock_ea_decode..
Finding unused cells or wires in module \bedrock_prefix_decode..
Finding unused cells or wires in module \bedrock_decode..
Removed 0 unused cells and 17 unused wires.
<suppressed ~3 debug messages>

2.12. Executing ALUMACC pass (create $alu and $macc cells).
Extracting $alu and $macc cells in module bedrock_full_decode:
  creating $macc model for $add$../build/yosys/bedrock_full_decode_sv2v.v:4530$1568 ($add).
  creating $macc model for $add$../build/yosys/bedrock_full_decode_sv2v.v:5045$1544 ($add).
  creating $macc model for $add$../build/yosys/bedrock_full_decode_sv2v.v:5044$1541 ($add).
  creating $macc model for $add$../build/yosys/bedrock_full_decode_sv2v.v:5043$1538 ($add).
  creating $macc model for $add$../build/yosys/bedrock_full_decode_sv2v.v:4919$1511 ($add).
  merging $macc model for $add$../build/yosys/bedrock_full_decode_sv2v.v:5043$1538 into $add$../build/yosys/bedrock_full_decode_sv2v.v:5044$1541.
  creating $alu model for $macc $add$../build/yosys/bedrock_full_decode_sv2v.v:4919$1511.
  creating $alu model for $macc $add$../build/yosys/bedrock_full_decode_sv2v.v:5045$1544.
  creating $alu model for $macc $add$../build/yosys/bedrock_full_decode_sv2v.v:4530$1568.
  creating $macc cell for $add$../build/yosys/bedrock_full_decode_sv2v.v:5044$1541: $auto$alumacc.cc:382:replace_macc$18695
  creating $alu model for $lt$../build/yosys/bedrock_full_decode_sv2v.v:5047$1545 ($lt): new $alu
  creating $alu model for $gt$../build/yosys/bedrock_full_decode_sv2v.v:5044$1540 ($gt): new $alu
  creating $alu cell for $gt$../build/yosys/bedrock_full_decode_sv2v.v:5044$1540: $auto$alumacc.cc:512:replace_alu$18698
  creating $alu cell for $lt$../build/yosys/bedrock_full_decode_sv2v.v:5047$1545: $auto$alumacc.cc:512:replace_alu$18709
  creating $alu cell for $add$../build/yosys/bedrock_full_decode_sv2v.v:4530$1568: $auto$alumacc.cc:512:replace_alu$18714
  creating $alu cell for $add$../build/yosys/bedrock_full_decode_sv2v.v:5045$1544: $auto$alumacc.cc:512:replace_alu$18717
  creating $alu cell for $add$../build/yosys/bedrock_full_decode_sv2v.v:4919$1511: $auto$alumacc.cc:512:replace_alu$18720
  created 5 $alu and 1 $macc cells.
Extracting $alu and $macc cells in module bedrock_agu_request_build:
  creating $macc model for $add$../build/yosys/bedrock_full_decode_sv2v.v:4347$1291 ($add).
  creating $alu model for $macc $add$../build/yosys/bedrock_full_decode_sv2v.v:4347$1291.
  creating $alu cell for $add$../build/yosys/bedrock_full_decode_sv2v.v:4347$1291: $auto$alumacc.cc:512:replace_alu$18723
  created 1 $alu and 0 $macc cells.
Extracting $alu and $macc cells in module bedrock_ea_decode:
  created 0 $alu and 0 $macc cells.
Extracting $alu and $macc cells in module bedrock_prefix_decode:
  created 0 $alu and 0 $macc cells.
Extracting $alu and $macc cells in module bedrock_decode:
  creating $alu model for $gt$../build/yosys/bedrock_full_decode_sv2v.v:3009$969 ($gt): new $alu
  creating $alu model for $le$../build/yosys/bedrock_full_decode_sv2v.v:168$929 ($le): new $alu
  creating $alu model for $ge$../build/yosys/bedrock_full_decode_sv2v.v:168$928 ($ge): new $alu
  creating $alu model for $le$../build/yosys/bedrock_full_decode_sv2v.v:163$925 ($le): new $alu
  creating $alu model for $ge$../build/yosys/bedrock_full_decode_sv2v.v:163$924 ($ge): new $alu
  creating $alu model for $le$../build/yosys/bedrock_full_decode_sv2v.v:158$921 ($le): new $alu
  creating $alu model for $ge$../build/yosys/bedrock_full_decode_sv2v.v:158$920 ($ge): new $alu
  creating $alu model for $le$../build/yosys/bedrock_full_decode_sv2v.v:153$917 ($le): new $alu
  creating $alu model for $ge$../build/yosys/bedrock_full_decode_sv2v.v:153$916 ($ge): new $alu
  creating $alu model for $le$../build/yosys/bedrock_full_decode_sv2v.v:148$913 ($le): new $alu
  creating $alu model for $ge$../build/yosys/bedrock_full_decode_sv2v.v:148$912 ($ge): new $alu
  creating $alu model for $le$../build/yosys/bedrock_full_decode_sv2v.v:133$905 ($le): new $alu
  creating $alu model for $ge$../build/yosys/bedrock_full_decode_sv2v.v:133$904 ($ge): new $alu
  creating $alu model for $le$../build/yosys/bedrock_full_decode_sv2v.v:123$897 ($le): new $alu
  creating $alu model for $ge$../build/yosys/bedrock_full_decode_sv2v.v:123$896 ($ge): new $alu
  creating $alu model for $le$../build/yosys/bedrock_full_decode_sv2v.v:118$894 ($le): new $alu
  creating $alu model for $procmux$14745_CMP0 ($eq): merged with $ge$../build/yosys/bedrock_full_decode_sv2v.v:163$924.
  creating $alu cell for $le$../build/yosys/bedrock_full_decode_sv2v.v:118$894: $auto$alumacc.cc:512:replace_alu$18742
  creating $alu cell for $ge$../build/yosys/bedrock_full_decode_sv2v.v:123$896: $auto$alumacc.cc:512:replace_alu$18751
  creating $alu cell for $le$../build/yosys/bedrock_full_decode_sv2v.v:123$897: $auto$alumacc.cc:512:replace_alu$18764
  creating $alu cell for $ge$../build/yosys/bedrock_full_decode_sv2v.v:133$904: $auto$alumacc.cc:512:replace_alu$18773
  creating $alu cell for $le$../build/yosys/bedrock_full_decode_sv2v.v:133$905: $auto$alumacc.cc:512:replace_alu$18786
  creating $alu cell for $ge$../build/yosys/bedrock_full_decode_sv2v.v:148$912: $auto$alumacc.cc:512:replace_alu$18795
  creating $alu cell for $le$../build/yosys/bedrock_full_decode_sv2v.v:148$913: $auto$alumacc.cc:512:replace_alu$18808
  creating $alu cell for $ge$../build/yosys/bedrock_full_decode_sv2v.v:153$916: $auto$alumacc.cc:512:replace_alu$18817
  creating $alu cell for $le$../build/yosys/bedrock_full_decode_sv2v.v:153$917: $auto$alumacc.cc:512:replace_alu$18830
  creating $alu cell for $ge$../build/yosys/bedrock_full_decode_sv2v.v:158$920: $auto$alumacc.cc:512:replace_alu$18839
  creating $alu cell for $le$../build/yosys/bedrock_full_decode_sv2v.v:158$921: $auto$alumacc.cc:512:replace_alu$18852
  creating $alu cell for $ge$../build/yosys/bedrock_full_decode_sv2v.v:163$924, $procmux$14745_CMP0: $auto$alumacc.cc:512:replace_alu$18861
  creating $alu cell for $le$../build/yosys/bedrock_full_decode_sv2v.v:163$925: $auto$alumacc.cc:512:replace_alu$18874
  creating $alu cell for $ge$../build/yosys/bedrock_full_decode_sv2v.v:168$928: $auto$alumacc.cc:512:replace_alu$18883
  creating $alu cell for $le$../build/yosys/bedrock_full_decode_sv2v.v:168$929: $auto$alumacc.cc:512:replace_alu$18896
  creating $alu cell for $gt$../build/yosys/bedrock_full_decode_sv2v.v:3009$969: $auto$alumacc.cc:512:replace_alu$18905
  created 16 $alu and 0 $macc cells.

2.13. Executing SHARE pass (SAT-based resource sharing).
Found 14 cells in module bedrock_ea_decode that may be considered for resource sharing.
  Analyzing resource sharing options for $auto$mem.cc:305:emit$1682 ($memrd_v2):
    Found 6 activation_patterns using ctrl signal { $procmux$12057_CMP $procmux$12056_CMP $procmux$12055_CMP $procmux$12054_CMP $procmux$12053_CMP $procmux$11563_CMP $procmux$11562_CMP $procmux$11561_CMP $procmux$11560_CMP $procmux$11559_CMP $procmux$11558_CMP $procmux$11557_CMP $procmux$11556_CMP $procmux$10279_CMP $procmux$10011_CMP $eq$../build/yosys/bedrock_full_decode_sv2v.v:4226$1276_Y $0\bedrock_ea_decode_pkg_bedrock_decode_compact_ea$func$../build/yosys/bedrock_full_decode_sv2v.v:4221$1005.$result[39:0]$1027 [37:36] }.
    No candidates found.
  Analyzing resource sharing options for $auto$mem.cc:305:emit$1686 ($memrd_v2):
    Found 1 activation_patterns using ctrl signal { $procmux$10279_CMP $eq$../build/yosys/bedrock_full_decode_sv2v.v:4226$1276_Y $0\bedrock_ea_decode_pkg_bedrock_decode_compact_ea$func$../build/yosys/bedrock_full_decode_sv2v.v:4221$1005.$result[39:0]$1027 [37:36] }.
    No candidates found.
  Analyzing resource sharing options for $auto$mem.cc:305:emit$1690 ($memrd_v2):
    Found 1 activation_patterns using ctrl signal { $procmux$10279_CMP $eq$../build/yosys/bedrock_full_decode_sv2v.v:4226$1276_Y $0\bedrock_ea_decode_pkg_bedrock_decode_compact_ea$func$../build/yosys/bedrock_full_decode_sv2v.v:4221$1005.$result[39:0]$1027 [37:36] }.
    No candidates found.
  Analyzing resource sharing options for $auto$mem.cc:305:emit$1694 ($memrd_v2):
    Found 1 activation_patterns using ctrl signal { $procmux$10011_CMP $eq$../build/yosys/bedrock_full_decode_sv2v.v:4226$1276_Y $0\bedrock_ea_decode_pkg_bedrock_decode_compact_ea$func$../build/yosys/bedrock_full_decode_sv2v.v:4221$1005.$result[39:0]$1027 [37:36] }.
    No candidates found.
  Analyzing resource sharing options for $auto$mem.cc:305:emit$1698 ($memrd_v2):
    Found 1 activation_patterns using ctrl signal { $procmux$10011_CMP $eq$../build/yosys/bedrock_full_decode_sv2v.v:4226$1276_Y $0\bedrock_ea_decode_pkg_bedrock_decode_compact_ea$func$../build/yosys/bedrock_full_decode_sv2v.v:4221$1005.$result[39:0]$1027 [37:36] }.
    No candidates found.
  Analyzing resource sharing options for $auto$mem.cc:305:emit$1702 ($memrd_v2):
    Found 1 activation_patterns using ctrl signal { $procmux$11563_CMP $eq$../build/yosys/bedrock_full_decode_sv2v.v:4226$1276_Y $0\bedrock_ea_decode_pkg_bedrock_decode_compact_ea$func$../build/yosys/bedrock_full_decode_sv2v.v:4221$1005.$result[39:0]$1027 [37:36] }.
    No candidates found.
  Analyzing resource sharing options for $auto$mem.cc:305:emit$1706 ($memrd_v2):
    Found 1 activation_patterns using ctrl signal { $procmux$11563_CMP $eq$../build/yosys/bedrock_full_decode_sv2v.v:4226$1276_Y $0\bedrock_ea_decode_pkg_bedrock_decode_compact_ea$func$../build/yosys/bedrock_full_decode_sv2v.v:4221$1005.$result[39:0]$1027 [37:36] }.
    No candidates found.
  Analyzing resource sharing options for $auto$mem.cc:305:emit$1710 ($memrd_v2):
    Found 1 activation_patterns using ctrl signal { $procmux$11562_CMP $eq$../build/yosys/bedrock_full_decode_sv2v.v:4226$1276_Y $0\bedrock_ea_decode_pkg_bedrock_decode_compact_ea$func$../build/yosys/bedrock_full_decode_sv2v.v:4221$1005.$result[39:0]$1027 [37:36] }.
    No candidates found.
  Analyzing resource sharing options for $auto$mem.cc:305:emit$1714 ($memrd_v2):
    Found 1 activation_patterns using ctrl signal { $procmux$11562_CMP $eq$../build/yosys/bedrock_full_decode_sv2v.v:4226$1276_Y $0\bedrock_ea_decode_pkg_bedrock_decode_compact_ea$func$../build/yosys/bedrock_full_decode_sv2v.v:4221$1005.$result[39:0]$1027 [37:36] }.
    No candidates found.
  Analyzing resource sharing options for $auto$mem.cc:305:emit$1718 ($memrd_v2):
    Found 1 activation_patterns using ctrl signal { $procmux$12057_CMP $eq$../build/yosys/bedrock_full_decode_sv2v.v:4226$1276_Y $0\bedrock_ea_decode_pkg_bedrock_decode_compact_ea$func$../build/yosys/bedrock_full_decode_sv2v.v:4221$1005.$result[39:0]$1027 [37:36] }.
    No candidates found.
  Analyzing resource sharing options for $auto$mem.cc:305:emit$1722 ($memrd_v2):
    Found 1 activation_patterns using ctrl signal { $procmux$12056_CMP $eq$../build/yosys/bedrock_full_decode_sv2v.v:4226$1276_Y $0\bedrock_ea_decode_pkg_bedrock_decode_compact_ea$func$../build/yosys/bedrock_full_decode_sv2v.v:4221$1005.$result[39:0]$1027 [37:36] }.
    No candidates found.
  Analyzing resource sharing options for $auto$mem.cc:305:emit$1726 ($memrd_v2):
    Found 1 activation_patterns using ctrl signal { $procmux$12055_CMP $eq$../build/yosys/bedrock_full_decode_sv2v.v:4226$1276_Y $0\bedrock_ea_decode_pkg_bedrock_decode_compact_ea$func$../build/yosys/bedrock_full_decode_sv2v.v:4221$1005.$result[39:0]$1027 [37:36] }.
    No candidates found.
  Analyzing resource sharing options for $auto$mem.cc:305:emit$1730 ($memrd_v2):
    Found 1 activation_patterns using ctrl signal { $procmux$12054_CMP $eq$../build/yosys/bedrock_full_decode_sv2v.v:4226$1276_Y $0\bedrock_ea_decode_pkg_bedrock_decode_compact_ea$func$../build/yosys/bedrock_full_decode_sv2v.v:4221$1005.$result[39:0]$1027 [37:36] }.
    No candidates found.
  Analyzing resource sharing options for $auto$mem.cc:305:emit$1734 ($memrd_v2):
    Found 1 activation_patterns using ctrl signal { $procmux$12053_CMP $eq$../build/yosys/bedrock_full_decode_sv2v.v:4226$1276_Y $0\bedrock_ea_decode_pkg_bedrock_decode_compact_ea$func$../build/yosys/bedrock_full_decode_sv2v.v:4221$1005.$result[39:0]$1027 [37:36] }.
    No candidates found.

2.14. Executing OPT pass (performing simple optimizations).

2.14.1. Executing OPT_EXPR pass (perform const folding).
Optimizing module bedrock_full_decode.
<suppressed ~2 debug messages>
Optimizing module bedrock_agu_request_build.
Optimizing module bedrock_ea_decode.
Optimizing module bedrock_prefix_decode.
Optimizing module bedrock_decode.
<suppressed ~1 debug messages>

2.14.2. Executing OPT_MERGE pass (detect identical cells).
Finding identical cells in module `\bedrock_full_decode'.
Computing hashes of 136 cells of `\bedrock_full_decode'.
Finding duplicate cells in `\bedrock_full_decode'.
Finding identical cells in module `\bedrock_agu_request_build'.
Computing hashes of 11 cells of `\bedrock_agu_request_build'.
Finding duplicate cells in `\bedrock_agu_request_build'.
Finding identical cells in module `\bedrock_ea_decode'.
Computing hashes of 176 cells of `\bedrock_ea_decode'.
Finding duplicate cells in `\bedrock_ea_decode'.
Finding identical cells in module `\bedrock_prefix_decode'.
Computing hashes of 85 cells of `\bedrock_prefix_decode'.
Finding duplicate cells in `\bedrock_prefix_decode'.
Finding identical cells in module `\bedrock_decode'.
Computing hashes of 660 cells of `\bedrock_decode'.
Finding duplicate cells in `\bedrock_decode'.
Removed a total of 0 cells.

2.14.3. Executing OPT_MUXTREE pass (detect dead branches in mux trees).
Running muxtree optimizer on module \bedrock_full_decode..
  Creating internal representation of mux trees.
  Evaluating internal representation of mux trees.
  Analyzing evaluation results.
Running muxtree optimizer on module \bedrock_agu_request_build..
  Creating internal representation of mux trees.
  Evaluating internal representation of mux trees.
  Analyzing evaluation results.
Running muxtree optimizer on module \bedrock_ea_decode..
  Creating internal representation of mux trees.
  Evaluating internal representation of mux trees.
  Analyzing evaluation results.
Running muxtree optimizer on module \bedrock_prefix_decode..
  Creating internal representation of mux trees.
  Evaluating internal representation of mux trees.
  Analyzing evaluation results.
Running muxtree optimizer on module \bedrock_decode..
  Creating internal representation of mux trees.
  Evaluating internal representation of mux trees.
  Analyzing evaluation results.
Removed 0 multiplexer ports.
<suppressed ~637 debug messages>

2.14.4. Executing OPT_REDUCE pass (consolidate $*mux and $reduce_* inputs).
  Optimizing cells in module \bedrock_full_decode.
  Optimizing cells in module \bedrock_agu_request_build.
  Optimizing cells in module \bedrock_ea_decode.
  Optimizing cells in module \bedrock_prefix_decode.
  Optimizing cells in module \bedrock_decode.
Performed a total of 0 changes.

2.14.5. Executing OPT_MERGE pass (detect identical cells).
Finding identical cells in module `\bedrock_full_decode'.
Computing hashes of 136 cells of `\bedrock_full_decode'.
Finding duplicate cells in `\bedrock_full_decode'.
Finding identical cells in module `\bedrock_agu_request_build'.
Computing hashes of 11 cells of `\bedrock_agu_request_build'.
Finding duplicate cells in `\bedrock_agu_request_build'.
Finding identical cells in module `\bedrock_ea_decode'.
Computing hashes of 176 cells of `\bedrock_ea_decode'.
Finding duplicate cells in `\bedrock_ea_decode'.
Computing hashes of 175 cells of `\bedrock_ea_decode'.
Finding duplicate cells in `\bedrock_ea_decode'.
<suppressed ~3 debug messages>
Finding identical cells in module `\bedrock_prefix_decode'.
Computing hashes of 85 cells of `\bedrock_prefix_decode'.
Finding duplicate cells in `\bedrock_prefix_decode'.
Finding identical cells in module `\bedrock_decode'.
Computing hashes of 660 cells of `\bedrock_decode'.
Finding duplicate cells in `\bedrock_decode'.
Removed a total of 1 cells.

2.14.6. Executing OPT_DFF pass (perform DFF optimizations).

2.14.7. Executing OPT_CLEAN pass (remove unused cells and wires).
Finding unused cells or wires in module \bedrock_full_decode..
Finding unused cells or wires in module \bedrock_agu_request_build..
Finding unused cells or wires in module \bedrock_ea_decode..
Finding unused cells or wires in module \bedrock_prefix_decode..
Finding unused cells or wires in module \bedrock_decode..
Removed 3 unused cells and 23 unused wires.
<suppressed ~6 debug messages>

2.14.8. Executing OPT_EXPR pass (perform const folding).
Optimizing module bedrock_full_decode.
Optimizing module bedrock_agu_request_build.
Optimizing module bedrock_ea_decode.
Optimizing module bedrock_prefix_decode.
Optimizing module bedrock_decode.

2.14.9. Rerunning OPT passes. (Maybe there is more to do..)

2.14.10. Executing OPT_MUXTREE pass (detect dead branches in mux trees).
Running muxtree optimizer on module \bedrock_full_decode..
  Creating internal representation of mux trees.
  Evaluating internal representation of mux trees.
  Analyzing evaluation results.
Running muxtree optimizer on module \bedrock_agu_request_build..
  Creating internal representation of mux trees.
  Evaluating internal representation of mux trees.
  Analyzing evaluation results.
Running muxtree optimizer on module \bedrock_ea_decode..
  Creating internal representation of mux trees.
  Evaluating internal representation of mux trees.
  Analyzing evaluation results.
Running muxtree optimizer on module \bedrock_prefix_decode..
  Creating internal representation of mux trees.
  Evaluating internal representation of mux trees.
  Analyzing evaluation results.
Running muxtree optimizer on module \bedrock_decode..
  Creating internal representation of mux trees.
  Evaluating internal representation of mux trees.
  Analyzing evaluation results.
Removed 0 multiplexer ports.
<suppressed ~636 debug messages>

2.14.11. Executing OPT_REDUCE pass (consolidate $*mux and $reduce_* inputs).
  Optimizing cells in module \bedrock_full_decode.
  Optimizing cells in module \bedrock_agu_request_build.
  Optimizing cells in module \bedrock_ea_decode.
  Optimizing cells in module \bedrock_prefix_decode.
  Optimizing cells in module \bedrock_decode.
Performed a total of 0 changes.

2.14.12. Executing OPT_MERGE pass (detect identical cells).
Finding identical cells in module `\bedrock_full_decode'.
Computing hashes of 134 cells of `\bedrock_full_decode'.
Finding duplicate cells in `\bedrock_full_decode'.
Finding identical cells in module `\bedrock_agu_request_build'.
Computing hashes of 11 cells of `\bedrock_agu_request_build'.
Finding duplicate cells in `\bedrock_agu_request_build'.
Finding identical cells in module `\bedrock_ea_decode'.
Computing hashes of 175 cells of `\bedrock_ea_decode'.
Finding duplicate cells in `\bedrock_ea_decode'.
Finding identical cells in module `\bedrock_prefix_decode'.
Computing hashes of 85 cells of `\bedrock_prefix_decode'.
Finding duplicate cells in `\bedrock_prefix_decode'.
Finding identical cells in module `\bedrock_decode'.
Computing hashes of 659 cells of `\bedrock_decode'.
Finding duplicate cells in `\bedrock_decode'.
Removed a total of 0 cells.

2.14.13. Executing OPT_DFF pass (perform DFF optimizations).

2.14.14. Executing OPT_CLEAN pass (remove unused cells and wires).
Finding unused cells or wires in module \bedrock_full_decode..
Finding unused cells or wires in module \bedrock_agu_request_build..
Finding unused cells or wires in module \bedrock_ea_decode..
Finding unused cells or wires in module \bedrock_prefix_decode..
Finding unused cells or wires in module \bedrock_decode..

2.14.15. Executing OPT_EXPR pass (perform const folding).
Optimizing module bedrock_full_decode.
Optimizing module bedrock_agu_request_build.
Optimizing module bedrock_ea_decode.
Optimizing module bedrock_prefix_decode.
Optimizing module bedrock_decode.

2.14.16. Finished fast OPT passes. (There is nothing left to do.)

2.15. Executing MEMORY pass.

2.15.1. Executing OPT_MEM pass (optimize memories).
bedrock_decode.$auto$proc_rom.cc:155:do_switch$1737: removing const-0 lane 2
bedrock_decode.$auto$proc_rom.cc:155:do_switch$1737: removing const-0 lane 3
Performed a total of 1 transformations.

2.15.2. Executing OPT_MEM_PRIORITY pass (removing unnecessary memory write priority relations).
Performed a total of 0 transformations.

2.15.3. Executing OPT_MEM_FEEDBACK pass (finding memory read-to-write feedback paths).

2.15.4. Executing MEMORY_BMUX2ROM pass (converting muxes to ROMs).

2.15.5. Executing MEMORY_DFF pass (merging $dff cells to $memrd).
Checking read port `$auto$proc_rom.cc:155:do_switch$1733'[0] in module `\bedrock_ea_decode': no output FF found.
Checking read port `$auto$proc_rom.cc:155:do_switch$1729'[0] in module `\bedrock_ea_decode': no output FF found.
Checking read port `$auto$proc_rom.cc:155:do_switch$1725'[0] in module `\bedrock_ea_decode': no output FF found.
Checking read port `$auto$proc_rom.cc:155:do_switch$1721'[0] in module `\bedrock_ea_decode': no output FF found.
Checking read port `$auto$proc_rom.cc:155:do_switch$1717'[0] in module `\bedrock_ea_decode': no output FF found.
Checking read port `$auto$proc_rom.cc:155:do_switch$1713'[0] in module `\bedrock_ea_decode': no output FF found.
Checking read port `$auto$proc_rom.cc:155:do_switch$1709'[0] in module `\bedrock_ea_decode': no output FF found.
Checking read port `$auto$proc_rom.cc:155:do_switch$1705'[0] in module `\bedrock_ea_decode': no output FF found.
Checking read port `$auto$proc_rom.cc:155:do_switch$1701'[0] in module `\bedrock_ea_decode': no output FF found.
Checking read port `$auto$proc_rom.cc:155:do_switch$1697'[0] in module `\bedrock_ea_decode': no output FF found.
Checking read port `$auto$proc_rom.cc:155:do_switch$1693'[0] in module `\bedrock_ea_decode': no output FF found.
Checking read port `$auto$proc_rom.cc:155:do_switch$1689'[0] in module `\bedrock_ea_decode': no output FF found.
Checking read port `$auto$proc_rom.cc:155:do_switch$1685'[0] in module `\bedrock_ea_decode': no output FF found.
Checking read port `$auto$proc_rom.cc:155:do_switch$1681'[0] in module `\bedrock_ea_decode': no output FF found.
Checking read port address `$auto$proc_rom.cc:155:do_switch$1733'[0] in module `\bedrock_ea_decode': no address FF found.
Checking read port address `$auto$proc_rom.cc:155:do_switch$1729'[0] in module `\bedrock_ea_decode': no address FF found.
Checking read port address `$auto$proc_rom.cc:155:do_switch$1725'[0] in module `\bedrock_ea_decode': no address FF found.
Checking read port address `$auto$proc_rom.cc:155:do_switch$1721'[0] in module `\bedrock_ea_decode': no address FF found.
Checking read port address `$auto$proc_rom.cc:155:do_switch$1717'[0] in module `\bedrock_ea_decode': no address FF found.
Checking read port address `$auto$proc_rom.cc:155:do_switch$1713'[0] in module `\bedrock_ea_decode': no address FF found.
Checking read port address `$auto$proc_rom.cc:155:do_switch$1709'[0] in module `\bedrock_ea_decode': no address FF found.
Checking read port address `$auto$proc_rom.cc:155:do_switch$1705'[0] in module `\bedrock_ea_decode': no address FF found.
Checking read port address `$auto$proc_rom.cc:155:do_switch$1701'[0] in module `\bedrock_ea_decode': no address FF found.
Checking read port address `$auto$proc_rom.cc:155:do_switch$1697'[0] in module `\bedrock_ea_decode': no address FF found.
Checking read port address `$auto$proc_rom.cc:155:do_switch$1693'[0] in module `\bedrock_ea_decode': no address FF found.
Checking read port address `$auto$proc_rom.cc:155:do_switch$1689'[0] in module `\bedrock_ea_decode': no address FF found.
Checking read port address `$auto$proc_rom.cc:155:do_switch$1685'[0] in module `\bedrock_ea_decode': no address FF found.
Checking read port address `$auto$proc_rom.cc:155:do_switch$1681'[0] in module `\bedrock_ea_decode': no address FF found.
Checking read port `$auto$proc_rom.cc:155:do_switch$1737'[0] in module `\bedrock_decode': no output FF found.
Checking read port address `$auto$proc_rom.cc:155:do_switch$1737'[0] in module `\bedrock_decode': no address FF found.

2.15.6. Executing OPT_CLEAN pass (remove unused cells and wires).
Finding unused cells or wires in module \bedrock_full_decode..
Finding unused cells or wires in module \bedrock_agu_request_build..
Finding unused cells or wires in module \bedrock_ea_decode..
Finding unused cells or wires in module \bedrock_prefix_decode..
Finding unused cells or wires in module \bedrock_decode..

2.15.7. Executing MEMORY_SHARE pass (consolidating $memrd/$memwr cells).

2.15.8. Executing OPT_MEM_WIDEN pass (optimize memories where all ports are wide).
Performed a total of 0 transformations.

2.15.9. Executing OPT_CLEAN pass (remove unused cells and wires).
Finding unused cells or wires in module \bedrock_full_decode..
Finding unused cells or wires in module \bedrock_agu_request_build..
Finding unused cells or wires in module \bedrock_ea_decode..
Finding unused cells or wires in module \bedrock_prefix_decode..
Finding unused cells or wires in module \bedrock_decode..

2.15.10. Executing MEMORY_COLLECT pass (generating $mem cells).

2.16. Executing OPT_CLEAN pass (remove unused cells and wires).
Finding unused cells or wires in module \bedrock_full_decode..
Finding unused cells or wires in module \bedrock_agu_request_build..
Finding unused cells or wires in module \bedrock_ea_decode..
Finding unused cells or wires in module \bedrock_prefix_decode..
Finding unused cells or wires in module \bedrock_decode..

2.17. Executing OPT pass (performing simple optimizations).

2.17.1. Executing OPT_EXPR pass (perform const folding).
Optimizing module bedrock_full_decode.
<suppressed ~3 debug messages>
Optimizing module bedrock_agu_request_build.
<suppressed ~1 debug messages>
Optimizing module bedrock_ea_decode.
<suppressed ~25 debug messages>
Optimizing module bedrock_prefix_decode.
<suppressed ~10 debug messages>
Optimizing module bedrock_decode.
<suppressed ~53 debug messages>

2.17.2. Executing OPT_MERGE pass (detect identical cells).
Finding identical cells in module `\bedrock_full_decode'.
Computing hashes of 131 cells of `\bedrock_full_decode'.
Finding duplicate cells in `\bedrock_full_decode'.
Finding identical cells in module `\bedrock_agu_request_build'.
Computing hashes of 10 cells of `\bedrock_agu_request_build'.
Finding duplicate cells in `\bedrock_agu_request_build'.
Finding identical cells in module `\bedrock_ea_decode'.
Computing hashes of 145 cells of `\bedrock_ea_decode'.
Finding duplicate cells in `\bedrock_ea_decode'.
Finding identical cells in module `\bedrock_prefix_decode'.
Computing hashes of 79 cells of `\bedrock_prefix_decode'.
Finding duplicate cells in `\bedrock_prefix_decode'.
Finding identical cells in module `\bedrock_decode'.
Computing hashes of 700 cells of `\bedrock_decode'.
Finding duplicate cells in `\bedrock_decode'.
Computing hashes of 637 cells of `\bedrock_decode'.
Finding duplicate cells in `\bedrock_decode'.
<suppressed ~189 debug messages>
Removed a total of 63 cells.

2.17.3. Executing OPT_DFF pass (perform DFF optimizations).

2.17.4. Executing OPT_CLEAN pass (remove unused cells and wires).
Finding unused cells or wires in module \bedrock_full_decode..
Finding unused cells or wires in module \bedrock_agu_request_build..
Finding unused cells or wires in module \bedrock_ea_decode..
Finding unused cells or wires in module \bedrock_prefix_decode..
Finding unused cells or wires in module \bedrock_decode..
Removed 26 unused cells and 158 unused wires.
<suppressed ~31 debug messages>

2.17.5. Finished fast OPT passes.

2.18. Executing MEMORY_MAP pass (converting memories to logic and flip-flops).
Mapping memory $auto$proc_rom.cc:155:do_switch$1733 in module \bedrock_ea_decode:
  created 8 $dff cells and 0 static cells of width 3.
  read interface: 0 $dff and 7 $mux cells.
  write interface: 0 write mux blocks.
Mapping memory $auto$proc_rom.cc:155:do_switch$1729 in module \bedrock_ea_decode:
  created 8 $dff cells and 0 static cells of width 3.
  read interface: 0 $dff and 7 $mux cells.
  write interface: 0 write mux blocks.
Mapping memory $auto$proc_rom.cc:155:do_switch$1725 in module \bedrock_ea_decode:
  created 8 $dff cells and 0 static cells of width 3.
  read interface: 0 $dff and 7 $mux cells.
  write interface: 0 write mux blocks.
Mapping memory $auto$proc_rom.cc:155:do_switch$1721 in module \bedrock_ea_decode:
  created 8 $dff cells and 0 static cells of width 3.
  read interface: 0 $dff and 7 $mux cells.
  write interface: 0 write mux blocks.
Mapping memory $auto$proc_rom.cc:155:do_switch$1717 in module \bedrock_ea_decode:
  created 8 $dff cells and 0 static cells of width 3.
  read interface: 0 $dff and 7 $mux cells.
  write interface: 0 write mux blocks.
Mapping memory $auto$proc_rom.cc:155:do_switch$1713 in module \bedrock_ea_decode:
  created 8 $dff cells and 0 static cells of width 3.
  read interface: 0 $dff and 7 $mux cells.
  write interface: 0 write mux blocks.
Mapping memory $auto$proc_rom.cc:155:do_switch$1709 in module \bedrock_ea_decode:
  created 8 $dff cells and 0 static cells of width 3.
  read interface: 0 $dff and 7 $mux cells.
  write interface: 0 write mux blocks.
Mapping memory $auto$proc_rom.cc:155:do_switch$1705 in module \bedrock_ea_decode:
  created 8 $dff cells and 0 static cells of width 3.
  read interface: 0 $dff and 7 $mux cells.
  write interface: 0 write mux blocks.
Mapping memory $auto$proc_rom.cc:155:do_switch$1701 in module \bedrock_ea_decode:
  created 8 $dff cells and 0 static cells of width 3.
  read interface: 0 $dff and 7 $mux cells.
  write interface: 0 write mux blocks.
Mapping memory $auto$proc_rom.cc:155:do_switch$1697 in module \bedrock_ea_decode:
  created 8 $dff cells and 0 static cells of width 3.
  read interface: 0 $dff and 7 $mux cells.
  write interface: 0 write mux blocks.
Mapping memory $auto$proc_rom.cc:155:do_switch$1693 in module \bedrock_ea_decode:
  created 8 $dff cells and 0 static cells of width 3.
  read interface: 0 $dff and 7 $mux cells.
  write interface: 0 write mux blocks.
Mapping memory $auto$proc_rom.cc:155:do_switch$1689 in module \bedrock_ea_decode:
  created 8 $dff cells and 0 static cells of width 3.
  read interface: 0 $dff and 7 $mux cells.
  write interface: 0 write mux blocks.
Mapping memory $auto$proc_rom.cc:155:do_switch$1685 in module \bedrock_ea_decode:
  created 8 $dff cells and 0 static cells of width 3.
  read interface: 0 $dff and 7 $mux cells.
  write interface: 0 write mux blocks.
Mapping memory $auto$proc_rom.cc:155:do_switch$1681 in module \bedrock_ea_decode:
  created 8 $dff cells and 0 static cells of width 3.
  read interface: 0 $dff and 7 $mux cells.
  write interface: 0 write mux blocks.
Mapping memory $auto$proc_rom.cc:155:do_switch$1737 in module \bedrock_decode:
  created 64 $dff cells and 0 static cells of width 2.
  read interface: 0 $dff and 63 $mux cells.
  write interface: 0 write mux blocks.

2.19. Executing OPT pass (performing simple optimizations).

2.19.1. Executing OPT_EXPR pass (perform const folding).
Optimizing module bedrock_full_decode.
Optimizing module bedrock_agu_request_build.
Optimizing module bedrock_ea_decode.
Optimizing module bedrock_prefix_decode.
Optimizing module bedrock_decode.
<suppressed ~19 debug messages>

2.19.2. Executing OPT_MERGE pass (detect identical cells).
Finding identical cells in module `\bedrock_full_decode'.
Computing hashes of 131 cells of `\bedrock_full_decode'.
Finding duplicate cells in `\bedrock_full_decode'.
Finding identical cells in module `\bedrock_agu_request_build'.
Computing hashes of 10 cells of `\bedrock_agu_request_build'.
Finding duplicate cells in `\bedrock_agu_request_build'.
Finding identical cells in module `\bedrock_ea_decode'.
Computing hashes of 204 cells of `\bedrock_ea_decode'.
Finding duplicate cells in `\bedrock_ea_decode'.
Finding identical cells in module `\bedrock_prefix_decode'.
Computing hashes of 79 cells of `\bedrock_prefix_decode'.
Finding duplicate cells in `\bedrock_prefix_decode'.
Finding identical cells in module `\bedrock_decode'.
Computing hashes of 679 cells of `\bedrock_decode'.
Finding duplicate cells in `\bedrock_decode'.
Removed a total of 0 cells.

2.19.3. Executing OPT_MUXTREE pass (detect dead branches in mux trees).
Running muxtree optimizer on module \bedrock_full_decode..
  Creating internal representation of mux trees.
  Evaluating internal representation of mux trees.
  Analyzing evaluation results.
Running muxtree optimizer on module \bedrock_agu_request_build..
  Creating internal representation of mux trees.
  No muxes found in this module.
Running muxtree optimizer on module \bedrock_ea_decode..
  Creating internal representation of mux trees.
  Evaluating internal representation of mux trees.
  Analyzing evaluation results.
Running muxtree optimizer on module \bedrock_prefix_decode..
  Creating internal representation of mux trees.
  Evaluating internal representation of mux trees.
  Analyzing evaluation results.
Running muxtree optimizer on module \bedrock_decode..
  Creating internal representation of mux trees.
  Evaluating internal representation of mux trees.
  Analyzing evaluation results.
Removed 0 multiplexer ports.
<suppressed ~572 debug messages>

2.19.4. Executing OPT_REDUCE pass (consolidate $*mux and $reduce_* inputs).
  Optimizing cells in module \bedrock_full_decode.
  Optimizing cells in module \bedrock_agu_request_build.
  Optimizing cells in module \bedrock_ea_decode.
    Consolidated identical input bits for $mux cell $memory$auto$proc_rom.cc:155:do_switch$1681$rdmux[0][2][2]$19386:
      Old ports: A=3'011, B=3'100, Y=$memory$auto$proc_rom.cc:155:do_switch$1681$rdmux[0][1][1]$a$19378
      New ports: A=2'01, B=2'10, Y={ $memory$auto$proc_rom.cc:155:do_switch$1681$rdmux[0][1][1]$a$19378 [2] $memory$auto$proc_rom.cc:155:do_switch$1681$rdmux[0][1][1]$a$19378 [0] }
      New connections: $memory$auto$proc_rom.cc:155:do_switch$1681$rdmux[0][1][1]$a$19378 [1] = $memory$auto$proc_rom.cc:155:do_switch$1681$rdmux[0][1][1]$a$19378 [0]
    Consolidated identical input bits for $mux cell $memory$auto$proc_rom.cc:155:do_switch$1681$rdmux[0][2][1]$19383:
      Old ports: A=3'111, B=3'010, Y=$memory$auto$proc_rom.cc:155:do_switch$1681$rdmux[0][1][0]$b$19376
      New ports: A=1'1, B=1'0, Y=$memory$auto$proc_rom.cc:155:do_switch$1681$rdmux[0][1][0]$b$19376 [0]
      New connections: $memory$auto$proc_rom.cc:155:do_switch$1681$rdmux[0][1][0]$b$19376 [2:1] = { $memory$auto$proc_rom.cc:155:do_switch$1681$rdmux[0][1][0]$b$19376 [0] 1'1 }
    Consolidated identical input bits for $mux cell $memory$auto$proc_rom.cc:155:do_switch$1681$rdmux[0][2][0]$19380:
      Old ports: A=3'000, B=3'001, Y=$memory$auto$proc_rom.cc:155:do_switch$1681$rdmux[0][1][0]$a$19375
      New ports: A=1'0, B=1'1, Y=$memory$auto$proc_rom.cc:155:do_switch$1681$rdmux[0][1][0]$a$19375 [0]
      New connections: $memory$auto$proc_rom.cc:155:do_switch$1681$rdmux[0][1][0]$a$19375 [2:1] = 2'00
    Consolidated identical input bits for $mux cell $memory$auto$proc_rom.cc:155:do_switch$1685$rdmux[0][2][2]$19365:
      Old ports: A=3'011, B=3'100, Y=$memory$auto$proc_rom.cc:155:do_switch$1685$rdmux[0][1][1]$a$19357
      New ports: A=2'01, B=2'10, Y={ $memory$auto$proc_rom.cc:155:do_switch$1685$rdmux[0][1][1]$a$19357 [2] $memory$auto$proc_rom.cc:155:do_switch$1685$rdmux[0][1][1]$a$19357 [0] }
      New connections: $memory$auto$proc_rom.cc:155:do_switch$1685$rdmux[0][1][1]$a$19357 [1] = $memory$auto$proc_rom.cc:155:do_switch$1685$rdmux[0][1][1]$a$19357 [0]
    Consolidated identical input bits for $mux cell $memory$auto$proc_rom.cc:155:do_switch$1685$rdmux[0][2][1]$19362:
      Old ports: A=3'111, B=3'010, Y=$memory$auto$proc_rom.cc:155:do_switch$1685$rdmux[0][1][0]$b$19355
      New ports: A=1'1, B=1'0, Y=$memory$auto$proc_rom.cc:155:do_switch$1685$rdmux[0][1][0]$b$19355 [0]
      New connections: $memory$auto$proc_rom.cc:155:do_switch$1685$rdmux[0][1][0]$b$19355 [2:1] = { $memory$auto$proc_rom.cc:155:do_switch$1685$rdmux[0][1][0]$b$19355 [0] 1'1 }
    Consolidated identical input bits for $mux cell $memory$auto$proc_rom.cc:155:do_switch$1685$rdmux[0][2][0]$19359:
      Old ports: A=3'000, B=3'001, Y=$memory$auto$proc_rom.cc:155:do_switch$1685$rdmux[0][1][0]$a$19354
      New ports: A=1'0, B=1'1, Y=$memory$auto$proc_rom.cc:155:do_switch$1685$rdmux[0][1][0]$a$19354 [0]
      New connections: $memory$auto$proc_rom.cc:155:do_switch$1685$rdmux[0][1][0]$a$19354 [2:1] = 2'00
    Consolidated identical input bits for $mux cell $memory$auto$proc_rom.cc:155:do_switch$1689$rdmux[0][2][2]$19344:
      Old ports: A=3'011, B=3'100, Y=$memory$auto$proc_rom.cc:155:do_switch$1689$rdmux[0][1][1]$a$19336
      New ports: A=2'01, B=2'10, Y={ $memory$auto$proc_rom.cc:155:do_switch$1689$rdmux[0][1][1]$a$19336 [2] $memory$auto$proc_rom.cc:155:do_switch$1689$rdmux[0][1][1]$a$19336 [0] }
      New connections: $memory$auto$proc_rom.cc:155:do_switch$1689$rdmux[0][1][1]$a$19336 [1] = $memory$auto$proc_rom.cc:155:do_switch$1689$rdmux[0][1][1]$a$19336 [0]
    Consolidated identical input bits for $mux cell $memory$auto$proc_rom.cc:155:do_switch$1689$rdmux[0][2][1]$19341:
      Old ports: A=3'111, B=3'010, Y=$memory$auto$proc_rom.cc:155:do_switch$1689$rdmux[0][1][0]$b$19334
      New ports: A=1'1, B=1'0, Y=$memory$auto$proc_rom.cc:155:do_switch$1689$rdmux[0][1][0]$b$19334 [0]
      New connections: $memory$auto$proc_rom.cc:155:do_switch$1689$rdmux[0][1][0]$b$19334 [2:1] = { $memory$auto$proc_rom.cc:155:do_switch$1689$rdmux[0][1][0]$b$19334 [0] 1'1 }
    Consolidated identical input bits for $mux cell $memory$auto$proc_rom.cc:155:do_switch$1689$rdmux[0][2][0]$19338:
      Old ports: A=3'000, B=3'001, Y=$memory$auto$proc_rom.cc:155:do_switch$1689$rdmux[0][1][0]$a$19333
      New ports: A=1'0, B=1'1, Y=$memory$auto$proc_rom.cc:155:do_switch$1689$rdmux[0][1][0]$a$19333 [0]
      New connections: $memory$auto$proc_rom.cc:155:do_switch$1689$rdmux[0][1][0]$a$19333 [2:1] = 2'00
    Consolidated identical input bits for $mux cell $memory$auto$proc_rom.cc:155:do_switch$1693$rdmux[0][2][2]$19323:
      Old ports: A=3'011, B=3'100, Y=$memory$auto$proc_rom.cc:155:do_switch$1693$rdmux[0][1][1]$a$19315
      New ports: A=2'01, B=2'10, Y={ $memory$auto$proc_rom.cc:155:do_switch$1693$rdmux[0][1][1]$a$19315 [2] $memory$auto$proc_rom.cc:155:do_switch$1693$rdmux[0][1][1]$a$19315 [0] }
      New connections: $memory$auto$proc_rom.cc:155:do_switch$1693$rdmux[0][1][1]$a$19315 [1] = $memory$auto$proc_rom.cc:155:do_switch$1693$rdmux[0][1][1]$a$19315 [0]
    Consolidated identical input bits for $mux cell $memory$auto$proc_rom.cc:155:do_switch$1693$rdmux[0][2][1]$19320:
      Old ports: A=3'111, B=3'010, Y=$memory$auto$proc_rom.cc:155:do_switch$1693$rdmux[0][1][0]$b$19313
      New ports: A=1'1, B=1'0, Y=$memory$auto$proc_rom.cc:155:do_switch$1693$rdmux[0][1][0]$b$19313 [0]
      New connections: $memory$auto$proc_rom.cc:155:do_switch$1693$rdmux[0][1][0]$b$19313 [2:1] = { $memory$auto$proc_rom.cc:155:do_switch$1693$rdmux[0][1][0]$b$19313 [0] 1'1 }
    Consolidated identical input bits for $mux cell $memory$auto$proc_rom.cc:155:do_switch$1693$rdmux[0][2][0]$19317:
      Old ports: A=3'000, B=3'001, Y=$memory$auto$proc_rom.cc:155:do_switch$1693$rdmux[0][1][0]$a$19312
      New ports: A=1'0, B=1'1, Y=$memory$auto$proc_rom.cc:155:do_switch$1693$rdmux[0][1][0]$a$19312 [0]
      New connections: $memory$auto$proc_rom.cc:155:do_switch$1693$rdmux[0][1][0]$a$19312 [2:1] = 2'00
    Consolidated identical input bits for $mux cell $memory$auto$proc_rom.cc:155:do_switch$1697$rdmux[0][2][2]$19302:
      Old ports: A=3'011, B=3'100, Y=$memory$auto$proc_rom.cc:155:do_switch$1697$rdmux[0][1][1]$a$19294
      New ports: A=2'01, B=2'10, Y={ $memory$auto$proc_rom.cc:155:do_switch$1697$rdmux[0][1][1]$a$19294 [2] $memory$auto$proc_rom.cc:155:do_switch$1697$rdmux[0][1][1]$a$19294 [0] }
      New connections: $memory$auto$proc_rom.cc:155:do_switch$1697$rdmux[0][1][1]$a$19294 [1] = $memory$auto$proc_rom.cc:155:do_switch$1697$rdmux[0][1][1]$a$19294 [0]
    Consolidated identical input bits for $mux cell $memory$auto$proc_rom.cc:155:do_switch$1697$rdmux[0][2][1]$19299:
      Old ports: A=3'111, B=3'010, Y=$memory$auto$proc_rom.cc:155:do_switch$1697$rdmux[0][1][0]$b$19292
      New ports: A=1'1, B=1'0, Y=$memory$auto$proc_rom.cc:155:do_switch$1697$rdmux[0][1][0]$b$19292 [0]
      New connections: $memory$auto$proc_rom.cc:155:do_switch$1697$rdmux[0][1][0]$b$19292 [2:1] = { $memory$auto$proc_rom.cc:155:do_switch$1697$rdmux[0][1][0]$b$19292 [0] 1'1 }
    Consolidated identical input bits for $mux cell $memory$auto$proc_rom.cc:155:do_switch$1697$rdmux[0][2][0]$19296:
      Old ports: A=3'000, B=3'001, Y=$memory$auto$proc_rom.cc:155:do_switch$1697$rdmux[0][1][0]$a$19291
      New ports: A=1'0, B=1'1, Y=$memory$auto$proc_rom.cc:155:do_switch$1697$rdmux[0][1][0]$a$19291 [0]
      New connections: $memory$auto$proc_rom.cc:155:do_switch$1697$rdmux[0][1][0]$a$19291 [2:1] = 2'00
    Consolidated identical input bits for $mux cell $memory$auto$proc_rom.cc:155:do_switch$1701$rdmux[0][2][2]$19281:
      Old ports: A=3'011, B=3'100, Y=$memory$auto$proc_rom.cc:155:do_switch$1701$rdmux[0][1][1]$a$19273
      New ports: A=2'01, B=2'10, Y={ $memory$auto$proc_rom.cc:155:do_switch$1701$rdmux[0][1][1]$a$19273 [2] $memory$auto$proc_rom.cc:155:do_switch$1701$rdmux[0][1][1]$a$19273 [0] }
      New connections: $memory$auto$proc_rom.cc:155:do_switch$1701$rdmux[0][1][1]$a$19273 [1] = $memory$auto$proc_rom.cc:155:do_switch$1701$rdmux[0][1][1]$a$19273 [0]
    Consolidated identical input bits for $mux cell $memory$auto$proc_rom.cc:155:do_switch$1701$rdmux[0][2][1]$19278:
      Old ports: A=3'111, B=3'010, Y=$memory$auto$proc_rom.cc:155:do_switch$1701$rdmux[0][1][0]$b$19271
      New ports: A=1'1, B=1'0, Y=$memory$auto$proc_rom.cc:155:do_switch$1701$rdmux[0][1][0]$b$19271 [0]
      New connections: $memory$auto$proc_rom.cc:155:do_switch$1701$rdmux[0][1][0]$b$19271 [2:1] = { $memory$auto$proc_rom.cc:155:do_switch$1701$rdmux[0][1][0]$b$19271 [0] 1'1 }
    Consolidated identical input bits for $mux cell $memory$auto$proc_rom.cc:155:do_switch$1701$rdmux[0][2][0]$19275:
      Old ports: A=3'000, B=3'001, Y=$memory$auto$proc_rom.cc:155:do_switch$1701$rdmux[0][1][0]$a$19270
      New ports: A=1'0, B=1'1, Y=$memory$auto$proc_rom.cc:155:do_switch$1701$rdmux[0][1][0]$a$19270 [0]
      New connections: $memory$auto$proc_rom.cc:155:do_switch$1701$rdmux[0][1][0]$a$19270 [2:1] = 2'00
    Consolidated identical input bits for $mux cell $memory$auto$proc_rom.cc:155:do_switch$1705$rdmux[0][2][2]$19260:
      Old ports: A=3'011, B=3'100, Y=$memory$auto$proc_rom.cc:155:do_switch$1705$rdmux[0][1][1]$a$19252
      New ports: A=2'01, B=2'10, Y={ $memory$auto$proc_rom.cc:155:do_switch$1705$rdmux[0][1][1]$a$19252 [2] $memory$auto$proc_rom.cc:155:do_switch$1705$rdmux[0][1][1]$a$19252 [0] }
      New connections: $memory$auto$proc_rom.cc:155:do_switch$1705$rdmux[0][1][1]$a$19252 [1] = $memory$auto$proc_rom.cc:155:do_switch$1705$rdmux[0][1][1]$a$19252 [0]
    Consolidated identical input bits for $mux cell $memory$auto$proc_rom.cc:155:do_switch$1705$rdmux[0][2][1]$19257:
      Old ports: A=3'111, B=3'010, Y=$memory$auto$proc_rom.cc:155:do_switch$1705$rdmux[0][1][0]$b$19250
      New ports: A=1'1, B=1'0, Y=$memory$auto$proc_rom.cc:155:do_switch$1705$rdmux[0][1][0]$b$19250 [0]
      New connections: $memory$auto$proc_rom.cc:155:do_switch$1705$rdmux[0][1][0]$b$19250 [2:1] = { $memory$auto$proc_rom.cc:155:do_switch$1705$rdmux[0][1][0]$b$19250 [0] 1'1 }
    Consolidated identical input bits for $mux cell $memory$auto$proc_rom.cc:155:do_switch$1705$rdmux[0][2][0]$19254:
      Old ports: A=3'000, B=3'001, Y=$memory$auto$proc_rom.cc:155:do_switch$1705$rdmux[0][1][0]$a$19249
      New ports: A=1'0, B=1'1, Y=$memory$auto$proc_rom.cc:155:do_switch$1705$rdmux[0][1][0]$a$19249 [0]
      New connections: $memory$auto$proc_rom.cc:155:do_switch$1705$rdmux[0][1][0]$a$19249 [2:1] = 2'00
    Consolidated identical input bits for $mux cell $memory$auto$proc_rom.cc:155:do_switch$1709$rdmux[0][2][2]$19239:
      Old ports: A=3'011, B=3'100, Y=$memory$auto$proc_rom.cc:155:do_switch$1709$rdmux[0][1][1]$a$19231
      New ports: A=2'01, B=2'10, Y={ $memory$auto$proc_rom.cc:155:do_switch$1709$rdmux[0][1][1]$a$19231 [2] $memory$auto$proc_rom.cc:155:do_switch$1709$rdmux[0][1][1]$a$19231 [0] }
      New connections: $memory$auto$proc_rom.cc:155:do_switch$1709$rdmux[0][1][1]$a$19231 [1] = $memory$auto$proc_rom.cc:155:do_switch$1709$rdmux[0][1][1]$a$19231 [0]
    Consolidated identical input bits for $mux cell $memory$auto$proc_rom.cc:155:do_switch$1709$rdmux[0][2][1]$19236:
      Old ports: A=3'111, B=3'010, Y=$memory$auto$proc_rom.cc:155:do_switch$1709$rdmux[0][1][0]$b$19229
      New ports: A=1'1, B=1'0, Y=$memory$auto$proc_rom.cc:155:do_switch$1709$rdmux[0][1][0]$b$19229 [0]
      New connections: $memory$auto$proc_rom.cc:155:do_switch$1709$rdmux[0][1][0]$b$19229 [2:1] = { $memory$auto$proc_rom.cc:155:do_switch$1709$rdmux[0][1][0]$b$19229 [0] 1'1 }
    Consolidated identical input bits for $mux cell $memory$auto$proc_rom.cc:155:do_switch$1709$rdmux[0][2][0]$19233:
      Old ports: A=3'000, B=3'001, Y=$memory$auto$proc_rom.cc:155:do_switch$1709$rdmux[0][1][0]$a$19228
      New ports: A=1'0, B=1'1, Y=$memory$auto$proc_rom.cc:155:do_switch$1709$rdmux[0][1][0]$a$19228 [0]
      New connections: $memory$auto$proc_rom.cc:155:do_switch$1709$rdmux[0][1][0]$a$19228 [2:1] = 2'00
    Consolidated identical input bits for $mux cell $memory$auto$proc_rom.cc:155:do_switch$1713$rdmux[0][2][2]$19218:
      Old ports: A=3'011, B=3'100, Y=$memory$auto$proc_rom.cc:155:do_switch$1713$rdmux[0][1][1]$a$19210
      New ports: A=2'01, B=2'10, Y={ $memory$auto$proc_rom.cc:155:do_switch$1713$rdmux[0][1][1]$a$19210 [2] $memory$auto$proc_rom.cc:155:do_switch$1713$rdmux[0][1][1]$a$19210 [0] }
      New connections: $memory$auto$proc_rom.cc:155:do_switch$1713$rdmux[0][1][1]$a$19210 [1] = $memory$auto$proc_rom.cc:155:do_switch$1713$rdmux[0][1][1]$a$19210 [0]
    Consolidated identical input bits for $mux cell $memory$auto$proc_rom.cc:155:do_switch$1713$rdmux[0][2][1]$19215:
      Old ports: A=3'111, B=3'010, Y=$memory$auto$proc_rom.cc:155:do_switch$1713$rdmux[0][1][0]$b$19208
      New ports: A=1'1, B=1'0, Y=$memory$auto$proc_rom.cc:155:do_switch$1713$rdmux[0][1][0]$b$19208 [0]
      New connections: $memory$auto$proc_rom.cc:155:do_switch$1713$rdmux[0][1][0]$b$19208 [2:1] = { $memory$auto$proc_rom.cc:155:do_switch$1713$rdmux[0][1][0]$b$19208 [0] 1'1 }
    Consolidated identical input bits for $mux cell $memory$auto$proc_rom.cc:155:do_switch$1713$rdmux[0][2][0]$19212:
      Old ports: A=3'000, B=3'001, Y=$memory$auto$proc_rom.cc:155:do_switch$1713$rdmux[0][1][0]$a$19207
      New ports: A=1'0, B=1'1, Y=$memory$auto$proc_rom.cc:155:do_switch$1713$rdmux[0][1][0]$a$19207 [0]
      New connections: $memory$auto$proc_rom.cc:155:do_switch$1713$rdmux[0][1][0]$a$19207 [2:1] = 2'00
    Consolidated identical input bits for $mux cell $memory$auto$proc_rom.cc:155:do_switch$1717$rdmux[0][2][2]$19197:
      Old ports: A=3'011, B=3'100, Y=$memory$auto$proc_rom.cc:155:do_switch$1717$rdmux[0][1][1]$a$19189
      New ports: A=2'01, B=2'10, Y={ $memory$auto$proc_rom.cc:155:do_switch$1717$rdmux[0][1][1]$a$19189 [2] $memory$auto$proc_rom.cc:155:do_switch$1717$rdmux[0][1][1]$a$19189 [0] }
      New connections: $memory$auto$proc_rom.cc:155:do_switch$1717$rdmux[0][1][1]$a$19189 [1] = $memory$auto$proc_rom.cc:155:do_switch$1717$rdmux[0][1][1]$a$19189 [0]
    Consolidated identical input bits for $mux cell $memory$auto$proc_rom.cc:155:do_switch$1717$rdmux[0][2][1]$19194:
      Old ports: A=3'111, B=3'010, Y=$memory$auto$proc_rom.cc:155:do_switch$1717$rdmux[0][1][0]$b$19187
      New ports: A=1'1, B=1'0, Y=$memory$auto$proc_rom.cc:155:do_switch$1717$rdmux[0][1][0]$b$19187 [0]
      New connections: $memory$auto$proc_rom.cc:155:do_switch$1717$rdmux[0][1][0]$b$19187 [2:1] = { $memory$auto$proc_rom.cc:155:do_switch$1717$rdmux[0][1][0]$b$19187 [0] 1'1 }
    Consolidated identical input bits for $mux cell $memory$auto$proc_rom.cc:155:do_switch$1717$rdmux[0][2][0]$19191:
      Old ports: A=3'000, B=3'001, Y=$memory$auto$proc_rom.cc:155:do_switch$1717$rdmux[0][1][0]$a$19186
      New ports: A=1'0, B=1'1, Y=$memory$auto$proc_rom.cc:155:do_switch$1717$rdmux[0][1][0]$a$19186 [0]
      New connections: $memory$auto$proc_rom.cc:155:do_switch$1717$rdmux[0][1][0]$a$19186 [2:1] = 2'00
    Consolidated identical input bits for $mux cell $memory$auto$proc_rom.cc:155:do_switch$1721$rdmux[0][2][2]$19176:
      Old ports: A=3'011, B=3'100, Y=$memory$auto$proc_rom.cc:155:do_switch$1721$rdmux[0][1][1]$a$19168
      New ports: A=2'01, B=2'10, Y={ $memory$auto$proc_rom.cc:155:do_switch$1721$rdmux[0][1][1]$a$19168 [2] $memory$auto$proc_rom.cc:155:do_switch$1721$rdmux[0][1][1]$a$19168 [0] }
      New connections: $memory$auto$proc_rom.cc:155:do_switch$1721$rdmux[0][1][1]$a$19168 [1] = $memory$auto$proc_rom.cc:155:do_switch$1721$rdmux[0][1][1]$a$19168 [0]
    Consolidated identical input bits for $mux cell $memory$auto$proc_rom.cc:155:do_switch$1721$rdmux[0][2][1]$19173:
      Old ports: A=3'111, B=3'010, Y=$memory$auto$proc_rom.cc:155:do_switch$1721$rdmux[0][1][0]$b$19166
      New ports: A=1'1, B=1'0, Y=$memory$auto$proc_rom.cc:155:do_switch$1721$rdmux[0][1][0]$b$19166 [0]
      New connections: $memory$auto$proc_rom.cc:155:do_switch$1721$rdmux[0][1][0]$b$19166 [2:1] = { $memory$auto$proc_rom.cc:155:do_switch$1721$rdmux[0][1][0]$b$19166 [0] 1'1 }
    Consolidated identical input bits for $mux cell $memory$auto$proc_rom.cc:155:do_switch$1721$rdmux[0][2][0]$19170:
      Old ports: A=3'000, B=3'001, Y=$memory$auto$proc_rom.cc:155:do_switch$1721$rdmux[0][1][0]$a$19165
      New ports: A=1'0, B=1'1, Y=$memory$auto$proc_rom.cc:155:do_switch$1721$rdmux[0][1][0]$a$19165 [0]
      New connections: $memory$auto$proc_rom.cc:155:do_switch$1721$rdmux[0][1][0]$a$19165 [2:1] = 2'00
    Consolidated identical input bits for $mux cell $memory$auto$proc_rom.cc:155:do_switch$1725$rdmux[0][2][2]$19155:
      Old ports: A=3'011, B=3'100, Y=$memory$auto$proc_rom.cc:155:do_switch$1725$rdmux[0][1][1]$a$19147
      New ports: A=2'01, B=2'10, Y={ $memory$auto$proc_rom.cc:155:do_switch$1725$rdmux[0][1][1]$a$19147 [2] $memory$auto$proc_rom.cc:155:do_switch$1725$rdmux[0][1][1]$a$19147 [0] }
      New connections: $memory$auto$proc_rom.cc:155:do_switch$1725$rdmux[0][1][1]$a$19147 [1] = $memory$auto$proc_rom.cc:155:do_switch$1725$rdmux[0][1][1]$a$19147 [0]
    Consolidated identical input bits for $mux cell $memory$auto$proc_rom.cc:155:do_switch$1725$rdmux[0][2][1]$19152:
      Old ports: A=3'111, B=3'010, Y=$memory$auto$proc_rom.cc:155:do_switch$1725$rdmux[0][1][0]$b$19145
      New ports: A=1'1, B=1'0, Y=$memory$auto$proc_rom.cc:155:do_switch$1725$rdmux[0][1][0]$b$19145 [0]
      New connections: $memory$auto$proc_rom.cc:155:do_switch$1725$rdmux[0][1][0]$b$19145 [2:1] = { $memory$auto$proc_rom.cc:155:do_switch$1725$rdmux[0][1][0]$b$19145 [0] 1'1 }
    Consolidated identical input bits for $mux cell $memory$auto$proc_rom.cc:155:do_switch$1725$rdmux[0][2][0]$19149:
      Old ports: A=3'000, B=3'001, Y=$memory$auto$proc_rom.cc:155:do_switch$1725$rdmux[0][1][0]$a$19144
      New ports: A=1'0, B=1'1, Y=$memory$auto$proc_rom.cc:155:do_switch$1725$rdmux[0][1][0]$a$19144 [0]
      New connections: $memory$auto$proc_rom.cc:155:do_switch$1725$rdmux[0][1][0]$a$19144 [2:1] = 2'00
    Consolidated identical input bits for $mux cell $memory$auto$proc_rom.cc:155:do_switch$1729$rdmux[0][2][2]$19134:
      Old ports: A=3'011, B=3'100, Y=$memory$auto$proc_rom.cc:155:do_switch$1729$rdmux[0][1][1]$a$19126
      New ports: A=2'01, B=2'10, Y={ $memory$auto$proc_rom.cc:155:do_switch$1729$rdmux[0][1][1]$a$19126 [2] $memory$auto$proc_rom.cc:155:do_switch$1729$rdmux[0][1][1]$a$19126 [0] }
      New connections: $memory$auto$proc_rom.cc:155:do_switch$1729$rdmux[0][1][1]$a$19126 [1] = $memory$auto$proc_rom.cc:155:do_switch$1729$rdmux[0][1][1]$a$19126 [0]
    Consolidated identical input bits for $mux cell $memory$auto$proc_rom.cc:155:do_switch$1729$rdmux[0][2][1]$19131:
      Old ports: A=3'111, B=3'010, Y=$memory$auto$proc_rom.cc:155:do_switch$1729$rdmux[0][1][0]$b$19124
      New ports: A=1'1, B=1'0, Y=$memory$auto$proc_rom.cc:155:do_switch$1729$rdmux[0][1][0]$b$19124 [0]
      New connections: $memory$auto$proc_rom.cc:155:do_switch$1729$rdmux[0][1][0]$b$19124 [2:1] = { $memory$auto$proc_rom.cc:155:do_switch$1729$rdmux[0][1][0]$b$19124 [0] 1'1 }
    Consolidated identical input bits for $mux cell $memory$auto$proc_rom.cc:155:do_switch$1729$rdmux[0][2][0]$19128:
      Old ports: A=3'000, B=3'001, Y=$memory$auto$proc_rom.cc:155:do_switch$1729$rdmux[0][1][0]$a$19123
      New ports: A=1'0, B=1'1, Y=$memory$auto$proc_rom.cc:155:do_switch$1729$rdmux[0][1][0]$a$19123 [0]
      New connections: $memory$auto$proc_rom.cc:155:do_switch$1729$rdmux[0][1][0]$a$19123 [2:1] = 2'00
    Consolidated identical input bits for $mux cell $memory$auto$proc_rom.cc:155:do_switch$1733$rdmux[0][2][2]$19113:
      Old ports: A=3'011, B=3'100, Y=$memory$auto$proc_rom.cc:155:do_switch$1733$rdmux[0][1][1]$a$19105
      New ports: A=2'01, B=2'10, Y={ $memory$auto$proc_rom.cc:155:do_switch$1733$rdmux[0][1][1]$a$19105 [2] $memory$auto$proc_rom.cc:155:do_switch$1733$rdmux[0][1][1]$a$19105 [0] }
      New connections: $memory$auto$proc_rom.cc:155:do_switch$1733$rdmux[0][1][1]$a$19105 [1] = $memory$auto$proc_rom.cc:155:do_switch$1733$rdmux[0][1][1]$a$19105 [0]
    Consolidated identical input bits for $mux cell $memory$auto$proc_rom.cc:155:do_switch$1733$rdmux[0][2][1]$19110:
      Old ports: A=3'111, B=3'010, Y=$memory$auto$proc_rom.cc:155:do_switch$1733$rdmux[0][1][0]$b$19103
      New ports: A=1'1, B=1'0, Y=$memory$auto$proc_rom.cc:155:do_switch$1733$rdmux[0][1][0]$b$19103 [0]
      New connections: $memory$auto$proc_rom.cc:155:do_switch$1733$rdmux[0][1][0]$b$19103 [2:1] = { $memory$auto$proc_rom.cc:155:do_switch$1733$rdmux[0][1][0]$b$19103 [0] 1'1 }
    Consolidated identical input bits for $mux cell $memory$auto$proc_rom.cc:155:do_switch$1733$rdmux[0][2][0]$19107:
      Old ports: A=3'000, B=3'001, Y=$memory$auto$proc_rom.cc:155:do_switch$1733$rdmux[0][1][0]$a$19102
      New ports: A=1'0, B=1'1, Y=$memory$auto$proc_rom.cc:155:do_switch$1733$rdmux[0][1][0]$a$19102 [0]
      New connections: $memory$auto$proc_rom.cc:155:do_switch$1733$rdmux[0][1][0]$a$19102 [2:1] = 2'00
    Consolidated identical input bits for $mux cell $procmux$6882:
      Old ports: A=5'11011, B=5'00000, Y=$30\bedrock_ea_decode_pkg_bedrock_decode_extended_ea$func$../build/yosys/bedrock_full_decode_sv2v.v:4223$1006.r[35:16]$1209 [18:14]
      New ports: A=1'1, B=1'0, Y=$30\bedrock_ea_decode_pkg_bedrock_decode_extended_ea$func$../build/yosys/bedrock_full_decode_sv2v.v:4223$1006.r[35:16]$1209 [14]
      New connections: $30\bedrock_ea_decode_pkg_bedrock_decode_extended_ea$func$../build/yosys/bedrock_full_decode_sv2v.v:4223$1006.r[35:16]$1209 [18:15] = { $30\bedrock_ea_decode_pkg_bedrock_decode_extended_ea$func$../build/yosys/bedrock_full_decode_sv2v.v:4223$1006.r[35:16]$1209 [14] $30\bedrock_ea_decode_pkg_bedrock_decode_extended_ea$func$../build/yosys/bedrock_full_decode_sv2v.v:4223$1006.r[35:16]$1209 [14] 1'0 $30\bedrock_ea_decode_pkg_bedrock_decode_extended_ea$func$../build/yosys/bedrock_full_decode_sv2v.v:4223$1006.r[35:16]$1209 [14] }
    Consolidated identical input bits for $mux cell $procmux$2433:
      Old ports: A=4'0010, B=4'1100, Y=$66\bedrock_ea_decode_pkg_bedrock_decode_extended_ea$func$../build/yosys/bedrock_full_decode_sv2v.v:4223$1006.r[36:16]$1268 [17:14]
      New ports: A=2'01, B=2'10, Y=$66\bedrock_ea_decode_pkg_bedrock_decode_extended_ea$func$../build/yosys/bedrock_full_decode_sv2v.v:4223$1006.r[36:16]$1268 [16:15]
      New connections: { $66\bedrock_ea_decode_pkg_bedrock_decode_extended_ea$func$../build/yosys/bedrock_full_decode_sv2v.v:4223$1006.r[36:16]$1268 [17] $66\bedrock_ea_decode_pkg_bedrock_decode_extended_ea$func$../build/yosys/bedrock_full_decode_sv2v.v:4223$1006.r[36:16]$1268 [14] } = { $66\bedrock_ea_decode_pkg_bedrock_decode_extended_ea$func$../build/yosys/bedrock_full_decode_sv2v.v:4223$1006.r[36:16]$1268 [16] 1'0 }
    Consolidated identical input bits for $pmux cell $procmux$12208:
      Old ports: A=3'000, B=6'001111, Y=$0\bedrock_ea_decode_pkg_bedrock_decode_compact_ea$func$../build/yosys/bedrock_full_decode_sv2v.v:4221$1005.$result[39:0]$1027 [23:21]
      New ports: A=2'00, B=4'0111, Y=$0\bedrock_ea_decode_pkg_bedrock_decode_compact_ea$func$../build/yosys/bedrock_full_decode_sv2v.v:4221$1005.$result[39:0]$1027 [22:21]
      New connections: $0\bedrock_ea_decode_pkg_bedrock_decode_compact_ea$func$../build/yosys/bedrock_full_decode_sv2v.v:4221$1005.$result[39:0]$1027 [23] = $0\bedrock_ea_decode_pkg_bedrock_decode_compact_ea$func$../build/yosys/bedrock_full_decode_sv2v.v:4221$1005.$result[39:0]$1027 [22]
    Consolidated identical input bits for $mux cell $procmux$11467:
      Old ports: A=6'010100, B=6'100011, Y=$4\bedrock_ea_decode_pkg_bedrock_decode_extended_ea$func$../build/yosys/bedrock_full_decode_sv2v.v:4223$1006.r[36:0]$1135 [35:30]
      New ports: A=2'10, B=2'01, Y={ $4\bedrock_ea_decode_pkg_bedrock_decode_extended_ea$func$../build/yosys/bedrock_full_decode_sv2v.v:4223$1006.r[36:0]$1135 [32] $4\bedrock_ea_decode_pkg_bedrock_decode_extended_ea$func$../build/yosys/bedrock_full_decode_sv2v.v:4223$1006.r[36:0]$1135 [30] }
      New connections: { $4\bedrock_ea_decode_pkg_bedrock_decode_extended_ea$func$../build/yosys/bedrock_full_decode_sv2v.v:4223$1006.r[36:0]$1135 [35:33] $4\bedrock_ea_decode_pkg_bedrock_decode_extended_ea$func$../build/yosys/bedrock_full_decode_sv2v.v:4223$1006.r[36:0]$1135 [31] } = { $4\bedrock_ea_decode_pkg_bedrock_decode_extended_ea$func$../build/yosys/bedrock_full_decode_sv2v.v:4223$1006.r[36:0]$1135 [30] $4\bedrock_ea_decode_pkg_bedrock_decode_extended_ea$func$../build/yosys/bedrock_full_decode_sv2v.v:4223$1006.r[36:0]$1135 [32] 1'0 $4\bedrock_ea_decode_pkg_bedrock_decode_extended_ea$func$../build/yosys/bedrock_full_decode_sv2v.v:4223$1006.r[36:0]$1135 [30] }
    Consolidated identical input bits for $mux cell $procmux$2894:
      Old ports: A=4'0001, B=4'1011, Y=$60\bedrock_ea_decode_pkg_bedrock_decode_extended_ea$func$../build/yosys/bedrock_full_decode_sv2v.v:4223$1006.r[36:16]$1259 [17:14]
      New ports: A=1'0, B=1'1, Y=$60\bedrock_ea_decode_pkg_bedrock_decode_extended_ea$func$../build/yosys/bedrock_full_decode_sv2v.v:4223$1006.r[36:16]$1259 [15]
      New connections: { $60\bedrock_ea_decode_pkg_bedrock_decode_extended_ea$func$../build/yosys/bedrock_full_decode_sv2v.v:4223$1006.r[36:16]$1259 [17:16] $60\bedrock_ea_decode_pkg_bedrock_decode_extended_ea$func$../build/yosys/bedrock_full_decode_sv2v.v:4223$1006.r[36:16]$1259 [14] } = { $60\bedrock_ea_decode_pkg_bedrock_decode_extended_ea$func$../build/yosys/bedrock_full_decode_sv2v.v:4223$1006.r[36:16]$1259 [15] 2'01 }
    Consolidated identical input bits for $mux cell $procmux$6866:
      Old ports: A=5'11001, B=5'00000, Y=$24\bedrock_ea_decode_pkg_bedrock_decode_extended_ea$func$../build/yosys/bedrock_full_decode_sv2v.v:4223$1006.r[35:13]$1195 [21:17]
      New ports: A=1'1, B=1'0, Y=$24\bedrock_ea_decode_pkg_bedrock_decode_extended_ea$func$../build/yosys/bedrock_full_decode_sv2v.v:4223$1006.r[35:13]$1195 [17]
      New connections: $24\bedrock_ea_decode_pkg_bedrock_decode_extended_ea$func$../build/yosys/bedrock_full_decode_sv2v.v:4223$1006.r[35:13]$1195 [21:18] = { $24\bedrock_ea_decode_pkg_bedrock_decode_extended_ea$func$../build/yosys/bedrock_full_decode_sv2v.v:4223$1006.r[35:13]$1195 [17] $24\bedrock_ea_decode_pkg_bedrock_decode_extended_ea$func$../build/yosys/bedrock_full_decode_sv2v.v:4223$1006.r[35:13]$1195 [17] 2'00 }
    Consolidated identical input bits for $mux cell $procmux$5518:
      Old ports: A=2'11, B=2'00, Y=$26\bedrock_ea_decode_pkg_bedrock_decode_extended_ea$func$../build/yosys/bedrock_full_decode_sv2v.v:4223$1006.r[7:0]$1201 [1:0]
      New ports: A=1'1, B=1'0, Y=$26\bedrock_ea_decode_pkg_bedrock_decode_extended_ea$func$../build/yosys/bedrock_full_decode_sv2v.v:4223$1006.r[7:0]$1201 [0]
      New connections: $26\bedrock_ea_decode_pkg_bedrock_decode_extended_ea$func$../build/yosys/bedrock_full_decode_sv2v.v:4223$1006.r[7:0]$1201 [1] = $26\bedrock_ea_decode_pkg_bedrock_decode_extended_ea$func$../build/yosys/bedrock_full_decode_sv2v.v:4223$1006.r[7:0]$1201 [0]
    Consolidated identical input bits for $pmux cell $procmux$12358:
      Old ports: A=6'000000, B=114'010011010010010001010000001111001110001101001100001011001010001001001000000111000110000101000100000011000010000001, Y=$0\bedrock_ea_decode_pkg_bedrock_decode_compact_ea$func$../build/yosys/bedrock_full_decode_sv2v.v:4221$1005.$result[39:0]$1027 [35:30]
      New ports: A=5'00000, B=95'10011100101000110000011110111001101011000101101010010010100000111001100010100100000110001000001, Y=$0\bedrock_ea_decode_pkg_bedrock_decode_compact_ea$func$../build/yosys/bedrock_full_decode_sv2v.v:4221$1005.$result[39:0]$1027 [34:30]
      New connections: $0\bedrock_ea_decode_pkg_bedrock_decode_compact_ea$func$../build/yosys/bedrock_full_decode_sv2v.v:4221$1005.$result[39:0]$1027 [35] = 1'0
    Consolidated identical input bits for $mux cell $procmux$5453:
      Old ports: A=3'101, B=3'000, Y=$30\bedrock_ea_decode_pkg_bedrock_decode_extended_ea$func$../build/yosys/bedrock_full_decode_sv2v.v:4223$1006.r[35:16]$1209 [4:2]
      New ports: A=1'1, B=1'0, Y=$30\bedrock_ea_decode_pkg_bedrock_decode_extended_ea$func$../build/yosys/bedrock_full_decode_sv2v.v:4223$1006.r[35:16]$1209 [2]
      New connections: $30\bedrock_ea_decode_pkg_bedrock_decode_extended_ea$func$../build/yosys/bedrock_full_decode_sv2v.v:4223$1006.r[35:16]$1209 [4:3] = { $30\bedrock_ea_decode_pkg_bedrock_decode_extended_ea$func$../build/yosys/bedrock_full_decode_sv2v.v:4223$1006.r[35:16]$1209 [2] 1'0 }
    Consolidated identical input bits for $mux cell $procmux$5233:
      Old ports: A=3'100, B=3'000, Y=$32\bedrock_ea_decode_pkg_bedrock_decode_extended_ea$func$../build/yosys/bedrock_full_decode_sv2v.v:4223$1006.r[7:0]$1215 [5:3]
      New ports: A=1'1, B=1'0, Y=$32\bedrock_ea_decode_pkg_bedrock_decode_extended_ea$func$../build/yosys/bedrock_full_decode_sv2v.v:4223$1006.r[7:0]$1215 [5]
      New connections: $32\bedrock_ea_decode_pkg_bedrock_decode_extended_ea$func$../build/yosys/bedrock_full_decode_sv2v.v:4223$1006.r[7:0]$1215 [4:3] = 2'00
    Consolidated identical input bits for $pmux cell $procmux$2441:
      Old ports: A={ 12'000000000001 $2\bedrock_ea_decode_pkg_bedrock_ea_segment_decode$func$../build/yosys/bedrock_full_decode_sv2v.v:3623$1007.$result[2:0]$1105 5'00000 }, B={ $4\bedrock_ea_decode_pkg_bedrock_decode_extended_ea$func$../build/yosys/bedrock_full_decode_sv2v.v:4223$1006.r[36:0]$1135 [35:30] 6'010011 $4\bedrock_ea_decode_pkg_bedrock_decode_extended_ea$func$../build/yosys/bedrock_full_decode_sv2v.v:4223$1006.r[36:0]$1135 [23:21] 5'01011 $8\bedrock_ea_decode_pkg_bedrock_decode_extended_ea$func$../build/yosys/bedrock_full_decode_sv2v.v:4223$1006.r[36:0]$1148 [35:30] 6'010011 $8\bedrock_ea_decode_pkg_bedrock_decode_extended_ea$func$../build/yosys/bedrock_full_decode_sv2v.v:4223$1006.r[36:0]$1148 [23:21] 5'01011 $12\bedrock_ea_decode_pkg_bedrock_decode_extended_ea$func$../build/yosys/bedrock_full_decode_sv2v.v:4223$1006.r[36:0]$1161 [35:30] 6'010011 $12\bedrock_ea_decode_pkg_bedrock_decode_extended_ea$func$../build/yosys/bedrock_full_decode_sv2v.v:4223$1006.r[36:0]$1161 [23:21] 5'01011 $16\bedrock_ea_decode_pkg_bedrock_decode_extended_ea$func$../build/yosys/bedrock_full_decode_sv2v.v:4223$1006.r[36:0]$1174 [35:30] 6'010011 $16\bedrock_ea_decode_pkg_bedrock_decode_extended_ea$func$../build/yosys/bedrock_full_decode_sv2v.v:4223$1006.r[36:0]$1174 [23:21] 6'010110 $21\bedrock_ea_decode_pkg_bedrock_decode_extended_ea$func$../build/yosys/bedrock_full_decode_sv2v.v:4223$1006.r[35:13]$1188 [21:17] 1'0 $20\bedrock_ea_decode_pkg_bedrock_decode_extended_ea$func$../build/yosys/bedrock_full_decode_sv2v.v:4223$1006.r[7:0]$1187 1'0 $20\bedrock_ea_decode_pkg_bedrock_decode_extended_ea$func$../build/yosys/bedrock_full_decode_sv2v.v:4223$1006.r[7:0]$1187 $20\bedrock_ea_decode_pkg_bedrock_decode_extended_ea$func$../build/yosys/bedrock_full_decode_sv2v.v:4223$1006.r[7:0]$1187 1'1 $21\bedrock_ea_decode_pkg_bedrock_decode_extended_ea$func$../build/yosys/bedrock_full_decode_sv2v.v:4223$1006.r[35:13]$1188 [10:8] 1'0 $21\bedrock_ea_decode_pkg_bedrock_decode_extended_ea$func$../build/yosys/bedrock_full_decode_sv2v.v:4223$1006.r[35:13]$1188 [6:5] $20\bedrock_ea_decode_pkg_bedrock_decode_extended_ea$func$../build/yosys/bedrock_full_decode_sv2v.v:4223$1006.r[7:0]$1187 2'00 $24\bedrock_ea_decode_pkg_bedrock_decode_extended_ea$func$../build/yosys/bedrock_full_decode_sv2v.v:4223$1006.r[35:13]$1195 [21:17] 1'0 $20\bedrock_ea_decode_pkg_bedrock_decode_extended_ea$func$../build/yosys/bedrock_full_decode_sv2v.v:4223$1006.r[7:0]$1187 2'00 $20\bedrock_ea_decode_pkg_bedrock_decode_extended_ea$func$../build/yosys/bedrock_full_decode_sv2v.v:4223$1006.r[7:0]$1187 1'1 $24\bedrock_ea_decode_pkg_bedrock_decode_extended_ea$func$../build/yosys/bedrock_full_decode_sv2v.v:4223$1006.r[35:13]$1195 [10:8] 1'0 $21\bedrock_ea_decode_pkg_bedrock_decode_extended_ea$func$../build/yosys/bedrock_full_decode_sv2v.v:4223$1006.r[35:13]$1188 [6:5] $20\bedrock_ea_decode_pkg_bedrock_decode_extended_ea$func$../build/yosys/bedrock_full_decode_sv2v.v:4223$1006.r[7:0]$1187 2'00 $27\bedrock_ea_decode_pkg_bedrock_decode_extended_ea$func$../build/yosys/bedrock_full_decode_sv2v.v:4223$1006.r[35:13]$1202 [21:17] 1'0 $20\bedrock_ea_decode_pkg_bedrock_decode_extended_ea$func$../build/yosys/bedrock_full_decode_sv2v.v:4223$1006.r[7:0]$1187 2'00 $20\bedrock_ea_decode_pkg_bedrock_decode_extended_ea$func$../build/yosys/bedrock_full_decode_sv2v.v:4223$1006.r[7:0]$1187 1'1 $27\bedrock_ea_decode_pkg_bedrock_decode_extended_ea$func$../build/yosys/bedrock_full_decode_sv2v.v:4223$1006.r[35:13]$1202 [10:8] 1'0 $21\bedrock_ea_decode_pkg_bedrock_decode_extended_ea$func$../build/yosys/bedrock_full_decode_sv2v.v:4223$1006.r[35:13]$1188 [6:5] $20\bedrock_ea_decode_pkg_bedrock_decode_extended_ea$func$../build/yosys/bedrock_full_decode_sv2v.v:4223$1006.r[7:0]$1187 2'00 $30\bedrock_ea_decode_pkg_bedrock_decode_extended_ea$func$../build/yosys/bedrock_full_decode_sv2v.v:4223$1006.r[35:16]$1209 [18:14] 1'0 $20\bedrock_ea_decode_pkg_bedrock_decode_extended_ea$func$../build/yosys/bedrock_full_decode_sv2v.v:4223$1006.r[7:0]$1187 2'00 $20\bedrock_ea_decode_pkg_bedrock_decode_extended_ea$func$../build/yosys/bedrock_full_decode_sv2v.v:4223$1006.r[7:0]$1187 1'1 $30\bedrock_ea_decode_pkg_bedrock_decode_extended_ea$func$../build/yosys/bedrock_full_decode_sv2v.v:4223$1006.r[35:16]$1209 [7:2] 3'000 $33\bedrock_ea_decode_pkg_bedrock_decode_extended_ea$func$../build/yosys/bedrock_full_decode_sv2v.v:4223$1006.r[35:16]$1216 [18:14] 1'0 $20\bedrock_ea_decode_pkg_bedrock_decode_extended_ea$func$../build/yosys/bedrock_full_decode_sv2v.v:4223$1006.r[7:0]$1187 2'00 $20\bedrock_ea_decode_pkg_bedrock_decode_extended_ea$func$../build/yosys/bedrock_full_decode_sv2v.v:4223$1006.r[7:0]$1187 1'1 $33\bedrock_ea_decode_pkg_bedrock_decode_extended_ea$func$../build/yosys/bedrock_full_decode_sv2v.v:4223$1006.r[35:16]$1216 [7:5] $30\bedrock_ea_decode_pkg_bedrock_decode_extended_ea$func$../build/yosys/bedrock_full_decode_sv2v.v:4223$1006.r[35:16]$1209 [4:2] 2'00 $36\bedrock_ea_decode_pkg_bedrock_decode_extended_ea$func$../build/yosys/bedrock_full_decode_sv2v.v:4223$1006.r[36:16]$1223 [19:14] 5'01000 $36\bedrock_ea_decode_pkg_bedrock_decode_extended_ea$func$../build/yosys/bedrock_full_decode_sv2v.v:4223$1006.r[36:16]$1223 [8] 8'11110001 $42\bedrock_ea_decode_pkg_bedrock_decode_extended_ea$func$../build/yosys/bedrock_full_decode_sv2v.v:4223$1006.r[36:16]$1232 [19:14] 5'01000 $36\bedrock_ea_decode_pkg_bedrock_decode_extended_ea$func$../build/yosys/bedrock_full_decode_sv2v.v:4223$1006.r[36:16]$1223 [8] 8'11110001 $48\bedrock_ea_decode_pkg_bedrock_decode_extended_ea$func$../build/yosys/bedrock_full_decode_sv2v.v:4223$1006.r[36:16]$1241 [19:14] 5'01000 $36\bedrock_ea_decode_pkg_bedrock_decode_extended_ea$func$../build/yosys/bedrock_full_decode_sv2v.v:4223$1006.r[36:16]$1223 [8] 10'1111000110 $54\bedrock_ea_decode_pkg_bedrock_decode_extended_ea$func$../build/yosys/bedrock_full_decode_sv2v.v:4223$1006.r[36:16]$1250 [17:14] 5'01000 $36\bedrock_ea_decode_pkg_bedrock_decode_extended_ea$func$../build/yosys/bedrock_full_decode_sv2v.v:4223$1006.r[36:16]$1223 [8] 10'0000110110 $60\bedrock_ea_decode_pkg_bedrock_decode_extended_ea$func$../build/yosys/bedrock_full_decode_sv2v.v:4223$1006.r[36:16]$1259 [17:14] 5'01000 $36\bedrock_ea_decode_pkg_bedrock_decode_extended_ea$func$../build/yosys/bedrock_full_decode_sv2v.v:4223$1006.r[36:16]$1223 [8] 10'0000110110 $66\bedrock_ea_decode_pkg_bedrock_decode_extended_ea$func$../build/yosys/bedrock_full_decode_sv2v.v:4223$1006.r[36:16]$1268 [17:14] 5'01000 $36\bedrock_ea_decode_pkg_bedrock_decode_extended_ea$func$../build/yosys/bedrock_full_decode_sv2v.v:4223$1006.r[36:16]$1223 [8] 8'00001101 }, Y=$1\bedrock_ea_decode_pkg_bedrock_decode_ea$func$../build/yosys/bedrock_full_decode_sv2v.v:4235$1004.$result[39:0]$1068 [35:16]
      New ports: A={ 10'0000000001 $2\bedrock_ea_decode_pkg_bedrock_ea_segment_decode$func$../build/yosys/bedrock_full_decode_sv2v.v:3623$1007.$result[2:0]$1105 5'00000 }, B={ $4\bedrock_ea_decode_pkg_bedrock_decode_extended_ea$func$../build/yosys/bedrock_full_decode_sv2v.v:4223$1006.r[36:0]$1135 [35:30] 4'1011 $4\bedrock_ea_decode_pkg_bedrock_decode_extended_ea$func$../build/yosys/bedrock_full_decode_sv2v.v:4223$1006.r[36:0]$1135 [23:21] 5'01011 $8\bedrock_ea_decode_pkg_bedrock_decode_extended_ea$func$../build/yosys/bedrock_full_decode_sv2v.v:4223$1006.r[36:0]$1148 [35:30] 4'1011 $8\bedrock_ea_decode_pkg_bedrock_decode_extended_ea$func$../build/yosys/bedrock_full_decode_sv2v.v:4223$1006.r[36:0]$1148 [23:21] 5'01011 $12\bedrock_ea_decode_pkg_bedrock_decode_extended_ea$func$../build/yosys/bedrock_full_decode_sv2v.v:4223$1006.r[36:0]$1161 [35:30] 4'1011 $12\bedrock_ea_decode_pkg_bedrock_decode_extended_ea$func$../build/yosys/bedrock_full_decode_sv2v.v:4223$1006.r[36:0]$1161 [23:21] 5'01011 $16\bedrock_ea_decode_pkg_bedrock_decode_extended_ea$func$../build/yosys/bedrock_full_decode_sv2v.v:4223$1006.r[36:0]$1174 [35:30] 4'1011 $16\bedrock_ea_decode_pkg_bedrock_decode_extended_ea$func$../build/yosys/bedrock_full_decode_sv2v.v:4223$1006.r[36:0]$1174 [23:21] 6'010110 $21\bedrock_ea_decode_pkg_bedrock_decode_extended_ea$func$../build/yosys/bedrock_full_decode_sv2v.v:4223$1006.r[35:13]$1188 [21:17] $20\bedrock_ea_decode_pkg_bedrock_decode_extended_ea$func$../build/yosys/bedrock_full_decode_sv2v.v:4223$1006.r[7:0]$1187 $20\bedrock_ea_decode_pkg_bedrock_decode_extended_ea$func$../build/yosys/bedrock_full_decode_sv2v.v:4223$1006.r[7:0]$1187 $20\bedrock_ea_decode_pkg_bedrock_decode_extended_ea$func$../build/yosys/bedrock_full_decode_sv2v.v:4223$1006.r[7:0]$1187 1'1 $21\bedrock_ea_decode_pkg_bedrock_decode_extended_ea$func$../build/yosys/bedrock_full_decode_sv2v.v:4223$1006.r[35:13]$1188 [10:8] 1'0 $21\bedrock_ea_decode_pkg_bedrock_decode_extended_ea$func$../build/yosys/bedrock_full_decode_sv2v.v:4223$1006.r[35:13]$1188 [6:5] $20\bedrock_ea_decode_pkg_bedrock_decode_extended_ea$func$../build/yosys/bedrock_full_decode_sv2v.v:4223$1006.r[7:0]$1187 2'00 $24\bedrock_ea_decode_pkg_bedrock_decode_extended_ea$func$../build/yosys/bedrock_full_decode_sv2v.v:4223$1006.r[35:13]$1195 [21:17] $20\bedrock_ea_decode_pkg_bedrock_decode_extended_ea$func$../build/yosys/bedrock_full_decode_sv2v.v:4223$1006.r[7:0]$1187 1'0 $20\bedrock_ea_decode_pkg_bedrock_decode_extended_ea$func$../build/yosys/bedrock_full_decode_sv2v.v:4223$1006.r[7:0]$1187 1'1 $24\bedrock_ea_decode_pkg_bedrock_decode_extended_ea$func$../build/yosys/bedrock_full_decode_sv2v.v:4223$1006.r[35:13]$1195 [10:8] 1'0 $21\bedrock_ea_decode_pkg_bedrock_decode_extended_ea$func$../build/yosys/bedrock_full_decode_sv2v.v:4223$1006.r[35:13]$1188 [6:5] $20\bedrock_ea_decode_pkg_bedrock_decode_extended_ea$func$../build/yosys/bedrock_full_decode_sv2v.v:4223$1006.r[7:0]$1187 2'00 $27\bedrock_ea_decode_pkg_bedrock_decode_extended_ea$func$../build/yosys/bedrock_full_decode_sv2v.v:4223$1006.r[35:13]$1202 [21:17] $20\bedrock_ea_decode_pkg_bedrock_decode_extended_ea$func$../build/yosys/bedrock_full_decode_sv2v.v:4223$1006.r[7:0]$1187 1'0 $20\bedrock_ea_decode_pkg_bedrock_decode_extended_ea$func$../build/yosys/bedrock_full_decode_sv2v.v:4223$1006.r[7:0]$1187 1'1 $27\bedrock_ea_decode_pkg_bedrock_decode_extended_ea$func$../build/yosys/bedrock_full_decode_sv2v.v:4223$1006.r[35:13]$1202 [10:8] 1'0 $21\bedrock_ea_decode_pkg_bedrock_decode_extended_ea$func$../build/yosys/bedrock_full_decode_sv2v.v:4223$1006.r[35:13]$1188 [6:5] $20\bedrock_ea_decode_pkg_bedrock_decode_extended_ea$func$../build/yosys/bedrock_full_decode_sv2v.v:4223$1006.r[7:0]$1187 2'00 $30\bedrock_ea_decode_pkg_bedrock_decode_extended_ea$func$../build/yosys/bedrock_full_decode_sv2v.v:4223$1006.r[35:16]$1209 [18:14] $20\bedrock_ea_decode_pkg_bedrock_decode_extended_ea$func$../build/yosys/bedrock_full_decode_sv2v.v:4223$1006.r[7:0]$1187 1'0 $20\bedrock_ea_decode_pkg_bedrock_decode_extended_ea$func$../build/yosys/bedrock_full_decode_sv2v.v:4223$1006.r[7:0]$1187 1'1 $30\bedrock_ea_decode_pkg_bedrock_decode_extended_ea$func$../build/yosys/bedrock_full_decode_sv2v.v:4223$1006.r[35:16]$1209 [7:2] 3'000 $33\bedrock_ea_decode_pkg_bedrock_decode_extended_ea$func$../build/yosys/bedrock_full_decode_sv2v.v:4223$1006.r[35:16]$1216 [18:14] $20\bedrock_ea_decode_pkg_bedrock_decode_extended_ea$func$../build/yosys/bedrock_full_decode_sv2v.v:4223$1006.r[7:0]$1187 1'0 $20\bedrock_ea_decode_pkg_bedrock_decode_extended_ea$func$../build/yosys/bedrock_full_decode_sv2v.v:4223$1006.r[7:0]$1187 1'1 $33\bedrock_ea_decode_pkg_bedrock_decode_extended_ea$func$../build/yosys/bedrock_full_decode_sv2v.v:4223$1006.r[35:16]$1216 [7:5] $30\bedrock_ea_decode_pkg_bedrock_decode_extended_ea$func$../build/yosys/bedrock_full_decode_sv2v.v:4223$1006.r[35:16]$1209 [4:2] 2'00 $36\bedrock_ea_decode_pkg_bedrock_decode_extended_ea$func$../build/yosys/bedrock_full_decode_sv2v.v:4223$1006.r[36:16]$1223 [19:14] 3'100 $36\bedrock_ea_decode_pkg_bedrock_decode_extended_ea$func$../build/yosys/bedrock_full_decode_sv2v.v:4223$1006.r[36:16]$1223 [8] 8'11110001 $42\bedrock_ea_decode_pkg_bedrock_decode_extended_ea$func$../build/yosys/bedrock_full_decode_sv2v.v:4223$1006.r[36:16]$1232 [19:14] 3'100 $36\bedrock_ea_decode_pkg_bedrock_decode_extended_ea$func$../build/yosys/bedrock_full_decode_sv2v.v:4223$1006.r[36:16]$1223 [8] 8'11110001 $48\bedrock_ea_decode_pkg_bedrock_decode_extended_ea$func$../build/yosys/bedrock_full_decode_sv2v.v:4223$1006.r[36:16]$1241 [19:14] 3'100 $36\bedrock_ea_decode_pkg_bedrock_decode_extended_ea$func$../build/yosys/bedrock_full_decode_sv2v.v:4223$1006.r[36:16]$1223 [8] 10'1111000110 $54\bedrock_ea_decode_pkg_bedrock_decode_extended_ea$func$../build/yosys/bedrock_full_decode_sv2v.v:4223$1006.r[36:16]$1250 [17:14] 3'100 $36\bedrock_ea_decode_pkg_bedrock_decode_extended_ea$func$../build/yosys/bedrock_full_decode_sv2v.v:4223$1006.r[36:16]$1223 [8] 10'0000110110 $60\bedrock_ea_decode_pkg_bedrock_decode_extended_ea$func$../build/yosys/bedrock_full_decode_sv2v.v:4223$1006.r[36:16]$1259 [17:14] 3'100 $36\bedrock_ea_decode_pkg_bedrock_decode_extended_ea$func$../build/yosys/bedrock_full_decode_sv2v.v:4223$1006.r[36:16]$1223 [8] 10'0000110110 $66\bedrock_ea_decode_pkg_bedrock_decode_extended_ea$func$../build/yosys/bedrock_full_decode_sv2v.v:4223$1006.r[36:16]$1268 [17:14] 3'100 $36\bedrock_ea_decode_pkg_bedrock_decode_extended_ea$func$../build/yosys/bedrock_full_decode_sv2v.v:4223$1006.r[36:16]$1223 [8] 8'00001101 }, Y={ $1\bedrock_ea_decode_pkg_bedrock_decode_ea$func$../build/yosys/bedrock_full_decode_sv2v.v:4235$1004.$result[39:0]$1068 [35:30] $1\bedrock_ea_decode_pkg_bedrock_decode_ea$func$../build/yosys/bedrock_full_decode_sv2v.v:4235$1004.$result[39:0]$1068 [28] $1\bedrock_ea_decode_pkg_bedrock_decode_ea$func$../build/yosys/bedrock_full_decode_sv2v.v:4235$1004.$result[39:0]$1068 [26:16] }
      New connections: { $1\bedrock_ea_decode_pkg_bedrock_decode_ea$func$../build/yosys/bedrock_full_decode_sv2v.v:4235$1004.$result[39:0]$1068 [29] $1\bedrock_ea_decode_pkg_bedrock_decode_ea$func$../build/yosys/bedrock_full_decode_sv2v.v:4235$1004.$result[39:0]$1068 [27] } = 2'00
    Consolidated identical input bits for $mux cell $procmux$6474:
      Old ports: A=5'11010, B=5'00000, Y=$27\bedrock_ea_decode_pkg_bedrock_decode_extended_ea$func$../build/yosys/bedrock_full_decode_sv2v.v:4223$1006.r[35:13]$1202 [21:17]
      New ports: A=1'1, B=1'0, Y=$27\bedrock_ea_decode_pkg_bedrock_decode_extended_ea$func$../build/yosys/bedrock_full_decode_sv2v.v:4223$1006.r[35:13]$1202 [18]
      New connections: { $27\bedrock_ea_decode_pkg_bedrock_decode_extended_ea$func$../build/yosys/bedrock_full_decode_sv2v.v:4223$1006.r[35:13]$1202 [21:19] $27\bedrock_ea_decode_pkg_bedrock_decode_extended_ea$func$../build/yosys/bedrock_full_decode_sv2v.v:4223$1006.r[35:13]$1202 [17] } = { $27\bedrock_ea_decode_pkg_bedrock_decode_extended_ea$func$../build/yosys/bedrock_full_decode_sv2v.v:4223$1006.r[35:13]$1202 [18] $27\bedrock_ea_decode_pkg_bedrock_decode_extended_ea$func$../build/yosys/bedrock_full_decode_sv2v.v:4223$1006.r[35:13]$1202 [18] 2'00 }
    Consolidated identical input bits for $mux cell $procmux$10250:
      Old ports: A=6'010101, B=6'100100, Y=$8\bedrock_ea_decode_pkg_bedrock_decode_extended_ea$func$../build/yosys/bedrock_full_decode_sv2v.v:4223$1006.r[36:0]$1148 [35:30]
      New ports: A=2'01, B=2'10, Y={ $8\bedrock_ea_decode_pkg_bedrock_decode_extended_ea$func$../build/yosys/bedrock_full_decode_sv2v.v:4223$1006.r[36:0]$1148 [35] $8\bedrock_ea_decode_pkg_bedrock_decode_extended_ea$func$../build/yosys/bedrock_full_decode_sv2v.v:4223$1006.r[36:0]$1148 [30] }
      New connections: $8\bedrock_ea_decode_pkg_bedrock_decode_extended_ea$func$../build/yosys/bedrock_full_decode_sv2v.v:4223$1006.r[36:0]$1148 [34:31] = { $8\bedrock_ea_decode_pkg_bedrock_decode_extended_ea$func$../build/yosys/bedrock_full_decode_sv2v.v:4223$1006.r[36:0]$1148 [30] 3'010 }
    Consolidated identical input bits for $mux cell $procmux$11952:
      Old ports: A=2'00, B=2'11, Y=$1\bedrock_ea_decode_pkg_bedrock_decode_ea$func$../build/yosys/bedrock_full_decode_sv2v.v:4235$1004._sv2v_jump[1:0]$1069
      New ports: A=1'0, B=1'1, Y=$1\bedrock_ea_decode_pkg_bedrock_decode_ea$func$../build/yosys/bedrock_full_decode_sv2v.v:4235$1004._sv2v_jump[1:0]$1069 [0]
      New connections: $1\bedrock_ea_decode_pkg_bedrock_decode_ea$func$../build/yosys/bedrock_full_decode_sv2v.v:4235$1004._sv2v_jump[1:0]$1069 [1] = $1\bedrock_ea_decode_pkg_bedrock_decode_ea$func$../build/yosys/bedrock_full_decode_sv2v.v:4235$1004._sv2v_jump[1:0]$1069 [0]
    Consolidated identical input bits for $mux cell $procmux$2012:
      Old ports: A={ $1\bedrock_ea_decode_pkg_bedrock_decode_ea$func$../build/yosys/bedrock_full_decode_sv2v.v:4235$1004.$result[39:0]$1068 [39:38] 1'0 $0\bedrock_ea_decode_pkg_bedrock_decode_compact_ea$func$../build/yosys/bedrock_full_decode_sv2v.v:4221$1005.$result[39:0]$1027 [36] $1\bedrock_ea_decode_pkg_bedrock_decode_ea$func$../build/yosys/bedrock_full_decode_sv2v.v:4235$1004.$result[39:0]$1068 [35:0] }, B={ $0\bedrock_ea_decode_pkg_bedrock_decode_compact_ea$func$../build/yosys/bedrock_full_decode_sv2v.v:4221$1005.$result[39:0]$1027 [39:26] 2'01 $0\bedrock_ea_decode_pkg_bedrock_decode_compact_ea$func$../build/yosys/bedrock_full_decode_sv2v.v:4221$1005.$result[39:0]$1027 [23:17] 1'0 $0\bedrock_ea_decode_pkg_bedrock_decode_compact_ea$func$../build/yosys/bedrock_full_decode_sv2v.v:4221$1005.$result[39:0]$1027 [15:13] 5'00000 $0\bedrock_ea_decode_pkg_bedrock_decode_compact_ea$func$../build/yosys/bedrock_full_decode_sv2v.v:4221$1005.$result[39:0]$1027 [7:0] }, Y=\decode
      New ports: A={ $1\bedrock_ea_decode_pkg_bedrock_decode_ea$func$../build/yosys/bedrock_full_decode_sv2v.v:4235$1004.$result[39:0]$1068 [39:38] 1'0 $1\bedrock_ea_decode_pkg_bedrock_decode_ea$func$../build/yosys/bedrock_full_decode_sv2v.v:4235$1004.$result[39:0]$1068 [35:0] }, B={ $0\bedrock_ea_decode_pkg_bedrock_decode_compact_ea$func$../build/yosys/bedrock_full_decode_sv2v.v:4221$1005.$result[39:0]$1027 [39:37] $0\bedrock_ea_decode_pkg_bedrock_decode_compact_ea$func$../build/yosys/bedrock_full_decode_sv2v.v:4221$1005.$result[39:0]$1027 [35:26] 2'01 $0\bedrock_ea_decode_pkg_bedrock_decode_compact_ea$func$../build/yosys/bedrock_full_decode_sv2v.v:4221$1005.$result[39:0]$1027 [23:17] 1'0 $0\bedrock_ea_decode_pkg_bedrock_decode_compact_ea$func$../build/yosys/bedrock_full_decode_sv2v.v:4221$1005.$result[39:0]$1027 [15:13] 5'00000 $0\bedrock_ea_decode_pkg_bedrock_decode_compact_ea$func$../build/yosys/bedrock_full_decode_sv2v.v:4221$1005.$result[39:0]$1027 [7:0] }, Y={ \decode [39:37] \decode [35:0] }
      New connections: \decode [36] = $0\bedrock_ea_decode_pkg_bedrock_decode_compact_ea$func$../build/yosys/bedrock_full_decode_sv2v.v:4221$1005.$result[39:0]$1027 [36]
    Consolidated identical input bits for $mux cell $memory$auto$proc_rom.cc:155:do_switch$1733$rdmux[0][2][3]$19116:
      Old ports: A=3'101, B=3'110, Y=$memory$auto$proc_rom.cc:155:do_switch$1733$rdmux[0][1][1]$b$19106
      New ports: A=2'01, B=2'10, Y=$memory$auto$proc_rom.cc:155:do_switch$1733$rdmux[0][1][1]$b$19106 [1:0]
      New connections: $memory$auto$proc_rom.cc:155:do_switch$1733$rdmux[0][1][1]$b$19106 [2] = 1'1
    Consolidated identical input bits for $mux cell $memory$auto$proc_rom.cc:155:do_switch$1729$rdmux[0][2][3]$19137:
      Old ports: A=3'101, B=3'110, Y=$memory$auto$proc_rom.cc:155:do_switch$1729$rdmux[0][1][1]$b$19127
      New ports: A=2'01, B=2'10, Y=$memory$auto$proc_rom.cc:155:do_switch$1729$rdmux[0][1][1]$b$19127 [1:0]
      New connections: $memory$auto$proc_rom.cc:155:do_switch$1729$rdmux[0][1][1]$b$19127 [2] = 1'1
    Consolidated identical input bits for $mux cell $memory$auto$proc_rom.cc:155:do_switch$1725$rdmux[0][2][3]$19158:
      Old ports: A=3'101, B=3'110, Y=$memory$auto$proc_rom.cc:155:do_switch$1725$rdmux[0][1][1]$b$19148
      New ports: A=2'01, B=2'10, Y=$memory$auto$proc_rom.cc:155:do_switch$1725$rdmux[0][1][1]$b$19148 [1:0]
      New connections: $memory$auto$proc_rom.cc:155:do_switch$1725$rdmux[0][1][1]$b$19148 [2] = 1'1
    Consolidated identical input bits for $mux cell $memory$auto$proc_rom.cc:155:do_switch$1721$rdmux[0][2][3]$19179:
      Old ports: A=3'101, B=3'110, Y=$memory$auto$proc_rom.cc:155:do_switch$1721$rdmux[0][1][1]$b$19169
      New ports: A=2'01, B=2'10, Y=$memory$auto$proc_rom.cc:155:do_switch$1721$rdmux[0][1][1]$b$19169 [1:0]
      New connections: $memory$auto$proc_rom.cc:155:do_switch$1721$rdmux[0][1][1]$b$19169 [2] = 1'1
    Consolidated identical input bits for $mux cell $memory$auto$proc_rom.cc:155:do_switch$1717$rdmux[0][2][3]$19200:
      Old ports: A=3'101, B=3'110, Y=$memory$auto$proc_rom.cc:155:do_switch$1717$rdmux[0][1][1]$b$19190
      New ports: A=2'01, B=2'10, Y=$memory$auto$proc_rom.cc:155:do_switch$1717$rdmux[0][1][1]$b$19190 [1:0]
      New connections: $memory$auto$proc_rom.cc:155:do_switch$1717$rdmux[0][1][1]$b$19190 [2] = 1'1
    Consolidated identical input bits for $mux cell $memory$auto$proc_rom.cc:155:do_switch$1713$rdmux[0][2][3]$19221:
      Old ports: A=3'101, B=3'110, Y=$memory$auto$proc_rom.cc:155:do_switch$1713$rdmux[0][1][1]$b$19211
      New ports: A=2'01, B=2'10, Y=$memory$auto$proc_rom.cc:155:do_switch$1713$rdmux[0][1][1]$b$19211 [1:0]
      New connections: $memory$auto$proc_rom.cc:155:do_switch$1713$rdmux[0][1][1]$b$19211 [2] = 1'1
    Consolidated identical input bits for $mux cell $memory$auto$proc_rom.cc:155:do_switch$1709$rdmux[0][2][3]$19242:
      Old ports: A=3'101, B=3'110, Y=$memory$auto$proc_rom.cc:155:do_switch$1709$rdmux[0][1][1]$b$19232
      New ports: A=2'01, B=2'10, Y=$memory$auto$proc_rom.cc:155:do_switch$1709$rdmux[0][1][1]$b$19232 [1:0]
      New connections: $memory$auto$proc_rom.cc:155:do_switch$1709$rdmux[0][1][1]$b$19232 [2] = 1'1
    Consolidated identical input bits for $mux cell $memory$auto$proc_rom.cc:155:do_switch$1705$rdmux[0][2][3]$19263:
      Old ports: A=3'101, B=3'110, Y=$memory$auto$proc_rom.cc:155:do_switch$1705$rdmux[0][1][1]$b$19253
      New ports: A=2'01, B=2'10, Y=$memory$auto$proc_rom.cc:155:do_switch$1705$rdmux[0][1][1]$b$19253 [1:0]
      New connections: $memory$auto$proc_rom.cc:155:do_switch$1705$rdmux[0][1][1]$b$19253 [2] = 1'1
    Consolidated identical input bits for $mux cell $procmux$5534:
      Old ports: A=2'10, B=2'00, Y=$21\bedrock_ea_decode_pkg_bedrock_decode_extended_ea$func$../build/yosys/bedrock_full_decode_sv2v.v:4223$1006.r[35:13]$1188 [6:5]
      New ports: A=1'1, B=1'0, Y=$21\bedrock_ea_decode_pkg_bedrock_decode_extended_ea$func$../build/yosys/bedrock_full_decode_sv2v.v:4223$1006.r[35:13]$1188 [6]
      New connections: $21\bedrock_ea_decode_pkg_bedrock_decode_extended_ea$func$../build/yosys/bedrock_full_decode_sv2v.v:4223$1006.r[35:13]$1188 [5] = 1'0
    Consolidated identical input bits for $mux cell $memory$auto$proc_rom.cc:155:do_switch$1701$rdmux[0][2][3]$19284:
      Old ports: A=3'101, B=3'110, Y=$memory$auto$proc_rom.cc:155:do_switch$1701$rdmux[0][1][1]$b$19274
      New ports: A=2'01, B=2'10, Y=$memory$auto$proc_rom.cc:155:do_switch$1701$rdmux[0][1][1]$b$19274 [1:0]
      New connections: $memory$auto$proc_rom.cc:155:do_switch$1701$rdmux[0][1][1]$b$19274 [2] = 1'1
    Consolidated identical input bits for $mux cell $procmux$9081:
      Old ports: A=6'010110, B=6'100101, Y=$12\bedrock_ea_decode_pkg_bedrock_decode_extended_ea$func$../build/yosys/bedrock_full_decode_sv2v.v:4223$1006.r[36:0]$1161 [35:30]
      New ports: A=2'10, B=2'01, Y=$12\bedrock_ea_decode_pkg_bedrock_decode_extended_ea$func$../build/yosys/bedrock_full_decode_sv2v.v:4223$1006.r[36:0]$1161 [31:30]
      New connections: $12\bedrock_ea_decode_pkg_bedrock_decode_extended_ea$func$../build/yosys/bedrock_full_decode_sv2v.v:4223$1006.r[36:0]$1161 [35:32] = { $12\bedrock_ea_decode_pkg_bedrock_decode_extended_ea$func$../build/yosys/bedrock_full_decode_sv2v.v:4223$1006.r[36:0]$1161 [30] $12\bedrock_ea_decode_pkg_bedrock_decode_extended_ea$func$../build/yosys/bedrock_full_decode_sv2v.v:4223$1006.r[36:0]$1161 [31] 2'01 }
    Consolidated identical input bits for $mux cell $memory$auto$proc_rom.cc:155:do_switch$1697$rdmux[0][2][3]$19305:
      Old ports: A=3'101, B=3'110, Y=$memory$auto$proc_rom.cc:155:do_switch$1697$rdmux[0][1][1]$b$19295
      New ports: A=2'01, B=2'10, Y=$memory$auto$proc_rom.cc:155:do_switch$1697$rdmux[0][1][1]$b$19295 [1:0]
      New connections: $memory$auto$proc_rom.cc:155:do_switch$1697$rdmux[0][1][1]$b$19295 [2] = 1'1
    Consolidated identical input bits for $mux cell $memory$auto$proc_rom.cc:155:do_switch$1693$rdmux[0][2][3]$19326:
      Old ports: A=3'101, B=3'110, Y=$memory$auto$proc_rom.cc:155:do_switch$1693$rdmux[0][1][1]$b$19316
      New ports: A=2'01, B=2'10, Y=$memory$auto$proc_rom.cc:155:do_switch$1693$rdmux[0][1][1]$b$19316 [1:0]
      New connections: $memory$auto$proc_rom.cc:155:do_switch$1693$rdmux[0][1][1]$b$19316 [2] = 1'1
    Consolidated identical input bits for $mux cell $memory$auto$proc_rom.cc:155:do_switch$1689$rdmux[0][2][3]$19347:
      Old ports: A=3'101, B=3'110, Y=$memory$auto$proc_rom.cc:155:do_switch$1689$rdmux[0][1][1]$b$19337
      New ports: A=2'01, B=2'10, Y=$memory$auto$proc_rom.cc:155:do_switch$1689$rdmux[0][1][1]$b$19337 [1:0]
      New connections: $memory$auto$proc_rom.cc:155:do_switch$1689$rdmux[0][1][1]$b$19337 [2] = 1'1
    Consolidated identical input bits for $mux cell $memory$auto$proc_rom.cc:155:do_switch$1685$rdmux[0][2][3]$19368:
      Old ports: A=3'101, B=3'110, Y=$memory$auto$proc_rom.cc:155:do_switch$1685$rdmux[0][1][1]$b$19358
      New ports: A=2'01, B=2'10, Y=$memory$auto$proc_rom.cc:155:do_switch$1685$rdmux[0][1][1]$b$19358 [1:0]
      New connections: $memory$auto$proc_rom.cc:155:do_switch$1685$rdmux[0][1][1]$b$19358 [2] = 1'1
    Consolidated identical input bits for $mux cell $memory$auto$proc_rom.cc:155:do_switch$1681$rdmux[0][2][3]$19389:
      Old ports: A=3'101, B=3'110, Y=$memory$auto$proc_rom.cc:155:do_switch$1681$rdmux[0][1][1]$b$19379
      New ports: A=2'01, B=2'10, Y=$memory$auto$proc_rom.cc:155:do_switch$1681$rdmux[0][1][1]$b$19379 [1:0]
      New connections: $memory$auto$proc_rom.cc:155:do_switch$1681$rdmux[0][1][1]$b$19379 [2] = 1'1
    Consolidated identical input bits for $mux cell $procmux$3933:
      Old ports: A=6'011111, B=6'101001, Y=$48\bedrock_ea_decode_pkg_bedrock_decode_extended_ea$func$../build/yosys/bedrock_full_decode_sv2v.v:4223$1006.r[36:16]$1241 [19:14]
      New ports: A=2'01, B=2'10, Y={ $48\bedrock_ea_decode_pkg_bedrock_decode_extended_ea$func$../build/yosys/bedrock_full_decode_sv2v.v:4223$1006.r[36:16]$1241 [19] $48\bedrock_ea_decode_pkg_bedrock_decode_extended_ea$func$../build/yosys/bedrock_full_decode_sv2v.v:4223$1006.r[36:16]$1241 [15] }
      New connections: { $48\bedrock_ea_decode_pkg_bedrock_decode_extended_ea$func$../build/yosys/bedrock_full_decode_sv2v.v:4223$1006.r[36:16]$1241 [18:16] $48\bedrock_ea_decode_pkg_bedrock_decode_extended_ea$func$../build/yosys/bedrock_full_decode_sv2v.v:4223$1006.r[36:16]$1241 [14] } = { $48\bedrock_ea_decode_pkg_bedrock_decode_extended_ea$func$../build/yosys/bedrock_full_decode_sv2v.v:4223$1006.r[36:16]$1241 [15] 1'1 $48\bedrock_ea_decode_pkg_bedrock_decode_extended_ea$func$../build/yosys/bedrock_full_decode_sv2v.v:4223$1006.r[36:16]$1241 [15] 1'1 }
    Consolidated identical input bits for $mux cell $procmux$6916:
      Old ports: A=5'11100, B=5'00000, Y=$33\bedrock_ea_decode_pkg_bedrock_decode_extended_ea$func$../build/yosys/bedrock_full_decode_sv2v.v:4223$1006.r[35:16]$1216 [18:14]
      New ports: A=1'1, B=1'0, Y=$33\bedrock_ea_decode_pkg_bedrock_decode_extended_ea$func$../build/yosys/bedrock_full_decode_sv2v.v:4223$1006.r[35:16]$1216 [16]
      New connections: { $33\bedrock_ea_decode_pkg_bedrock_decode_extended_ea$func$../build/yosys/bedrock_full_decode_sv2v.v:4223$1006.r[35:16]$1216 [18:17] $33\bedrock_ea_decode_pkg_bedrock_decode_extended_ea$func$../build/yosys/bedrock_full_decode_sv2v.v:4223$1006.r[35:16]$1216 [15:14] } = { $33\bedrock_ea_decode_pkg_bedrock_decode_extended_ea$func$../build/yosys/bedrock_full_decode_sv2v.v:4223$1006.r[35:16]$1216 [16] $33\bedrock_ea_decode_pkg_bedrock_decode_extended_ea$func$../build/yosys/bedrock_full_decode_sv2v.v:4223$1006.r[35:16]$1216 [16] 2'00 }
    Consolidated identical input bits for $mux cell $procmux$5113:
      Old ports: A=6'011101, B=6'100111, Y=$36\bedrock_ea_decode_pkg_bedrock_decode_extended_ea$func$../build/yosys/bedrock_full_decode_sv2v.v:4223$1006.r[36:16]$1223 [19:14]
      New ports: A=2'10, B=2'01, Y={ $36\bedrock_ea_decode_pkg_bedrock_decode_extended_ea$func$../build/yosys/bedrock_full_decode_sv2v.v:4223$1006.r[36:16]$1223 [17] $36\bedrock_ea_decode_pkg_bedrock_decode_extended_ea$func$../build/yosys/bedrock_full_decode_sv2v.v:4223$1006.r[36:16]$1223 [15] }
      New connections: { $36\bedrock_ea_decode_pkg_bedrock_decode_extended_ea$func$../build/yosys/bedrock_full_decode_sv2v.v:4223$1006.r[36:16]$1223 [19:18] $36\bedrock_ea_decode_pkg_bedrock_decode_extended_ea$func$../build/yosys/bedrock_full_decode_sv2v.v:4223$1006.r[36:16]$1223 [16] $36\bedrock_ea_decode_pkg_bedrock_decode_extended_ea$func$../build/yosys/bedrock_full_decode_sv2v.v:4223$1006.r[36:16]$1223 [14] } = { $36\bedrock_ea_decode_pkg_bedrock_decode_extended_ea$func$../build/yosys/bedrock_full_decode_sv2v.v:4223$1006.r[36:16]$1223 [15] $36\bedrock_ea_decode_pkg_bedrock_decode_extended_ea$func$../build/yosys/bedrock_full_decode_sv2v.v:4223$1006.r[36:16]$1223 [17] 2'11 }
    Consolidated identical input bits for $mux cell $procmux$3394:
      Old ports: A=4'0000, B=4'1010, Y=$54\bedrock_ea_decode_pkg_bedrock_decode_extended_ea$func$../build/yosys/bedrock_full_decode_sv2v.v:4223$1006.r[36:16]$1250 [17:14]
      New ports: A=1'0, B=1'1, Y=$54\bedrock_ea_decode_pkg_bedrock_decode_extended_ea$func$../build/yosys/bedrock_full_decode_sv2v.v:4223$1006.r[36:16]$1250 [15]
      New connections: { $54\bedrock_ea_decode_pkg_bedrock_decode_extended_ea$func$../build/yosys/bedrock_full_decode_sv2v.v:4223$1006.r[36:16]$1250 [17:16] $54\bedrock_ea_decode_pkg_bedrock_decode_extended_ea$func$../build/yosys/bedrock_full_decode_sv2v.v:4223$1006.r[36:16]$1250 [14] } = { $54\bedrock_ea_decode_pkg_bedrock_decode_extended_ea$func$../build/yosys/bedrock_full_decode_sv2v.v:4223$1006.r[36:16]$1250 [15] 2'00 }
    Consolidated identical input bits for $mux cell $procmux$7962:
      Old ports: A=6'010111, B=6'100110, Y=$16\bedrock_ea_decode_pkg_bedrock_decode_extended_ea$func$../build/yosys/bedrock_full_decode_sv2v.v:4223$1006.r[36:0]$1174 [35:30]
      New ports: A=2'01, B=2'10, Y={ $16\bedrock_ea_decode_pkg_bedrock_decode_extended_ea$func$../build/yosys/bedrock_full_decode_sv2v.v:4223$1006.r[36:0]$1174 [35] $16\bedrock_ea_decode_pkg_bedrock_decode_extended_ea$func$../build/yosys/bedrock_full_decode_sv2v.v:4223$1006.r[36:0]$1174 [30] }
      New connections: $16\bedrock_ea_decode_pkg_bedrock_decode_extended_ea$func$../build/yosys/bedrock_full_decode_sv2v.v:4223$1006.r[36:0]$1174 [34:31] = { $16\bedrock_ea_decode_pkg_bedrock_decode_extended_ea$func$../build/yosys/bedrock_full_decode_sv2v.v:4223$1006.r[36:0]$1174 [30] 3'011 }
    Consolidated identical input bits for $mux cell $procmux$4503:
      Old ports: A=6'011110, B=6'101000, Y=$42\bedrock_ea_decode_pkg_bedrock_decode_extended_ea$func$../build/yosys/bedrock_full_decode_sv2v.v:4223$1006.r[36:16]$1232 [19:14]
      New ports: A=2'01, B=2'10, Y={ $42\bedrock_ea_decode_pkg_bedrock_decode_extended_ea$func$../build/yosys/bedrock_full_decode_sv2v.v:4223$1006.r[36:16]$1232 [19] $42\bedrock_ea_decode_pkg_bedrock_decode_extended_ea$func$../build/yosys/bedrock_full_decode_sv2v.v:4223$1006.r[36:16]$1232 [15] }
      New connections: { $42\bedrock_ea_decode_pkg_bedrock_decode_extended_ea$func$../build/yosys/bedrock_full_decode_sv2v.v:4223$1006.r[36:16]$1232 [18:16] $42\bedrock_ea_decode_pkg_bedrock_decode_extended_ea$func$../build/yosys/bedrock_full_decode_sv2v.v:4223$1006.r[36:16]$1232 [14] } = { $42\bedrock_ea_decode_pkg_bedrock_decode_extended_ea$func$../build/yosys/bedrock_full_decode_sv2v.v:4223$1006.r[36:16]$1232 [15] 1'1 $42\bedrock_ea_decode_pkg_bedrock_decode_extended_ea$func$../build/yosys/bedrock_full_decode_sv2v.v:4223$1006.r[36:16]$1232 [15] 1'0 }
    Consolidated identical input bits for $mux cell $procmux$6901:
      Old ports: A=5'11000, B=5'00000, Y=$21\bedrock_ea_decode_pkg_bedrock_decode_extended_ea$func$../build/yosys/bedrock_full_decode_sv2v.v:4223$1006.r[35:13]$1188 [21:17]
      New ports: A=1'1, B=1'0, Y=$21\bedrock_ea_decode_pkg_bedrock_decode_extended_ea$func$../build/yosys/bedrock_full_decode_sv2v.v:4223$1006.r[35:13]$1188 [20]
      New connections: { $21\bedrock_ea_decode_pkg_bedrock_decode_extended_ea$func$../build/yosys/bedrock_full_decode_sv2v.v:4223$1006.r[35:13]$1188 [21] $21\bedrock_ea_decode_pkg_bedrock_decode_extended_ea$func$../build/yosys/bedrock_full_decode_sv2v.v:4223$1006.r[35:13]$1188 [19:17] } = { $21\bedrock_ea_decode_pkg_bedrock_decode_extended_ea$func$../build/yosys/bedrock_full_decode_sv2v.v:4223$1006.r[35:13]$1188 [20] 3'000 }
  Optimizing cells in module \bedrock_ea_decode.
  Optimizing cells in module \bedrock_prefix_decode.
  Optimizing cells in module \bedrock_decode.
    Consolidated identical input bits for $mux cell $memory$auto$proc_rom.cc:155:do_switch$1737$rdmux[0][5][11]$19518:
      Old ports: A=2'10, B=2'11, Y=$memory$auto$proc_rom.cc:155:do_switch$1737$rdmux[0][4][5]$b$19454
      New ports: A=1'0, B=1'1, Y=$memory$auto$proc_rom.cc:155:do_switch$1737$rdmux[0][4][5]$b$19454 [0]
      New connections: $memory$auto$proc_rom.cc:155:do_switch$1737$rdmux[0][4][5]$b$19454 [1] = 1'1
    Consolidated identical input bits for $mux cell $memory$auto$proc_rom.cc:155:do_switch$1737$rdmux[0][5][9]$19512:
      Old ports: A=2'11, B=2'10, Y=$memory$auto$proc_rom.cc:155:do_switch$1737$rdmux[0][4][4]$b$19451
      New ports: A=1'1, B=1'0, Y=$memory$auto$proc_rom.cc:155:do_switch$1737$rdmux[0][4][4]$b$19451 [0]
      New connections: $memory$auto$proc_rom.cc:155:do_switch$1737$rdmux[0][4][4]$b$19451 [1] = 1'1
    Consolidated identical input bits for $mux cell $memory$auto$proc_rom.cc:155:do_switch$1737$rdmux[0][5][8]$19509:
      Old ports: A=2'10, B=2'11, Y=$memory$auto$proc_rom.cc:155:do_switch$1737$rdmux[0][4][4]$a$19450
      New ports: A=1'0, B=1'1, Y=$memory$auto$proc_rom.cc:155:do_switch$1737$rdmux[0][4][4]$a$19450 [0]
      New connections: $memory$auto$proc_rom.cc:155:do_switch$1737$rdmux[0][4][4]$a$19450 [1] = 1'1
    Consolidated identical input bits for $mux cell $memory$auto$proc_rom.cc:155:do_switch$1737$rdmux[0][5][26]$19563:
      Old ports: A=2'11, B=2'10, Y=$memory$auto$proc_rom.cc:155:do_switch$1737$rdmux[0][4][13]$a$19477
      New ports: A=1'1, B=1'0, Y=$memory$auto$proc_rom.cc:155:do_switch$1737$rdmux[0][4][13]$a$19477 [0]
      New connections: $memory$auto$proc_rom.cc:155:do_switch$1737$rdmux[0][4][13]$a$19477 [1] = 1'1
    Consolidated identical input bits for $mux cell $memory$auto$proc_rom.cc:155:do_switch$1737$rdmux[0][5][5]$19500:
      Old ports: A=2'11, B=2'01, Y=$memory$auto$proc_rom.cc:155:do_switch$1737$rdmux[0][4][2]$b$19445
      New ports: A=1'1, B=1'0, Y=$memory$auto$proc_rom.cc:155:do_switch$1737$rdmux[0][4][2]$b$19445 [1]
      New connections: $memory$auto$proc_rom.cc:155:do_switch$1737$rdmux[0][4][2]$b$19445 [0] = 1'1
    Consolidated identical input bits for $mux cell $memory$auto$proc_rom.cc:155:do_switch$1737$rdmux[0][5][4]$19497:
      Old ports: A=2'01, B=2'11, Y=$memory$auto$proc_rom.cc:155:do_switch$1737$rdmux[0][4][2]$a$19444
      New ports: A=1'0, B=1'1, Y=$memory$auto$proc_rom.cc:155:do_switch$1737$rdmux[0][4][2]$a$19444 [1]
      New connections: $memory$auto$proc_rom.cc:155:do_switch$1737$rdmux[0][4][2]$a$19444 [0] = 1'1
    Consolidated identical input bits for $mux cell $memory$auto$proc_rom.cc:155:do_switch$1737$rdmux[0][5][13]$19524:
      Old ports: A=2'11, B=2'10, Y=$memory$auto$proc_rom.cc:155:do_switch$1737$rdmux[0][4][6]$b$19457
      New ports: A=1'1, B=1'0, Y=$memory$auto$proc_rom.cc:155:do_switch$1737$rdmux[0][4][6]$b$19457 [0]
      New connections: $memory$auto$proc_rom.cc:155:do_switch$1737$rdmux[0][4][6]$b$19457 [1] = 1'1
    Consolidated identical input bits for $mux cell $memory$auto$proc_rom.cc:155:do_switch$1737$rdmux[0][5][17]$19536:
      Old ports: A=2'01, B=2'11, Y=$memory$auto$proc_rom.cc:155:do_switch$1737$rdmux[0][4][8]$b$19463
      New ports: A=1'0, B=1'1, Y=$memory$auto$proc_rom.cc:155:do_switch$1737$rdmux[0][4][8]$b$19463 [1]
      New connections: $memory$auto$proc_rom.cc:155:do_switch$1737$rdmux[0][4][8]$b$19463 [0] = 1'1
    Consolidated identical input bits for $mux cell $memory$auto$proc_rom.cc:155:do_switch$1737$rdmux[0][4][15]$19482:
      Old ports: A=2'10, B=2'11, Y=$memory$auto$proc_rom.cc:155:do_switch$1737$rdmux[0][3][7]$b$19436
      New ports: A=1'0, B=1'1, Y=$memory$auto$proc_rom.cc:155:do_switch$1737$rdmux[0][3][7]$b$19436 [0]
      New connections: $memory$auto$proc_rom.cc:155:do_switch$1737$rdmux[0][3][7]$b$19436 [1] = 1'1
    Consolidated identical input bits for $mux cell $memory$auto$proc_rom.cc:155:do_switch$1737$rdmux[0][4][11]$19470:
      Old ports: A=2'10, B=2'11, Y=$memory$auto$proc_rom.cc:155:do_switch$1737$rdmux[0][3][5]$b$19430
      New ports: A=1'0, B=1'1, Y=$memory$auto$proc_rom.cc:155:do_switch$1737$rdmux[0][3][5]$b$19430 [0]
      New connections: $memory$auto$proc_rom.cc:155:do_switch$1737$rdmux[0][3][5]$b$19430 [1] = 1'1
    Consolidated identical input bits for $mux cell $memory$auto$proc_rom.cc:155:do_switch$1737$rdmux[0][5][25]$19560:
      Old ports: A=2'11, B=2'10, Y=$memory$auto$proc_rom.cc:155:do_switch$1737$rdmux[0][4][12]$b$19475
      New ports: A=1'1, B=1'0, Y=$memory$auto$proc_rom.cc:155:do_switch$1737$rdmux[0][4][12]$b$19475 [0]
      New connections: $memory$auto$proc_rom.cc:155:do_switch$1737$rdmux[0][4][12]$b$19475 [1] = 1'1
    Consolidated identical input bits for $pmux cell $procmux$15625:
      Old ports: A=5'00000, B=20'11111010100001000100, Y=$20\bedrock_decode_pkg_bedrock_decode_extended_opcode$func$../build/yosys/bedrock_full_decode_sv2v.v:2998$133.r[21:7]$935 [4:0]
      New ports: A=4'0000, B=16'1111101000100100, Y=$20\bedrock_decode_pkg_bedrock_decode_extended_opcode$func$../build/yosys/bedrock_full_decode_sv2v.v:2998$133.r[21:7]$935 [3:0]
      New connections: $20\bedrock_decode_pkg_bedrock_decode_extended_opcode$func$../build/yosys/bedrock_full_decode_sv2v.v:2998$133.r[21:7]$935 [4] = $20\bedrock_decode_pkg_bedrock_decode_extended_opcode$func$../build/yosys/bedrock_full_decode_sv2v.v:2998$133.r[21:7]$935 [0]
    Consolidated identical input bits for $pmux cell $procmux$13598:
      Old ports: A=8'00000000, B=24'101101001011010110101110, Y=$37\bedrock_decode_pkg_bedrock_decode_extended_opcode$func$../build/yosys/bedrock_full_decode_sv2v.v:2998$133.r[21:7]$952 [13:6]
      New ports: A=4'0000, B=12'110011010110, Y={ $37\bedrock_decode_pkg_bedrock_decode_extended_opcode$func$../build/yosys/bedrock_full_decode_sv2v.v:2998$133.r[21:7]$952 [10] $37\bedrock_decode_pkg_bedrock_decode_extended_opcode$func$../build/yosys/bedrock_full_decode_sv2v.v:2998$133.r[21:7]$952 [8:6] }
      New connections: { $37\bedrock_decode_pkg_bedrock_decode_extended_opcode$func$../build/yosys/bedrock_full_decode_sv2v.v:2998$133.r[21:7]$952 [13:11] $37\bedrock_decode_pkg_bedrock_decode_extended_opcode$func$../build/yosys/bedrock_full_decode_sv2v.v:2998$133.r[21:7]$952 [9] } = { $37\bedrock_decode_pkg_bedrock_decode_extended_opcode$func$../build/yosys/bedrock_full_decode_sv2v.v:2998$133.r[21:7]$952 [8] 1'0 $37\bedrock_decode_pkg_bedrock_decode_extended_opcode$func$../build/yosys/bedrock_full_decode_sv2v.v:2998$133.r[21:7]$952 [8:7] }
    Consolidated identical input bits for $mux cell $procmux$13580:
      Old ports: A=6'000000, B=6'101101, Y=$37\bedrock_decode_pkg_bedrock_decode_extended_opcode$func$../build/yosys/bedrock_full_decode_sv2v.v:2998$133.r[21:7]$952 [5:0]
      New ports: A=1'0, B=1'1, Y=$37\bedrock_decode_pkg_bedrock_decode_extended_opcode$func$../build/yosys/bedrock_full_decode_sv2v.v:2998$133.r[21:7]$952 [0]
      New connections: $37\bedrock_decode_pkg_bedrock_decode_extended_opcode$func$../build/yosys/bedrock_full_decode_sv2v.v:2998$133.r[21:7]$952 [5:1] = { $37\bedrock_decode_pkg_bedrock_decode_extended_opcode$func$../build/yosys/bedrock_full_decode_sv2v.v:2998$133.r[21:7]$952 [0] 1'0 $37\bedrock_decode_pkg_bedrock_decode_extended_opcode$func$../build/yosys/bedrock_full_decode_sv2v.v:2998$133.r[21:7]$952 [0] $37\bedrock_decode_pkg_bedrock_decode_extended_opcode$func$../build/yosys/bedrock_full_decode_sv2v.v:2998$133.r[21:7]$952 [0] 1'0 }
    Consolidated identical input bits for $pmux cell $procmux$15926:
      Old ports: A=7'0000000, B=28'0010011111110111110101111100, Y=$17\bedrock_decode_pkg_bedrock_decode_extended_opcode$func$../build/yosys/bedrock_full_decode_sv2v.v:2998$133.r[21:7]$932 [12:6]
      New ports: A=5'00000, B=20'10011111011101011100, Y=$17\bedrock_decode_pkg_bedrock_decode_extended_opcode$func$../build/yosys/bedrock_full_decode_sv2v.v:2998$133.r[21:7]$932 [10:6]
      New connections: $17\bedrock_decode_pkg_bedrock_decode_extended_opcode$func$../build/yosys/bedrock_full_decode_sv2v.v:2998$133.r[21:7]$932 [12:11] = { $17\bedrock_decode_pkg_bedrock_decode_extended_opcode$func$../build/yosys/bedrock_full_decode_sv2v.v:2998$133.r[21:7]$932 [9] $17\bedrock_decode_pkg_bedrock_decode_extended_opcode$func$../build/yosys/bedrock_full_decode_sv2v.v:2998$133.r[21:7]$932 [9] }
    Consolidated identical input bits for $pmux cell $procmux$14004:
      Old ports: A=8'00000000, B=144'101101011011010010101110101011011010110010101001100111101001110110010110000111010001110000011000000101110001001000010001000001110000011010010100, Y=$31\bedrock_decode_pkg_bedrock_decode_extended_opcode$func$../build/yosys/bedrock_full_decode_sv2v.v:2998$133.r[21:7]$946 [13:6]
      New ports: A=7'0000000, B=126'111010111101001101110110110111011001101001101111010111011010110001110100111000011000001011100100100010001000011100001101010100, Y={ $31\bedrock_decode_pkg_bedrock_decode_extended_opcode$func$../build/yosys/bedrock_full_decode_sv2v.v:2998$133.r[21:7]$946 [13] $31\bedrock_decode_pkg_bedrock_decode_extended_opcode$func$../build/yosys/bedrock_full_decode_sv2v.v:2998$133.r[21:7]$946 [11:6] }
      New connections: $31\bedrock_decode_pkg_bedrock_decode_extended_opcode$func$../build/yosys/bedrock_full_decode_sv2v.v:2998$133.r[21:7]$946 [12] = 1'0
    Consolidated identical input bits for $pmux cell $procmux$15897:
      Old ports: A=5'00000, B=10'1010100101, Y=$17\bedrock_decode_pkg_bedrock_decode_extended_opcode$func$../build/yosys/bedrock_full_decode_sv2v.v:2998$133.r[21:7]$932 [4:0]
      New ports: A=2'00, B=4'1101, Y={ $17\bedrock_decode_pkg_bedrock_decode_extended_opcode$func$../build/yosys/bedrock_full_decode_sv2v.v:2998$133.r[21:7]$932 [4] $17\bedrock_decode_pkg_bedrock_decode_extended_opcode$func$../build/yosys/bedrock_full_decode_sv2v.v:2998$133.r[21:7]$932 [0] }
      New connections: $17\bedrock_decode_pkg_bedrock_decode_extended_opcode$func$../build/yosys/bedrock_full_decode_sv2v.v:2998$133.r[21:7]$932 [3:1] = { 1'0 $17\bedrock_decode_pkg_bedrock_decode_extended_opcode$func$../build/yosys/bedrock_full_decode_sv2v.v:2998$133.r[21:7]$932 [0] 1'0 }
    Consolidated identical input bits for $pmux cell $procmux$15565:
      Old ports: A=8'00000000, B=24'011110111011000110111110, Y=$21\bedrock_decode_pkg_bedrock_decode_extended_opcode$func$../build/yosys/bedrock_full_decode_sv2v.v:2998$133.r[21:7]$936 [13:6]
      New ports: A=6'000000, B=18'011011101001101110, Y={ $21\bedrock_decode_pkg_bedrock_decode_extended_opcode$func$../build/yosys/bedrock_full_decode_sv2v.v:2998$133.r[21:7]$936 [13:12] $21\bedrock_decode_pkg_bedrock_decode_extended_opcode$func$../build/yosys/bedrock_full_decode_sv2v.v:2998$133.r[21:7]$936 [10] $21\bedrock_decode_pkg_bedrock_decode_extended_opcode$func$../build/yosys/bedrock_full_decode_sv2v.v:2998$133.r[21:7]$936 [8:6] }
      New connections: { $21\bedrock_decode_pkg_bedrock_decode_extended_opcode$func$../build/yosys/bedrock_full_decode_sv2v.v:2998$133.r[21:7]$936 [11] $21\bedrock_decode_pkg_bedrock_decode_extended_opcode$func$../build/yosys/bedrock_full_decode_sv2v.v:2998$133.r[21:7]$936 [9] } = { $21\bedrock_decode_pkg_bedrock_decode_extended_opcode$func$../build/yosys/bedrock_full_decode_sv2v.v:2998$133.r[21:7]$936 [10] $21\bedrock_decode_pkg_bedrock_decode_extended_opcode$func$../build/yosys/bedrock_full_decode_sv2v.v:2998$133.r[21:7]$936 [7] }
    Consolidated identical input bits for $pmux cell $procmux$13490:
      Old ports: A=8'00001001, B=24'000010100000101100001100, Y=$39\bedrock_decode_pkg_bedrock_decode_extended_opcode$func$../build/yosys/bedrock_full_decode_sv2v.v:2998$133.r[21:7]$954 [13:6]
      New ports: A=3'001, B=9'010011100, Y=$39\bedrock_decode_pkg_bedrock_decode_extended_opcode$func$../build/yosys/bedrock_full_decode_sv2v.v:2998$133.r[21:7]$954 [8:6]
      New connections: $39\bedrock_decode_pkg_bedrock_decode_extended_opcode$func$../build/yosys/bedrock_full_decode_sv2v.v:2998$133.r[21:7]$954 [13:9] = 5'00001
    Consolidated identical input bits for $mux cell $procmux$14656:
      Old ports: A=6'000000, B=6'110011, Y=$27\bedrock_decode_pkg_bedrock_decode_extended_opcode$func$../build/yosys/bedrock_full_decode_sv2v.v:2998$133.r[21:7]$942 [5:0]
      New ports: A=1'0, B=1'1, Y=$27\bedrock_decode_pkg_bedrock_decode_extended_opcode$func$../build/yosys/bedrock_full_decode_sv2v.v:2998$133.r[21:7]$942 [0]
      New connections: $27\bedrock_decode_pkg_bedrock_decode_extended_opcode$func$../build/yosys/bedrock_full_decode_sv2v.v:2998$133.r[21:7]$942 [5:1] = { $27\bedrock_decode_pkg_bedrock_decode_extended_opcode$func$../build/yosys/bedrock_full_decode_sv2v.v:2998$133.r[21:7]$942 [0] $27\bedrock_decode_pkg_bedrock_decode_extended_opcode$func$../build/yosys/bedrock_full_decode_sv2v.v:2998$133.r[21:7]$942 [0] 2'00 $27\bedrock_decode_pkg_bedrock_decode_extended_opcode$func$../build/yosys/bedrock_full_decode_sv2v.v:2998$133.r[21:7]$942 [0] }
    Consolidated identical input bits for $pmux cell $procmux$15539:
      Old ports: A=5'00000, B=10'0010110011, Y=$21\bedrock_decode_pkg_bedrock_decode_extended_opcode$func$../build/yosys/bedrock_full_decode_sv2v.v:2998$133.r[21:7]$936 [4:0]
      New ports: A=3'000, B=6'101011, Y=$21\bedrock_decode_pkg_bedrock_decode_extended_opcode$func$../build/yosys/bedrock_full_decode_sv2v.v:2998$133.r[21:7]$936 [2:0]
      New connections: $21\bedrock_decode_pkg_bedrock_decode_extended_opcode$func$../build/yosys/bedrock_full_decode_sv2v.v:2998$133.r[21:7]$936 [4:3] = { $21\bedrock_decode_pkg_bedrock_decode_extended_opcode$func$../build/yosys/bedrock_full_decode_sv2v.v:2998$133.r[21:7]$936 [1] 1'0 }
    Consolidated identical input bits for $pmux cell $procmux$15836:
      Old ports: A=8'00000000, B=16'1000010111001011, Y=$19\bedrock_decode_pkg_bedrock_decode_extended_opcode$func$../build/yosys/bedrock_full_decode_sv2v.v:2998$133.r[21:7]$934 [13:6]
      New ports: A=3'000, B=6'101011, Y=$19\bedrock_decode_pkg_bedrock_decode_extended_opcode$func$../build/yosys/bedrock_full_decode_sv2v.v:2998$133.r[21:7]$934 [8:6]
      New connections: $19\bedrock_decode_pkg_bedrock_decode_extended_opcode$func$../build/yosys/bedrock_full_decode_sv2v.v:2998$133.r[21:7]$934 [13:9] = { $19\bedrock_decode_pkg_bedrock_decode_extended_opcode$func$../build/yosys/bedrock_full_decode_sv2v.v:2998$133.r[21:7]$934 [6] $19\bedrock_decode_pkg_bedrock_decode_extended_opcode$func$../build/yosys/bedrock_full_decode_sv2v.v:2998$133.r[21:7]$934 [7] 2'00 $19\bedrock_decode_pkg_bedrock_decode_extended_opcode$func$../build/yosys/bedrock_full_decode_sv2v.v:2998$133.r[21:7]$934 [7] }
    Consolidated identical input bits for $pmux cell $procmux$13406:
      Old ports: A=8'00001101, B=24'000011100000111100010000, Y=$41\bedrock_decode_pkg_bedrock_decode_extended_opcode$func$../build/yosys/bedrock_full_decode_sv2v.v:2998$133.r[21:7]$956 [13:6]
      New ports: A=4'0101, B=12'011001111000, Y={ $41\bedrock_decode_pkg_bedrock_decode_extended_opcode$func$../build/yosys/bedrock_full_decode_sv2v.v:2998$133.r[21:7]$956 [10] $41\bedrock_decode_pkg_bedrock_decode_extended_opcode$func$../build/yosys/bedrock_full_decode_sv2v.v:2998$133.r[21:7]$956 [8:6] }
      New connections: { $41\bedrock_decode_pkg_bedrock_decode_extended_opcode$func$../build/yosys/bedrock_full_decode_sv2v.v:2998$133.r[21:7]$956 [13:11] $41\bedrock_decode_pkg_bedrock_decode_extended_opcode$func$../build/yosys/bedrock_full_decode_sv2v.v:2998$133.r[21:7]$956 [9] } = { 3'000 $41\bedrock_decode_pkg_bedrock_decode_extended_opcode$func$../build/yosys/bedrock_full_decode_sv2v.v:2998$133.r[21:7]$956 [8] }
    Consolidated identical input bits for $pmux cell $procmux$13344:
      Old ports: A=8'00000000, B=16'0111111010001010, Y=$43\bedrock_decode_pkg_bedrock_decode_extended_opcode$func$../build/yosys/bedrock_full_decode_sv2v.v:2998$133.r[21:7]$958 [13:6]
      New ports: A=3'000, B=6'011101, Y={ $43\bedrock_decode_pkg_bedrock_decode_extended_opcode$func$../build/yosys/bedrock_full_decode_sv2v.v:2998$133.r[21:7]$958 [13] $43\bedrock_decode_pkg_bedrock_decode_extended_opcode$func$../build/yosys/bedrock_full_decode_sv2v.v:2998$133.r[21:7]$958 [8:7] }
      New connections: { $43\bedrock_decode_pkg_bedrock_decode_extended_opcode$func$../build/yosys/bedrock_full_decode_sv2v.v:2998$133.r[21:7]$958 [12:9] $43\bedrock_decode_pkg_bedrock_decode_extended_opcode$func$../build/yosys/bedrock_full_decode_sv2v.v:2998$133.r[21:7]$958 [6] } = { $43\bedrock_decode_pkg_bedrock_decode_extended_opcode$func$../build/yosys/bedrock_full_decode_sv2v.v:2998$133.r[21:7]$958 [8] $43\bedrock_decode_pkg_bedrock_decode_extended_opcode$func$../build/yosys/bedrock_full_decode_sv2v.v:2998$133.r[21:7]$958 [8] $43\bedrock_decode_pkg_bedrock_decode_extended_opcode$func$../build/yosys/bedrock_full_decode_sv2v.v:2998$133.r[21:7]$958 [8:7] 1'0 }
    Consolidated identical input bits for $mux cell $procmux$13330:
      Old ports: A=6'000000, B=6'111000, Y=$43\bedrock_decode_pkg_bedrock_decode_extended_opcode$func$../build/yosys/bedrock_full_decode_sv2v.v:2998$133.r[21:7]$958 [5:0]
      New ports: A=1'0, B=1'1, Y=$43\bedrock_decode_pkg_bedrock_decode_extended_opcode$func$../build/yosys/bedrock_full_decode_sv2v.v:2998$133.r[21:7]$958 [3]
      New connections: { $43\bedrock_decode_pkg_bedrock_decode_extended_opcode$func$../build/yosys/bedrock_full_decode_sv2v.v:2998$133.r[21:7]$958 [5:4] $43\bedrock_decode_pkg_bedrock_decode_extended_opcode$func$../build/yosys/bedrock_full_decode_sv2v.v:2998$133.r[21:7]$958 [2:0] } = { $43\bedrock_decode_pkg_bedrock_decode_extended_opcode$func$../build/yosys/bedrock_full_decode_sv2v.v:2998$133.r[21:7]$958 [3] $43\bedrock_decode_pkg_bedrock_decode_extended_opcode$func$../build/yosys/bedrock_full_decode_sv2v.v:2998$133.r[21:7]$958 [3] 3'000 }
    Consolidated identical input bits for $pmux cell $procmux$15806:
      Old ports: A=6'000000, B=12'101011101010, Y=$19\bedrock_decode_pkg_bedrock_decode_extended_opcode$func$../build/yosys/bedrock_full_decode_sv2v.v:2998$133.r[21:7]$934 [5:0]
      New ports: A=2'00, B=4'1110, Y=$19\bedrock_decode_pkg_bedrock_decode_extended_opcode$func$../build/yosys/bedrock_full_decode_sv2v.v:2998$133.r[21:7]$934 [1:0]
      New connections: $19\bedrock_decode_pkg_bedrock_decode_extended_opcode$func$../build/yosys/bedrock_full_decode_sv2v.v:2998$133.r[21:7]$934 [5:2] = { $19\bedrock_decode_pkg_bedrock_decode_extended_opcode$func$../build/yosys/bedrock_full_decode_sv2v.v:2998$133.r[21:7]$934 [1] 1'0 $19\bedrock_decode_pkg_bedrock_decode_extended_opcode$func$../build/yosys/bedrock_full_decode_sv2v.v:2998$133.r[21:7]$934 [1] 1'0 }
    Consolidated identical input bits for $mux cell $procmux$16073:
      Old ports: A=8'00000000, B=8'10000110, Y=$16\bedrock_decode_pkg_bedrock_decode_extended_opcode$func$../build/yosys/bedrock_full_decode_sv2v.v:2998$133.r[21:7]$931 [13:6]
      New ports: A=1'0, B=1'1, Y=$16\bedrock_decode_pkg_bedrock_decode_extended_opcode$func$../build/yosys/bedrock_full_decode_sv2v.v:2998$133.r[21:7]$931 [7]
      New connections: { $16\bedrock_decode_pkg_bedrock_decode_extended_opcode$func$../build/yosys/bedrock_full_decode_sv2v.v:2998$133.r[21:7]$931 [13:8] $16\bedrock_decode_pkg_bedrock_decode_extended_opcode$func$../build/yosys/bedrock_full_decode_sv2v.v:2998$133.r[21:7]$931 [6] } = { $16\bedrock_decode_pkg_bedrock_decode_extended_opcode$func$../build/yosys/bedrock_full_decode_sv2v.v:2998$133.r[21:7]$931 [7] 4'0000 $16\bedrock_decode_pkg_bedrock_decode_extended_opcode$func$../build/yosys/bedrock_full_decode_sv2v.v:2998$133.r[21:7]$931 [7] 1'0 }
    Consolidated identical input bits for $pmux cell $procmux$13252:
      Old ports: A=8'00000000, B=104'10001111100011101000110110001100100010111000010010000011001000110010000100100010001000000001010100010100, Y=$45\bedrock_decode_pkg_bedrock_decode_extended_opcode$func$../build/yosys/bedrock_full_decode_sv2v.v:2998$133.r[21:7]$960 [13:6]
      New ports: A=7'0000000, B=91'1001111100111010011011001100100101110001001000011010001101000010100010010000000101010010100, Y={ $45\bedrock_decode_pkg_bedrock_decode_extended_opcode$func$../build/yosys/bedrock_full_decode_sv2v.v:2998$133.r[21:7]$960 [13] $45\bedrock_decode_pkg_bedrock_decode_extended_opcode$func$../build/yosys/bedrock_full_decode_sv2v.v:2998$133.r[21:7]$960 [11:6] }
      New connections: $45\bedrock_decode_pkg_bedrock_decode_extended_opcode$func$../build/yosys/bedrock_full_decode_sv2v.v:2998$133.r[21:7]$960 [12] = 1'0
    Consolidated identical input bits for $pmux cell $procmux$13217:
      Old ports: A=6'000000, B=18'101010111000111001, Y=$45\bedrock_decode_pkg_bedrock_decode_extended_opcode$func$../build/yosys/bedrock_full_decode_sv2v.v:2998$133.r[21:7]$960 [5:0]
      New ports: A=4'0000, B=12'011011001101, Y={ $45\bedrock_decode_pkg_bedrock_decode_extended_opcode$func$../build/yosys/bedrock_full_decode_sv2v.v:2998$133.r[21:7]$960 [4:3] $45\bedrock_decode_pkg_bedrock_decode_extended_opcode$func$../build/yosys/bedrock_full_decode_sv2v.v:2998$133.r[21:7]$960 [1:0] }
      New connections: { $45\bedrock_decode_pkg_bedrock_decode_extended_opcode$func$../build/yosys/bedrock_full_decode_sv2v.v:2998$133.r[21:7]$960 [5] $45\bedrock_decode_pkg_bedrock_decode_extended_opcode$func$../build/yosys/bedrock_full_decode_sv2v.v:2998$133.r[21:7]$960 [2] } = { $45\bedrock_decode_pkg_bedrock_decode_extended_opcode$func$../build/yosys/bedrock_full_decode_sv2v.v:2998$133.r[21:7]$960 [3] 1'0 }
    Consolidated identical input bits for $pmux cell $procmux$17535:
      Old ports: A=7'0000000, B=42'001101010000001000001100001010000111000100, Y=$4\bedrock_decode_pkg_bedrock_decode_extended_opcode$func$../build/yosys/bedrock_full_decode_sv2v.v:2998$133.r[21:7]$892 [12:6]
      New ports: A=5'00000, B=30'010101000010001100101001110100, Y={ $4\bedrock_decode_pkg_bedrock_decode_extended_opcode$func$../build/yosys/bedrock_full_decode_sv2v.v:2998$133.r[21:7]$892 [12] $4\bedrock_decode_pkg_bedrock_decode_extended_opcode$func$../build/yosys/bedrock_full_decode_sv2v.v:2998$133.r[21:7]$892 [9:6] }
      New connections: $4\bedrock_decode_pkg_bedrock_decode_extended_opcode$func$../build/yosys/bedrock_full_decode_sv2v.v:2998$133.r[21:7]$892 [11:10] = { 1'0 $4\bedrock_decode_pkg_bedrock_decode_extended_opcode$func$../build/yosys/bedrock_full_decode_sv2v.v:2998$133.r[21:7]$892 [9] }
    Consolidated identical input bits for $pmux cell $procmux$17500:
      Old ports: A=6'000000, B=12'111110111111, Y=$4\bedrock_decode_pkg_bedrock_decode_extended_opcode$func$../build/yosys/bedrock_full_decode_sv2v.v:2998$133.r[21:7]$892 [5:0]
      New ports: A=2'00, B=4'1011, Y=$4\bedrock_decode_pkg_bedrock_decode_extended_opcode$func$../build/yosys/bedrock_full_decode_sv2v.v:2998$133.r[21:7]$892 [1:0]
      New connections: $4\bedrock_decode_pkg_bedrock_decode_extended_opcode$func$../build/yosys/bedrock_full_decode_sv2v.v:2998$133.r[21:7]$892 [5:2] = { $4\bedrock_decode_pkg_bedrock_decode_extended_opcode$func$../build/yosys/bedrock_full_decode_sv2v.v:2998$133.r[21:7]$892 [1] $4\bedrock_decode_pkg_bedrock_decode_extended_opcode$func$../build/yosys/bedrock_full_decode_sv2v.v:2998$133.r[21:7]$892 [1] $4\bedrock_decode_pkg_bedrock_decode_extended_opcode$func$../build/yosys/bedrock_full_decode_sv2v.v:2998$133.r[21:7]$892 [1] $4\bedrock_decode_pkg_bedrock_decode_extended_opcode$func$../build/yosys/bedrock_full_decode_sv2v.v:2998$133.r[21:7]$892 [1] }
    Consolidated identical input bits for $mux cell $procmux$17435:
      Old ports: A=8'00000000, B=8'10011000, Y=$5\bedrock_decode_pkg_bedrock_decode_extended_opcode$func$../build/yosys/bedrock_full_decode_sv2v.v:2998$133.r[21:7]$893 [13:6]
      New ports: A=1'0, B=1'1, Y=$5\bedrock_decode_pkg_bedrock_decode_extended_opcode$func$../build/yosys/bedrock_full_decode_sv2v.v:2998$133.r[21:7]$893 [9]
      New connections: { $5\bedrock_decode_pkg_bedrock_decode_extended_opcode$func$../build/yosys/bedrock_full_decode_sv2v.v:2998$133.r[21:7]$893 [13:10] $5\bedrock_decode_pkg_bedrock_decode_extended_opcode$func$../build/yosys/bedrock_full_decode_sv2v.v:2998$133.r[21:7]$893 [8:6] } = { $5\bedrock_decode_pkg_bedrock_decode_extended_opcode$func$../build/yosys/bedrock_full_decode_sv2v.v:2998$133.r[21:7]$893 [9] 2'00 $5\bedrock_decode_pkg_bedrock_decode_extended_opcode$func$../build/yosys/bedrock_full_decode_sv2v.v:2998$133.r[21:7]$893 [9] 3'000 }
    Consolidated identical input bits for $mux cell $procmux$17619:
      Old ports: A={ 1'0 \primary_decode [10:8] }, B=4'0010, Y=$1\required_words_o[3:0]
      New ports: A=\primary_decode [10:8], B=3'010, Y=$1\required_words_o[3:0] [2:0]
      New connections: $1\required_words_o[3:0] [3] = 1'0
    Consolidated identical input bits for $mux cell $procmux$17406:
      Old ports: A=3'000, B=3'101, Y=$49\bedrock_decode_pkg_bedrock_decode_extended_opcode$func$../build/yosys/bedrock_full_decode_sv2v.v:2998$133.r[21:7]$964 [2:0]
      New ports: A=1'0, B=1'1, Y=$49\bedrock_decode_pkg_bedrock_decode_extended_opcode$func$../build/yosys/bedrock_full_decode_sv2v.v:2998$133.r[21:7]$964 [0]
      New connections: $49\bedrock_decode_pkg_bedrock_decode_extended_opcode$func$../build/yosys/bedrock_full_decode_sv2v.v:2998$133.r[21:7]$964 [2:1] = { $49\bedrock_decode_pkg_bedrock_decode_extended_opcode$func$../build/yosys/bedrock_full_decode_sv2v.v:2998$133.r[21:7]$964 [0] 1'0 }
    Consolidated identical input bits for $pmux cell $procmux$13772:
      Old ports: A=8'00000110, B=24'000001110001000100010010, Y=$33\bedrock_decode_pkg_bedrock_decode_extended_opcode$func$../build/yosys/bedrock_full_decode_sv2v.v:2998$133.r[21:7]$948 [13:6]
      New ports: A=4'0110, B=12'011110011010, Y={ $33\bedrock_decode_pkg_bedrock_decode_extended_opcode$func$../build/yosys/bedrock_full_decode_sv2v.v:2998$133.r[21:7]$948 [10] $33\bedrock_decode_pkg_bedrock_decode_extended_opcode$func$../build/yosys/bedrock_full_decode_sv2v.v:2998$133.r[21:7]$948 [8:6] }
      New connections: { $33\bedrock_decode_pkg_bedrock_decode_extended_opcode$func$../build/yosys/bedrock_full_decode_sv2v.v:2998$133.r[21:7]$948 [13:11] $33\bedrock_decode_pkg_bedrock_decode_extended_opcode$func$../build/yosys/bedrock_full_decode_sv2v.v:2998$133.r[21:7]$948 [9] } = 4'0000
    Consolidated identical input bits for $mux cell $procmux$16015:
      Old ports: A=6'000000, B=6'111101, Y=$16\bedrock_decode_pkg_bedrock_decode_extended_opcode$func$../build/yosys/bedrock_full_decode_sv2v.v:2998$133.r[21:7]$931 [5:0]
      New ports: A=1'0, B=1'1, Y=$16\bedrock_decode_pkg_bedrock_decode_extended_opcode$func$../build/yosys/bedrock_full_decode_sv2v.v:2998$133.r[21:7]$931 [0]
      New connections: $16\bedrock_decode_pkg_bedrock_decode_extended_opcode$func$../build/yosys/bedrock_full_decode_sv2v.v:2998$133.r[21:7]$931 [5:1] = { $16\bedrock_decode_pkg_bedrock_decode_extended_opcode$func$../build/yosys/bedrock_full_decode_sv2v.v:2998$133.r[21:7]$931 [0] $16\bedrock_decode_pkg_bedrock_decode_extended_opcode$func$../build/yosys/bedrock_full_decode_sv2v.v:2998$133.r[21:7]$931 [0] $16\bedrock_decode_pkg_bedrock_decode_extended_opcode$func$../build/yosys/bedrock_full_decode_sv2v.v:2998$133.r[21:7]$931 [0] $16\bedrock_decode_pkg_bedrock_decode_extended_opcode$func$../build/yosys/bedrock_full_decode_sv2v.v:2998$133.r[21:7]$931 [0] 1'0 }
    Consolidated identical input bits for $pmux cell $procmux$13955:
      Old ports: A=6'000000, B=18'101010100101010100, Y=$31\bedrock_decode_pkg_bedrock_decode_extended_opcode$func$../build/yosys/bedrock_full_decode_sv2v.v:2998$133.r[21:7]$946 [5:0]
      New ports: A=5'00000, B=15'100101010101100, Y={ $31\bedrock_decode_pkg_bedrock_decode_extended_opcode$func$../build/yosys/bedrock_full_decode_sv2v.v:2998$133.r[21:7]$946 [5:4] $31\bedrock_decode_pkg_bedrock_decode_extended_opcode$func$../build/yosys/bedrock_full_decode_sv2v.v:2998$133.r[21:7]$946 [2:0] }
      New connections: $31\bedrock_decode_pkg_bedrock_decode_extended_opcode$func$../build/yosys/bedrock_full_decode_sv2v.v:2998$133.r[21:7]$946 [3] = $31\bedrock_decode_pkg_bedrock_decode_extended_opcode$func$../build/yosys/bedrock_full_decode_sv2v.v:2998$133.r[21:7]$946 [1]
    Consolidated identical input bits for $mux cell $procmux$12936:
      Old ports: A=6'000000, B=6'100101, Y=$49\bedrock_decode_pkg_bedrock_decode_extended_opcode$func$../build/yosys/bedrock_full_decode_sv2v.v:2998$133.r[21:7]$964 [11:6]
      New ports: A=1'0, B=1'1, Y=$49\bedrock_decode_pkg_bedrock_decode_extended_opcode$func$../build/yosys/bedrock_full_decode_sv2v.v:2998$133.r[21:7]$964 [6]
      New connections: $49\bedrock_decode_pkg_bedrock_decode_extended_opcode$func$../build/yosys/bedrock_full_decode_sv2v.v:2998$133.r[21:7]$964 [11:7] = { $49\bedrock_decode_pkg_bedrock_decode_extended_opcode$func$../build/yosys/bedrock_full_decode_sv2v.v:2998$133.r[21:7]$964 [6] 2'00 $49\bedrock_decode_pkg_bedrock_decode_extended_opcode$func$../build/yosys/bedrock_full_decode_sv2v.v:2998$133.r[21:7]$964 [6] 1'0 }
    Consolidated identical input bits for $mux cell $memory$auto$proc_rom.cc:155:do_switch$1737$rdmux[0][5][28]$19569:
      Old ports: A=2'10, B=2'11, Y=$memory$auto$proc_rom.cc:155:do_switch$1737$rdmux[0][4][14]$a$19480
      New ports: A=1'0, B=1'1, Y=$memory$auto$proc_rom.cc:155:do_switch$1737$rdmux[0][4][14]$a$19480 [0]
      New connections: $memory$auto$proc_rom.cc:155:do_switch$1737$rdmux[0][4][14]$a$19480 [1] = 1'1
    Consolidated identical input bits for $pmux cell $procmux$13673:
      Old ports: A=8'10011101, B=24'100111101010110010101101, Y=$35\bedrock_decode_pkg_bedrock_decode_extended_opcode$func$../build/yosys/bedrock_full_decode_sv2v.v:2998$133.r[21:7]$950 [13:6]
      New ports: A=4'0101, B=12'011010001001, Y={ $35\bedrock_decode_pkg_bedrock_decode_extended_opcode$func$../build/yosys/bedrock_full_decode_sv2v.v:2998$133.r[21:7]$950 [11:10] $35\bedrock_decode_pkg_bedrock_decode_extended_opcode$func$../build/yosys/bedrock_full_decode_sv2v.v:2998$133.r[21:7]$950 [7:6] }
      New connections: { $35\bedrock_decode_pkg_bedrock_decode_extended_opcode$func$../build/yosys/bedrock_full_decode_sv2v.v:2998$133.r[21:7]$950 [13:12] $35\bedrock_decode_pkg_bedrock_decode_extended_opcode$func$../build/yosys/bedrock_full_decode_sv2v.v:2998$133.r[21:7]$950 [9:8] } = 4'1011
  Optimizing cells in module \bedrock_decode.
    Consolidated identical input bits for $mux cell $memory$auto$proc_rom.cc:155:do_switch$1737$rdmux[0][4][14]$19479:
      Old ports: A=$memory$auto$proc_rom.cc:155:do_switch$1737$rdmux[0][4][14]$a$19480, B=2'11, Y=$memory$auto$proc_rom.cc:155:do_switch$1737$rdmux[0][3][7]$a$19435
      New ports: A=$memory$auto$proc_rom.cc:155:do_switch$1737$rdmux[0][4][14]$a$19480 [0], B=1'1, Y=$memory$auto$proc_rom.cc:155:do_switch$1737$rdmux[0][3][7]$a$19435 [0]
      New connections: $memory$auto$proc_rom.cc:155:do_switch$1737$rdmux[0][3][7]$a$19435 [1] = 1'1
    Consolidated identical input bits for $mux cell $memory$auto$proc_rom.cc:155:do_switch$1737$rdmux[0][4][13]$19476:
      Old ports: A=$memory$auto$proc_rom.cc:155:do_switch$1737$rdmux[0][4][13]$a$19477, B=2'10, Y=$memory$auto$proc_rom.cc:155:do_switch$1737$rdmux[0][3][6]$b$19433
      New ports: A=$memory$auto$proc_rom.cc:155:do_switch$1737$rdmux[0][4][13]$a$19477 [0], B=1'0, Y=$memory$auto$proc_rom.cc:155:do_switch$1737$rdmux[0][3][6]$b$19433 [0]
      New connections: $memory$auto$proc_rom.cc:155:do_switch$1737$rdmux[0][3][6]$b$19433 [1] = 1'1
    Consolidated identical input bits for $mux cell $memory$auto$proc_rom.cc:155:do_switch$1737$rdmux[0][4][12]$19473:
      Old ports: A=2'11, B=$memory$auto$proc_rom.cc:155:do_switch$1737$rdmux[0][4][12]$b$19475, Y=$memory$auto$proc_rom.cc:155:do_switch$1737$rdmux[0][3][6]$a$19432
      New ports: A=1'1, B=$memory$auto$proc_rom.cc:155:do_switch$1737$rdmux[0][4][12]$b$19475 [0], Y=$memory$auto$proc_rom.cc:155:do_switch$1737$rdmux[0][3][6]$a$19432 [0]
      New connections: $memory$auto$proc_rom.cc:155:do_switch$1737$rdmux[0][3][6]$a$19432 [1] = 1'1
    Consolidated identical input bits for $mux cell $memory$auto$proc_rom.cc:155:do_switch$1737$rdmux[0][4][8]$19461:
      Old ports: A=2'01, B=$memory$auto$proc_rom.cc:155:do_switch$1737$rdmux[0][4][8]$b$19463, Y=$memory$auto$proc_rom.cc:155:do_switch$1737$rdmux[0][3][4]$a$19426
      New ports: A=1'0, B=$memory$auto$proc_rom.cc:155:do_switch$1737$rdmux[0][4][8]$b$19463 [1], Y=$memory$auto$proc_rom.cc:155:do_switch$1737$rdmux[0][3][4]$a$19426 [1]
      New connections: $memory$auto$proc_rom.cc:155:do_switch$1737$rdmux[0][3][4]$a$19426 [0] = 1'1
    Consolidated identical input bits for $mux cell $memory$auto$proc_rom.cc:155:do_switch$1737$rdmux[0][4][6]$19455:
      Old ports: A=2'10, B=$memory$auto$proc_rom.cc:155:do_switch$1737$rdmux[0][4][6]$b$19457, Y=$memory$auto$proc_rom.cc:155:do_switch$1737$rdmux[0][3][3]$a$19423
      New ports: A=1'0, B=$memory$auto$proc_rom.cc:155:do_switch$1737$rdmux[0][4][6]$b$19457 [0], Y=$memory$auto$proc_rom.cc:155:do_switch$1737$rdmux[0][3][3]$a$19423 [0]
      New connections: $memory$auto$proc_rom.cc:155:do_switch$1737$rdmux[0][3][3]$a$19423 [1] = 1'1
    Consolidated identical input bits for $mux cell $memory$auto$proc_rom.cc:155:do_switch$1737$rdmux[0][4][5]$19452:
      Old ports: A=2'10, B=$memory$auto$proc_rom.cc:155:do_switch$1737$rdmux[0][4][5]$b$19454, Y=$memory$auto$proc_rom.cc:155:do_switch$1737$rdmux[0][3][2]$b$19421
      New ports: A=1'0, B=$memory$auto$proc_rom.cc:155:do_switch$1737$rdmux[0][4][5]$b$19454 [0], Y=$memory$auto$proc_rom.cc:155:do_switch$1737$rdmux[0][3][2]$b$19421 [0]
      New connections: $memory$auto$proc_rom.cc:155:do_switch$1737$rdmux[0][3][2]$b$19421 [1] = 1'1
    Consolidated identical input bits for $mux cell $memory$auto$proc_rom.cc:155:do_switch$1737$rdmux[0][4][4]$19449:
      Old ports: A=$memory$auto$proc_rom.cc:155:do_switch$1737$rdmux[0][4][4]$a$19450, B=$memory$auto$proc_rom.cc:155:do_switch$1737$rdmux[0][4][4]$b$19451, Y=$memory$auto$proc_rom.cc:155:do_switch$1737$rdmux[0][3][2]$a$19420
      New ports: A=$memory$auto$proc_rom.cc:155:do_switch$1737$rdmux[0][4][4]$a$19450 [0], B=$memory$auto$proc_rom.cc:155:do_switch$1737$rdmux[0][4][4]$b$19451 [0], Y=$memory$auto$proc_rom.cc:155:do_switch$1737$rdmux[0][3][2]$a$19420 [0]
      New connections: $memory$auto$proc_rom.cc:155:do_switch$1737$rdmux[0][3][2]$a$19420 [1] = 1'1
    Consolidated identical input bits for $mux cell $memory$auto$proc_rom.cc:155:do_switch$1737$rdmux[0][4][2]$19443:
      Old ports: A=$memory$auto$proc_rom.cc:155:do_switch$1737$rdmux[0][4][2]$a$19444, B=$memory$auto$proc_rom.cc:155:do_switch$1737$rdmux[0][4][2]$b$19445, Y=$memory$auto$proc_rom.cc:155:do_switch$1737$rdmux[0][3][1]$a$19417
      New ports: A=$memory$auto$proc_rom.cc:155:do_switch$1737$rdmux[0][4][2]$a$19444 [1], B=$memory$auto$proc_rom.cc:155:do_switch$1737$rdmux[0][4][2]$b$19445 [1], Y=$memory$auto$proc_rom.cc:155:do_switch$1737$rdmux[0][3][1]$a$19417 [1]
      New connections: $memory$auto$proc_rom.cc:155:do_switch$1737$rdmux[0][3][1]$a$19417 [0] = 1'1
    Consolidated identical input bits for $mux cell $memory$auto$proc_rom.cc:155:do_switch$1737$rdmux[0][3][5]$19428:
      Old ports: A=2'10, B=$memory$auto$proc_rom.cc:155:do_switch$1737$rdmux[0][3][5]$b$19430, Y=$memory$auto$proc_rom.cc:155:do_switch$1737$rdmux[0][2][2]$b$19409
      New ports: A=1'0, B=$memory$auto$proc_rom.cc:155:do_switch$1737$rdmux[0][3][5]$b$19430 [0], Y=$memory$auto$proc_rom.cc:155:do_switch$1737$rdmux[0][2][2]$b$19409 [0]
      New connections: $memory$auto$proc_rom.cc:155:do_switch$1737$rdmux[0][2][2]$b$19409 [1] = 1'1
    Consolidated identical input bits for $mux cell $procmux$16241:
      Old ports: A=$16\bedrock_decode_pkg_bedrock_decode_extended_opcode$func$../build/yosys/bedrock_full_decode_sv2v.v:2998$133.r[21:7]$931 [13:6], B=8'10000110, Y=$15\bedrock_decode_pkg_bedrock_decode_extended_opcode$func$../build/yosys/bedrock_full_decode_sv2v.v:2998$133.r[21:7]$927 [13:6]
      New ports: A=$16\bedrock_decode_pkg_bedrock_decode_extended_opcode$func$../build/yosys/bedrock_full_decode_sv2v.v:2998$133.r[21:7]$931 [7], B=1'1, Y=$15\bedrock_decode_pkg_bedrock_decode_extended_opcode$func$../build/yosys/bedrock_full_decode_sv2v.v:2998$133.r[21:7]$927 [7]
      New connections: { $15\bedrock_decode_pkg_bedrock_decode_extended_opcode$func$../build/yosys/bedrock_full_decode_sv2v.v:2998$133.r[21:7]$927 [13:8] $15\bedrock_decode_pkg_bedrock_decode_extended_opcode$func$../build/yosys/bedrock_full_decode_sv2v.v:2998$133.r[21:7]$927 [6] } = { $15\bedrock_decode_pkg_bedrock_decode_extended_opcode$func$../build/yosys/bedrock_full_decode_sv2v.v:2998$133.r[21:7]$927 [7] 4'0000 $15\bedrock_decode_pkg_bedrock_decode_extended_opcode$func$../build/yosys/bedrock_full_decode_sv2v.v:2998$133.r[21:7]$927 [7] 1'0 }
    Consolidated identical input bits for $mux cell $procmux$16186:
      Old ports: A=$16\bedrock_decode_pkg_bedrock_decode_extended_opcode$func$../build/yosys/bedrock_full_decode_sv2v.v:2998$133.r[21:7]$931 [5:0], B=6'111100, Y=$15\bedrock_decode_pkg_bedrock_decode_extended_opcode$func$../build/yosys/bedrock_full_decode_sv2v.v:2998$133.r[21:7]$927 [5:0]
      New ports: A={ $16\bedrock_decode_pkg_bedrock_decode_extended_opcode$func$../build/yosys/bedrock_full_decode_sv2v.v:2998$133.r[21:7]$931 [0] $16\bedrock_decode_pkg_bedrock_decode_extended_opcode$func$../build/yosys/bedrock_full_decode_sv2v.v:2998$133.r[21:7]$931 [0] }, B=2'10, Y={ $15\bedrock_decode_pkg_bedrock_decode_extended_opcode$func$../build/yosys/bedrock_full_decode_sv2v.v:2998$133.r[21:7]$927 [2] $15\bedrock_decode_pkg_bedrock_decode_extended_opcode$func$../build/yosys/bedrock_full_decode_sv2v.v:2998$133.r[21:7]$927 [0] }
      New connections: { $15\bedrock_decode_pkg_bedrock_decode_extended_opcode$func$../build/yosys/bedrock_full_decode_sv2v.v:2998$133.r[21:7]$927 [5:3] $15\bedrock_decode_pkg_bedrock_decode_extended_opcode$func$../build/yosys/bedrock_full_decode_sv2v.v:2998$133.r[21:7]$927 [1] } = { $15\bedrock_decode_pkg_bedrock_decode_extended_opcode$func$../build/yosys/bedrock_full_decode_sv2v.v:2998$133.r[21:7]$927 [2] $15\bedrock_decode_pkg_bedrock_decode_extended_opcode$func$../build/yosys/bedrock_full_decode_sv2v.v:2998$133.r[21:7]$927 [2] $15\bedrock_decode_pkg_bedrock_decode_extended_opcode$func$../build/yosys/bedrock_full_decode_sv2v.v:2998$133.r[21:7]$927 [2] 1'0 }
    Consolidated identical input bits for $mux cell $procmux$12898:
      Old ports: A={ 2'00 $2\bedrock_decode_pkg_bedrock_decode_field_format_token_words$func$../build/yosys/bedrock_full_decode_sv2v.v:3008$822.r[3:0]$968 [1:0] }, B=$1\required_words_o[3:0], Y=$3\required_words_o[3:0]
      New ports: A={ 1'0 $2\bedrock_decode_pkg_bedrock_decode_field_format_token_words$func$../build/yosys/bedrock_full_decode_sv2v.v:3008$822.r[3:0]$968 [1:0] }, B=$1\required_words_o[3:0] [2:0], Y=$3\required_words_o[3:0] [2:0]
      New connections: $3\required_words_o[3:0] [3] = 1'0
  Optimizing cells in module \bedrock_decode.
    Consolidated identical input bits for $mux cell $memory$auto$proc_rom.cc:155:do_switch$1737$rdmux[0][3][7]$19434:
      Old ports: A=$memory$auto$proc_rom.cc:155:do_switch$1737$rdmux[0][3][7]$a$19435, B=$memory$auto$proc_rom.cc:155:do_switch$1737$rdmux[0][3][7]$b$19436, Y=$memory$auto$proc_rom.cc:155:do_switch$1737$rdmux[0][2][3]$b$19412
      New ports: A=$memory$auto$proc_rom.cc:155:do_switch$1737$rdmux[0][3][7]$a$19435 [0], B=$memory$auto$proc_rom.cc:155:do_switch$1737$rdmux[0][3][7]$b$19436 [0], Y=$memory$auto$proc_rom.cc:155:do_switch$1737$rdmux[0][2][3]$b$19412 [0]
      New connections: $memory$auto$proc_rom.cc:155:do_switch$1737$rdmux[0][2][3]$b$19412 [1] = 1'1
    Consolidated identical input bits for $mux cell $memory$auto$proc_rom.cc:155:do_switch$1737$rdmux[0][3][6]$19431:
      Old ports: A=$memory$auto$proc_rom.cc:155:do_switch$1737$rdmux[0][3][6]$a$19432, B=$memory$auto$proc_rom.cc:155:do_switch$1737$rdmux[0][3][6]$b$19433, Y=$memory$auto$proc_rom.cc:155:do_switch$1737$rdmux[0][2][3]$a$19411
      New ports: A=$memory$auto$proc_rom.cc:155:do_switch$1737$rdmux[0][3][6]$a$19432 [0], B=$memory$auto$proc_rom.cc:155:do_switch$1737$rdmux[0][3][6]$b$19433 [0], Y=$memory$auto$proc_rom.cc:155:do_switch$1737$rdmux[0][2][3]$a$19411 [0]
      New connections: $memory$auto$proc_rom.cc:155:do_switch$1737$rdmux[0][2][3]$a$19411 [1] = 1'1
    Consolidated identical input bits for $mux cell $memory$auto$proc_rom.cc:155:do_switch$1737$rdmux[0][3][2]$19419:
      Old ports: A=$memory$auto$proc_rom.cc:155:do_switch$1737$rdmux[0][3][2]$a$19420, B=$memory$auto$proc_rom.cc:155:do_switch$1737$rdmux[0][3][2]$b$19421, Y=$memory$auto$proc_rom.cc:155:do_switch$1737$rdmux[0][2][1]$a$19405
      New ports: A=$memory$auto$proc_rom.cc:155:do_switch$1737$rdmux[0][3][2]$a$19420 [0], B=$memory$auto$proc_rom.cc:155:do_switch$1737$rdmux[0][3][2]$b$19421 [0], Y=$memory$auto$proc_rom.cc:155:do_switch$1737$rdmux[0][2][1]$a$19405 [0]
      New connections: $memory$auto$proc_rom.cc:155:do_switch$1737$rdmux[0][2][1]$a$19405 [1] = 1'1
    Consolidated identical input bits for $mux cell $procmux$16400:
      Old ports: A=$15\bedrock_decode_pkg_bedrock_decode_extended_opcode$func$../build/yosys/bedrock_full_decode_sv2v.v:2998$133.r[21:7]$927 [13:6], B=8'10000110, Y=$14\bedrock_decode_pkg_bedrock_decode_extended_opcode$func$../build/yosys/bedrock_full_decode_sv2v.v:2998$133.r[21:7]$923 [13:6]
      New ports: A=$15\bedrock_decode_pkg_bedrock_decode_extended_opcode$func$../build/yosys/bedrock_full_decode_sv2v.v:2998$133.r[21:7]$927 [7], B=1'1, Y=$14\bedrock_decode_pkg_bedrock_decode_extended_opcode$func$../build/yosys/bedrock_full_decode_sv2v.v:2998$133.r[21:7]$923 [7]
      New connections: { $14\bedrock_decode_pkg_bedrock_decode_extended_opcode$func$../build/yosys/bedrock_full_decode_sv2v.v:2998$133.r[21:7]$923 [13:8] $14\bedrock_decode_pkg_bedrock_decode_extended_opcode$func$../build/yosys/bedrock_full_decode_sv2v.v:2998$133.r[21:7]$923 [6] } = { $14\bedrock_decode_pkg_bedrock_decode_extended_opcode$func$../build/yosys/bedrock_full_decode_sv2v.v:2998$133.r[21:7]$923 [7] 4'0000 $14\bedrock_decode_pkg_bedrock_decode_extended_opcode$func$../build/yosys/bedrock_full_decode_sv2v.v:2998$133.r[21:7]$923 [7] 1'0 }
    Consolidated identical input bits for $mux cell $procmux$16348:
      Old ports: A=$15\bedrock_decode_pkg_bedrock_decode_extended_opcode$func$../build/yosys/bedrock_full_decode_sv2v.v:2998$133.r[21:7]$927 [5:0], B=6'111101, Y=$14\bedrock_decode_pkg_bedrock_decode_extended_opcode$func$../build/yosys/bedrock_full_decode_sv2v.v:2998$133.r[21:7]$923 [5:0]
      New ports: A={ $15\bedrock_decode_pkg_bedrock_decode_extended_opcode$func$../build/yosys/bedrock_full_decode_sv2v.v:2998$133.r[21:7]$927 [2] $15\bedrock_decode_pkg_bedrock_decode_extended_opcode$func$../build/yosys/bedrock_full_decode_sv2v.v:2998$133.r[21:7]$927 [0] }, B=2'11, Y={ $14\bedrock_decode_pkg_bedrock_decode_extended_opcode$func$../build/yosys/bedrock_full_decode_sv2v.v:2998$133.r[21:7]$923 [2] $14\bedrock_decode_pkg_bedrock_decode_extended_opcode$func$../build/yosys/bedrock_full_decode_sv2v.v:2998$133.r[21:7]$923 [0] }
      New connections: { $14\bedrock_decode_pkg_bedrock_decode_extended_opcode$func$../build/yosys/bedrock_full_decode_sv2v.v:2998$133.r[21:7]$923 [5:3] $14\bedrock_decode_pkg_bedrock_decode_extended_opcode$func$../build/yosys/bedrock_full_decode_sv2v.v:2998$133.r[21:7]$923 [1] } = { $14\bedrock_decode_pkg_bedrock_decode_extended_opcode$func$../build/yosys/bedrock_full_decode_sv2v.v:2998$133.r[21:7]$923 [2] $14\bedrock_decode_pkg_bedrock_decode_extended_opcode$func$../build/yosys/bedrock_full_decode_sv2v.v:2998$133.r[21:7]$923 [2] $14\bedrock_decode_pkg_bedrock_decode_extended_opcode$func$../build/yosys/bedrock_full_decode_sv2v.v:2998$133.r[21:7]$923 [2] 1'0 }
    Consolidated identical input bits for $mux cell $procmux$12907:
      Old ports: A=$1\required_words_o[3:0], B=$3\required_words_o[3:0], Y=\required_words_o
      New ports: A=$1\required_words_o[3:0] [2:0], B=$3\required_words_o[3:0] [2:0], Y=\required_words_o [2:0]
      New connections: \required_words_o [3] = 1'0
  Optimizing cells in module \bedrock_decode.
    Consolidated identical input bits for $mux cell $memory$auto$proc_rom.cc:155:do_switch$1737$rdmux[0][2][3]$19410:
      Old ports: A=$memory$auto$proc_rom.cc:155:do_switch$1737$rdmux[0][2][3]$a$19411, B=$memory$auto$proc_rom.cc:155:do_switch$1737$rdmux[0][2][3]$b$19412, Y=$memory$auto$proc_rom.cc:155:do_switch$1737$rdmux[0][1][1]$b$19400
      New ports: A=$memory$auto$proc_rom.cc:155:do_switch$1737$rdmux[0][2][3]$a$19411 [0], B=$memory$auto$proc_rom.cc:155:do_switch$1737$rdmux[0][2][3]$b$19412 [0], Y=$memory$auto$proc_rom.cc:155:do_switch$1737$rdmux[0][1][1]$b$19400 [0]
      New connections: $memory$auto$proc_rom.cc:155:do_switch$1737$rdmux[0][1][1]$b$19400 [1] = 1'1
    Consolidated identical input bits for $mux cell $procmux$16550:
      Old ports: A=$14\bedrock_decode_pkg_bedrock_decode_extended_opcode$func$../build/yosys/bedrock_full_decode_sv2v.v:2998$133.r[21:7]$923 [13:6], B=8'10000110, Y=$13\bedrock_decode_pkg_bedrock_decode_extended_opcode$func$../build/yosys/bedrock_full_decode_sv2v.v:2998$133.r[21:7]$919 [13:6]
      New ports: A=$14\bedrock_decode_pkg_bedrock_decode_extended_opcode$func$../build/yosys/bedrock_full_decode_sv2v.v:2998$133.r[21:7]$923 [7], B=1'1, Y=$13\bedrock_decode_pkg_bedrock_decode_extended_opcode$func$../build/yosys/bedrock_full_decode_sv2v.v:2998$133.r[21:7]$919 [7]
      New connections: { $13\bedrock_decode_pkg_bedrock_decode_extended_opcode$func$../build/yosys/bedrock_full_decode_sv2v.v:2998$133.r[21:7]$919 [13:8] $13\bedrock_decode_pkg_bedrock_decode_extended_opcode$func$../build/yosys/bedrock_full_decode_sv2v.v:2998$133.r[21:7]$919 [6] } = { $13\bedrock_decode_pkg_bedrock_decode_extended_opcode$func$../build/yosys/bedrock_full_decode_sv2v.v:2998$133.r[21:7]$919 [7] 4'0000 $13\bedrock_decode_pkg_bedrock_decode_extended_opcode$func$../build/yosys/bedrock_full_decode_sv2v.v:2998$133.r[21:7]$919 [7] 1'0 }
    Consolidated identical input bits for $mux cell $procmux$16501:
      Old ports: A=$14\bedrock_decode_pkg_bedrock_decode_extended_opcode$func$../build/yosys/bedrock_full_decode_sv2v.v:2998$133.r[21:7]$923 [5:0], B=6'111100, Y=$13\bedrock_decode_pkg_bedrock_decode_extended_opcode$func$../build/yosys/bedrock_full_decode_sv2v.v:2998$133.r[21:7]$919 [5:0]
      New ports: A={ $14\bedrock_decode_pkg_bedrock_decode_extended_opcode$func$../build/yosys/bedrock_full_decode_sv2v.v:2998$133.r[21:7]$923 [2] $14\bedrock_decode_pkg_bedrock_decode_extended_opcode$func$../build/yosys/bedrock_full_decode_sv2v.v:2998$133.r[21:7]$923 [0] }, B=2'10, Y={ $13\bedrock_decode_pkg_bedrock_decode_extended_opcode$func$../build/yosys/bedrock_full_decode_sv2v.v:2998$133.r[21:7]$919 [2] $13\bedrock_decode_pkg_bedrock_decode_extended_opcode$func$../build/yosys/bedrock_full_decode_sv2v.v:2998$133.r[21:7]$919 [0] }
      New connections: { $13\bedrock_decode_pkg_bedrock_decode_extended_opcode$func$../build/yosys/bedrock_full_decode_sv2v.v:2998$133.r[21:7]$919 [5:3] $13\bedrock_decode_pkg_bedrock_decode_extended_opcode$func$../build/yosys/bedrock_full_decode_sv2v.v:2998$133.r[21:7]$919 [1] } = { $13\bedrock_decode_pkg_bedrock_decode_extended_opcode$func$../build/yosys/bedrock_full_decode_sv2v.v:2998$133.r[21:7]$919 [2] $13\bedrock_decode_pkg_bedrock_decode_extended_opcode$func$../build/yosys/bedrock_full_decode_sv2v.v:2998$133.r[21:7]$919 [2] $13\bedrock_decode_pkg_bedrock_decode_extended_opcode$func$../build/yosys/bedrock_full_decode_sv2v.v:2998$133.r[21:7]$919 [2] 1'0 }
  Optimizing cells in module \bedrock_decode.
    Consolidated identical input bits for $mux cell $procmux$16645:
      Old ports: A=$13\bedrock_decode_pkg_bedrock_decode_extended_opcode$func$../build/yosys/bedrock_full_decode_sv2v.v:2998$133.r[21:7]$919 [5:0], B=6'110101, Y=$11\bedrock_decode_pkg_bedrock_decode_extended_opcode$func$../build/yosys/bedrock_full_decode_sv2v.v:2998$133.r[21:7]$911 [5:0]
      New ports: A={ $13\bedrock_decode_pkg_bedrock_decode_extended_opcode$func$../build/yosys/bedrock_full_decode_sv2v.v:2998$133.r[21:7]$919 [2] $13\bedrock_decode_pkg_bedrock_decode_extended_opcode$func$../build/yosys/bedrock_full_decode_sv2v.v:2998$133.r[21:7]$919 [2] $13\bedrock_decode_pkg_bedrock_decode_extended_opcode$func$../build/yosys/bedrock_full_decode_sv2v.v:2998$133.r[21:7]$919 [0] }, B=3'011, Y={ $11\bedrock_decode_pkg_bedrock_decode_extended_opcode$func$../build/yosys/bedrock_full_decode_sv2v.v:2998$133.r[21:7]$911 [3:2] $11\bedrock_decode_pkg_bedrock_decode_extended_opcode$func$../build/yosys/bedrock_full_decode_sv2v.v:2998$133.r[21:7]$911 [0] }
      New connections: { $11\bedrock_decode_pkg_bedrock_decode_extended_opcode$func$../build/yosys/bedrock_full_decode_sv2v.v:2998$133.r[21:7]$911 [5:4] $11\bedrock_decode_pkg_bedrock_decode_extended_opcode$func$../build/yosys/bedrock_full_decode_sv2v.v:2998$133.r[21:7]$911 [1] } = { $11\bedrock_decode_pkg_bedrock_decode_extended_opcode$func$../build/yosys/bedrock_full_decode_sv2v.v:2998$133.r[21:7]$911 [2] $11\bedrock_decode_pkg_bedrock_decode_extended_opcode$func$../build/yosys/bedrock_full_decode_sv2v.v:2998$133.r[21:7]$911 [2] 1'0 }
    Consolidated identical input bits for $mux cell $procmux$16691:
      Old ports: A=$13\bedrock_decode_pkg_bedrock_decode_extended_opcode$func$../build/yosys/bedrock_full_decode_sv2v.v:2998$133.r[21:7]$919 [13:6], B=8'10110011, Y=$11\bedrock_decode_pkg_bedrock_decode_extended_opcode$func$../build/yosys/bedrock_full_decode_sv2v.v:2998$133.r[21:7]$911 [13:6]
      New ports: A={ $13\bedrock_decode_pkg_bedrock_decode_extended_opcode$func$../build/yosys/bedrock_full_decode_sv2v.v:2998$133.r[21:7]$919 [7] $13\bedrock_decode_pkg_bedrock_decode_extended_opcode$func$../build/yosys/bedrock_full_decode_sv2v.v:2998$133.r[21:7]$919 [7] 1'0 }, B=3'011, Y=$11\bedrock_decode_pkg_bedrock_decode_extended_opcode$func$../build/yosys/bedrock_full_decode_sv2v.v:2998$133.r[21:7]$911 [8:6]
      New connections: $11\bedrock_decode_pkg_bedrock_decode_extended_opcode$func$../build/yosys/bedrock_full_decode_sv2v.v:2998$133.r[21:7]$911 [13:9] = { $11\bedrock_decode_pkg_bedrock_decode_extended_opcode$func$../build/yosys/bedrock_full_decode_sv2v.v:2998$133.r[21:7]$911 [7] 1'0 $11\bedrock_decode_pkg_bedrock_decode_extended_opcode$func$../build/yosys/bedrock_full_decode_sv2v.v:2998$133.r[21:7]$911 [6] $11\bedrock_decode_pkg_bedrock_decode_extended_opcode$func$../build/yosys/bedrock_full_decode_sv2v.v:2998$133.r[21:7]$911 [6] 1'0 }
  Optimizing cells in module \bedrock_decode.
    Consolidated identical input bits for $mux cell $procmux$16946:
      Old ports: A=$11\bedrock_decode_pkg_bedrock_decode_extended_opcode$func$../build/yosys/bedrock_full_decode_sv2v.v:2998$133.r[21:7]$911 [13:6], B=8'11000000, Y=$10\bedrock_decode_pkg_bedrock_decode_extended_opcode$func$../build/yosys/bedrock_full_decode_sv2v.v:2998$133.r[21:7]$909 [13:6]
      New ports: A={ $11\bedrock_decode_pkg_bedrock_decode_extended_opcode$func$../build/yosys/bedrock_full_decode_sv2v.v:2998$133.r[21:7]$911 [7] 1'0 $11\bedrock_decode_pkg_bedrock_decode_extended_opcode$func$../build/yosys/bedrock_full_decode_sv2v.v:2998$133.r[21:7]$911 [8:6] }, B=5'11000, Y={ $10\bedrock_decode_pkg_bedrock_decode_extended_opcode$func$../build/yosys/bedrock_full_decode_sv2v.v:2998$133.r[21:7]$909 [13:12] $10\bedrock_decode_pkg_bedrock_decode_extended_opcode$func$../build/yosys/bedrock_full_decode_sv2v.v:2998$133.r[21:7]$909 [8:6] }
      New connections: $10\bedrock_decode_pkg_bedrock_decode_extended_opcode$func$../build/yosys/bedrock_full_decode_sv2v.v:2998$133.r[21:7]$909 [11:9] = { $10\bedrock_decode_pkg_bedrock_decode_extended_opcode$func$../build/yosys/bedrock_full_decode_sv2v.v:2998$133.r[21:7]$909 [6] $10\bedrock_decode_pkg_bedrock_decode_extended_opcode$func$../build/yosys/bedrock_full_decode_sv2v.v:2998$133.r[21:7]$909 [6] 1'0 }
    Consolidated identical input bits for $mux cell $procmux$16906:
      Old ports: A=$11\bedrock_decode_pkg_bedrock_decode_extended_opcode$func$../build/yosys/bedrock_full_decode_sv2v.v:2998$133.r[21:7]$911 [5:0], B=6'000000, Y=$10\bedrock_decode_pkg_bedrock_decode_extended_opcode$func$../build/yosys/bedrock_full_decode_sv2v.v:2998$133.r[21:7]$909 [5:0]
      New ports: A={ $11\bedrock_decode_pkg_bedrock_decode_extended_opcode$func$../build/yosys/bedrock_full_decode_sv2v.v:2998$133.r[21:7]$911 [3:2] $11\bedrock_decode_pkg_bedrock_decode_extended_opcode$func$../build/yosys/bedrock_full_decode_sv2v.v:2998$133.r[21:7]$911 [0] }, B=3'000, Y={ $10\bedrock_decode_pkg_bedrock_decode_extended_opcode$func$../build/yosys/bedrock_full_decode_sv2v.v:2998$133.r[21:7]$909 [3:2] $10\bedrock_decode_pkg_bedrock_decode_extended_opcode$func$../build/yosys/bedrock_full_decode_sv2v.v:2998$133.r[21:7]$909 [0] }
      New connections: { $10\bedrock_decode_pkg_bedrock_decode_extended_opcode$func$../build/yosys/bedrock_full_decode_sv2v.v:2998$133.r[21:7]$909 [5:4] $10\bedrock_decode_pkg_bedrock_decode_extended_opcode$func$../build/yosys/bedrock_full_decode_sv2v.v:2998$133.r[21:7]$909 [1] } = { $10\bedrock_decode_pkg_bedrock_decode_extended_opcode$func$../build/yosys/bedrock_full_decode_sv2v.v:2998$133.r[21:7]$909 [2] $10\bedrock_decode_pkg_bedrock_decode_extended_opcode$func$../build/yosys/bedrock_full_decode_sv2v.v:2998$133.r[21:7]$909 [2] 1'0 }
  Optimizing cells in module \bedrock_decode.
    Consolidated identical input bits for $mux cell $procmux$17165:
      Old ports: A=$10\bedrock_decode_pkg_bedrock_decode_extended_opcode$func$../build/yosys/bedrock_full_decode_sv2v.v:2998$133.r[21:7]$909 [13:6], B=8'01111001, Y=$8\bedrock_decode_pkg_bedrock_decode_extended_opcode$func$../build/yosys/bedrock_full_decode_sv2v.v:2998$133.r[21:7]$903 [13:6]
      New ports: A={ $10\bedrock_decode_pkg_bedrock_decode_extended_opcode$func$../build/yosys/bedrock_full_decode_sv2v.v:2998$133.r[21:7]$909 [13:12] 1'0 $10\bedrock_decode_pkg_bedrock_decode_extended_opcode$func$../build/yosys/bedrock_full_decode_sv2v.v:2998$133.r[21:7]$909 [8:6] }, B=6'011001, Y={ $8\bedrock_decode_pkg_bedrock_decode_extended_opcode$func$../build/yosys/bedrock_full_decode_sv2v.v:2998$133.r[21:7]$903 [13:12] $8\bedrock_decode_pkg_bedrock_decode_extended_opcode$func$../build/yosys/bedrock_full_decode_sv2v.v:2998$133.r[21:7]$903 [9:6] }
      New connections: $8\bedrock_decode_pkg_bedrock_decode_extended_opcode$func$../build/yosys/bedrock_full_decode_sv2v.v:2998$133.r[21:7]$903 [11:10] = { $8\bedrock_decode_pkg_bedrock_decode_extended_opcode$func$../build/yosys/bedrock_full_decode_sv2v.v:2998$133.r[21:7]$903 [6] $8\bedrock_decode_pkg_bedrock_decode_extended_opcode$func$../build/yosys/bedrock_full_decode_sv2v.v:2998$133.r[21:7]$903 [6] }
    Consolidated identical input bits for $mux cell $procmux$17131:
      Old ports: A=$10\bedrock_decode_pkg_bedrock_decode_extended_opcode$func$../build/yosys/bedrock_full_decode_sv2v.v:2998$133.r[21:7]$909 [5:0], B=6'011100, Y=$8\bedrock_decode_pkg_bedrock_decode_extended_opcode$func$../build/yosys/bedrock_full_decode_sv2v.v:2998$133.r[21:7]$903 [5:0]
      New ports: A={ $10\bedrock_decode_pkg_bedrock_decode_extended_opcode$func$../build/yosys/bedrock_full_decode_sv2v.v:2998$133.r[21:7]$909 [2] $10\bedrock_decode_pkg_bedrock_decode_extended_opcode$func$../build/yosys/bedrock_full_decode_sv2v.v:2998$133.r[21:7]$909 [3:2] $10\bedrock_decode_pkg_bedrock_decode_extended_opcode$func$../build/yosys/bedrock_full_decode_sv2v.v:2998$133.r[21:7]$909 [0] }, B=4'0110, Y={ $8\bedrock_decode_pkg_bedrock_decode_extended_opcode$func$../build/yosys/bedrock_full_decode_sv2v.v:2998$133.r[21:7]$903 [5] $8\bedrock_decode_pkg_bedrock_decode_extended_opcode$func$../build/yosys/bedrock_full_decode_sv2v.v:2998$133.r[21:7]$903 [3:2] $8\bedrock_decode_pkg_bedrock_decode_extended_opcode$func$../build/yosys/bedrock_full_decode_sv2v.v:2998$133.r[21:7]$903 [0] }
      New connections: { $8\bedrock_decode_pkg_bedrock_decode_extended_opcode$func$../build/yosys/bedrock_full_decode_sv2v.v:2998$133.r[21:7]$903 [4] $8\bedrock_decode_pkg_bedrock_decode_extended_opcode$func$../build/yosys/bedrock_full_decode_sv2v.v:2998$133.r[21:7]$903 [1] } = { $8\bedrock_decode_pkg_bedrock_decode_extended_opcode$func$../build/yosys/bedrock_full_decode_sv2v.v:2998$133.r[21:7]$903 [2] 1'0 }
  Optimizing cells in module \bedrock_decode.
    Consolidated identical input bits for $mux cell $procmux$17261:
      Old ports: A=$8\bedrock_decode_pkg_bedrock_decode_extended_opcode$func$../build/yosys/bedrock_full_decode_sv2v.v:2998$133.r[21:7]$903 [13:6], B=8'01010110, Y=$7\bedrock_decode_pkg_bedrock_decode_extended_opcode$func$../build/yosys/bedrock_full_decode_sv2v.v:2998$133.r[21:7]$899 [13:6]
      New ports: A={ $8\bedrock_decode_pkg_bedrock_decode_extended_opcode$func$../build/yosys/bedrock_full_decode_sv2v.v:2998$133.r[21:7]$903 [13:12] $8\bedrock_decode_pkg_bedrock_decode_extended_opcode$func$../build/yosys/bedrock_full_decode_sv2v.v:2998$133.r[21:7]$903 [6] $8\bedrock_decode_pkg_bedrock_decode_extended_opcode$func$../build/yosys/bedrock_full_decode_sv2v.v:2998$133.r[21:7]$903 [9:6] }, B=7'0110110, Y={ $7\bedrock_decode_pkg_bedrock_decode_extended_opcode$func$../build/yosys/bedrock_full_decode_sv2v.v:2998$133.r[21:7]$899 [13:12] $7\bedrock_decode_pkg_bedrock_decode_extended_opcode$func$../build/yosys/bedrock_full_decode_sv2v.v:2998$133.r[21:7]$899 [10:6] }
      New connections: $7\bedrock_decode_pkg_bedrock_decode_extended_opcode$func$../build/yosys/bedrock_full_decode_sv2v.v:2998$133.r[21:7]$899 [11] = $7\bedrock_decode_pkg_bedrock_decode_extended_opcode$func$../build/yosys/bedrock_full_decode_sv2v.v:2998$133.r[21:7]$899 [6]
    Consolidated identical input bits for $mux cell $procmux$17230:
      Old ports: A=$8\bedrock_decode_pkg_bedrock_decode_extended_opcode$func$../build/yosys/bedrock_full_decode_sv2v.v:2998$133.r[21:7]$903 [5:0], B=6'110111, Y=$7\bedrock_decode_pkg_bedrock_decode_extended_opcode$func$../build/yosys/bedrock_full_decode_sv2v.v:2998$133.r[21:7]$899 [5:0]
      New ports: A={ $8\bedrock_decode_pkg_bedrock_decode_extended_opcode$func$../build/yosys/bedrock_full_decode_sv2v.v:2998$133.r[21:7]$903 [5] $8\bedrock_decode_pkg_bedrock_decode_extended_opcode$func$../build/yosys/bedrock_full_decode_sv2v.v:2998$133.r[21:7]$903 [3:2] 1'0 $8\bedrock_decode_pkg_bedrock_decode_extended_opcode$func$../build/yosys/bedrock_full_decode_sv2v.v:2998$133.r[21:7]$903 [0] }, B=5'10111, Y={ $7\bedrock_decode_pkg_bedrock_decode_extended_opcode$func$../build/yosys/bedrock_full_decode_sv2v.v:2998$133.r[21:7]$899 [5] $7\bedrock_decode_pkg_bedrock_decode_extended_opcode$func$../build/yosys/bedrock_full_decode_sv2v.v:2998$133.r[21:7]$899 [3:0] }
      New connections: $7\bedrock_decode_pkg_bedrock_decode_extended_opcode$func$../build/yosys/bedrock_full_decode_sv2v.v:2998$133.r[21:7]$899 [4] = $7\bedrock_decode_pkg_bedrock_decode_extended_opcode$func$../build/yosys/bedrock_full_decode_sv2v.v:2998$133.r[21:7]$899 [2]
  Optimizing cells in module \bedrock_decode.
    Consolidated identical input bits for $mux cell $procmux$17320:
      Old ports: A=$7\bedrock_decode_pkg_bedrock_decode_extended_opcode$func$../build/yosys/bedrock_full_decode_sv2v.v:2998$133.r[21:7]$899 [5:0], B=6'111101, Y=$6\bedrock_decode_pkg_bedrock_decode_extended_opcode$func$../build/yosys/bedrock_full_decode_sv2v.v:2998$133.r[21:7]$895 [5:0]
      New ports: A={ $7\bedrock_decode_pkg_bedrock_decode_extended_opcode$func$../build/yosys/bedrock_full_decode_sv2v.v:2998$133.r[21:7]$899 [5] $7\bedrock_decode_pkg_bedrock_decode_extended_opcode$func$../build/yosys/bedrock_full_decode_sv2v.v:2998$133.r[21:7]$899 [3:0] }, B=5'11101, Y={ $6\bedrock_decode_pkg_bedrock_decode_extended_opcode$func$../build/yosys/bedrock_full_decode_sv2v.v:2998$133.r[21:7]$895 [5] $6\bedrock_decode_pkg_bedrock_decode_extended_opcode$func$../build/yosys/bedrock_full_decode_sv2v.v:2998$133.r[21:7]$895 [3:0] }
      New connections: $6\bedrock_decode_pkg_bedrock_decode_extended_opcode$func$../build/yosys/bedrock_full_decode_sv2v.v:2998$133.r[21:7]$895 [4] = $6\bedrock_decode_pkg_bedrock_decode_extended_opcode$func$../build/yosys/bedrock_full_decode_sv2v.v:2998$133.r[21:7]$895 [2]
  Optimizing cells in module \bedrock_decode.
Performed a total of 150 changes.

2.19.5. Executing OPT_MERGE pass (detect identical cells).
Finding identical cells in module `\bedrock_full_decode'.
Computing hashes of 131 cells of `\bedrock_full_decode'.
Finding duplicate cells in `\bedrock_full_decode'.
Finding identical cells in module `\bedrock_agu_request_build'.
Computing hashes of 10 cells of `\bedrock_agu_request_build'.
Finding duplicate cells in `\bedrock_agu_request_build'.
Finding identical cells in module `\bedrock_ea_decode'.
Computing hashes of 204 cells of `\bedrock_ea_decode'.
Finding duplicate cells in `\bedrock_ea_decode'.
Computing hashes of 136 cells of `\bedrock_ea_decode'.
Finding duplicate cells in `\bedrock_ea_decode'.
Computing hashes of 110 cells of `\bedrock_ea_decode'.
Finding duplicate cells in `\bedrock_ea_decode'.
Computing hashes of 97 cells of `\bedrock_ea_decode'.
Finding duplicate cells in `\bedrock_ea_decode'.
Computing hashes of 89 cells of `\bedrock_ea_decode'.
Finding duplicate cells in `\bedrock_ea_decode'.
<suppressed ~345 debug messages>
Finding identical cells in module `\bedrock_prefix_decode'.
Computing hashes of 79 cells of `\bedrock_prefix_decode'.
Finding duplicate cells in `\bedrock_prefix_decode'.
Finding identical cells in module `\bedrock_decode'.
Computing hashes of 679 cells of `\bedrock_decode'.
Finding duplicate cells in `\bedrock_decode'.
Computing hashes of 664 cells of `\bedrock_decode'.
Finding duplicate cells in `\bedrock_decode'.
Computing hashes of 661 cells of `\bedrock_decode'.
Finding duplicate cells in `\bedrock_decode'.
<suppressed ~54 debug messages>
Removed a total of 133 cells.

2.19.6. Executing OPT_SHARE pass.

2.19.7. Executing OPT_DFF pass (perform DFF optimizations).

2.19.8. Executing OPT_CLEAN pass (remove unused cells and wires).
Finding unused cells or wires in module \bedrock_full_decode..
Finding unused cells or wires in module \bedrock_agu_request_build..
Finding unused cells or wires in module \bedrock_ea_decode..
Finding unused cells or wires in module \bedrock_prefix_decode..
Finding unused cells or wires in module \bedrock_decode..
Removed 0 unused cells and 315 unused wires.
<suppressed ~2 debug messages>

2.19.9. Executing OPT_EXPR pass (perform const folding).
Optimizing module bedrock_full_decode.
Optimizing module bedrock_agu_request_build.
Optimizing module bedrock_ea_decode.
<suppressed ~6 debug messages>
Optimizing module bedrock_prefix_decode.
Optimizing module bedrock_decode.
<suppressed ~15 debug messages>

2.19.10. Rerunning OPT passes. (Maybe there is more to do..)

2.19.11. Executing OPT_MUXTREE pass (detect dead branches in mux trees).
Running muxtree optimizer on module \bedrock_full_decode..
  Creating internal representation of mux trees.
  Evaluating internal representation of mux trees.
  Analyzing evaluation results.
Running muxtree optimizer on module \bedrock_agu_request_build..
  Creating internal representation of mux trees.
  No muxes found in this module.
Running muxtree optimizer on module \bedrock_ea_decode..
  Creating internal representation of mux trees.
  Evaluating internal representation of mux trees.
  Analyzing evaluation results.
Running muxtree optimizer on module \bedrock_prefix_decode..
  Creating internal representation of mux trees.
  Evaluating internal representation of mux trees.
  Analyzing evaluation results.
Running muxtree optimizer on module \bedrock_decode..
  Creating internal representation of mux trees.
  Evaluating internal representation of mux trees.
  Analyzing evaluation results.
Removed 0 multiplexer ports.
<suppressed ~389 debug messages>

2.19.12. Executing OPT_REDUCE pass (consolidate $*mux and $reduce_* inputs).
  Optimizing cells in module \bedrock_full_decode.
  Optimizing cells in module \bedrock_agu_request_build.
  Optimizing cells in module \bedrock_ea_decode.
    Consolidated identical input bits for $mux cell $memory$auto$proc_rom.cc:155:do_switch$1725$rdmux[0][1][1]$19146:
      Old ports: A={ $memory$auto$proc_rom.cc:155:do_switch$1681$rdmux[0][1][1]$a$19378 [2] $memory$auto$proc_rom.cc:155:do_switch$1681$rdmux[0][1][1]$a$19378 [0] $memory$auto$proc_rom.cc:155:do_switch$1681$rdmux[0][1][1]$a$19378 [0] }, B={ 1'1 $memory$auto$proc_rom.cc:155:do_switch$1681$rdmux[0][1][1]$a$19378 [2] $memory$auto$proc_rom.cc:155:do_switch$1681$rdmux[0][1][1]$a$19378 [0] }, Y=$memory$auto$proc_rom.cc:155:do_switch$1681$rdmux[0][0][0]$b$19373
      New ports: A={ $memory$auto$proc_rom.cc:155:do_switch$1681$rdmux[0][1][1]$a$19378 [2] $memory$auto$proc_rom.cc:155:do_switch$1681$rdmux[0][1][1]$a$19378 [0] }, B={ 1'1 $memory$auto$proc_rom.cc:155:do_switch$1681$rdmux[0][1][1]$a$19378 [2] }, Y=$memory$auto$proc_rom.cc:155:do_switch$1681$rdmux[0][0][0]$b$19373 [2:1]
      New connections: $memory$auto$proc_rom.cc:155:do_switch$1681$rdmux[0][0][0]$b$19373 [0] = $memory$auto$proc_rom.cc:155:do_switch$1681$rdmux[0][1][1]$a$19378 [0]
    Consolidated identical input bits for $pmux cell $procmux$3402:
      Old ports: A=8'00000000, B={ 25'1010010110010011100010100 $20\bedrock_ea_decode_pkg_bedrock_decode_extended_ea$func$../build/yosys/bedrock_full_decode_sv2v.v:4223$1006.r[7:0]$1187 $21\bedrock_ea_decode_pkg_bedrock_decode_extended_ea$func$../build/yosys/bedrock_full_decode_sv2v.v:4223$1006.r[35:13]$1188 [6] 2'00 $21\bedrock_ea_decode_pkg_bedrock_decode_extended_ea$func$../build/yosys/bedrock_full_decode_sv2v.v:4223$1006.r[35:13]$1188 [6] 1'0 $21\bedrock_ea_decode_pkg_bedrock_decode_extended_ea$func$../build/yosys/bedrock_full_decode_sv2v.v:4223$1006.r[35:13]$1188 [6] 1'0 $20\bedrock_ea_decode_pkg_bedrock_decode_extended_ea$func$../build/yosys/bedrock_full_decode_sv2v.v:4223$1006.r[7:0]$1187 1'0 $21\bedrock_ea_decode_pkg_bedrock_decode_extended_ea$func$../build/yosys/bedrock_full_decode_sv2v.v:4223$1006.r[35:13]$1188 [6] 2'00 $21\bedrock_ea_decode_pkg_bedrock_decode_extended_ea$func$../build/yosys/bedrock_full_decode_sv2v.v:4223$1006.r[35:13]$1188 [6] $21\bedrock_ea_decode_pkg_bedrock_decode_extended_ea$func$../build/yosys/bedrock_full_decode_sv2v.v:4223$1006.r[35:13]$1188 [6] $20\bedrock_ea_decode_pkg_bedrock_decode_extended_ea$func$../build/yosys/bedrock_full_decode_sv2v.v:4223$1006.r[7:0]$1187 2'00 $21\bedrock_ea_decode_pkg_bedrock_decode_extended_ea$func$../build/yosys/bedrock_full_decode_sv2v.v:4223$1006.r[35:13]$1188 [6] 2'00 $21\bedrock_ea_decode_pkg_bedrock_decode_extended_ea$func$../build/yosys/bedrock_full_decode_sv2v.v:4223$1006.r[35:13]$1188 [6] $21\bedrock_ea_decode_pkg_bedrock_decode_extended_ea$func$../build/yosys/bedrock_full_decode_sv2v.v:4223$1006.r[35:13]$1188 [6] $20\bedrock_ea_decode_pkg_bedrock_decode_extended_ea$func$../build/yosys/bedrock_full_decode_sv2v.v:4223$1006.r[7:0]$1187 3'000 $20\bedrock_ea_decode_pkg_bedrock_decode_extended_ea$func$../build/yosys/bedrock_full_decode_sv2v.v:4223$1006.r[7:0]$1187 1'0 $21\bedrock_ea_decode_pkg_bedrock_decode_extended_ea$func$../build/yosys/bedrock_full_decode_sv2v.v:4223$1006.r[35:13]$1188 [6] 8'00000000 $20\bedrock_ea_decode_pkg_bedrock_decode_extended_ea$func$../build/yosys/bedrock_full_decode_sv2v.v:4223$1006.r[7:0]$1187 8'00000001 }, Y=$1\bedrock_ea_decode_pkg_bedrock_decode_ea$func$../build/yosys/bedrock_full_decode_sv2v.v:4235$1004.$result[39:0]$1068 [7:0]
      New ports: A=7'0000000, B={ 22'1000101101001110010100 $20\bedrock_ea_decode_pkg_bedrock_decode_extended_ea$func$../build/yosys/bedrock_full_decode_sv2v.v:4223$1006.r[7:0]$1187 2'00 $21\bedrock_ea_decode_pkg_bedrock_decode_extended_ea$func$../build/yosys/bedrock_full_decode_sv2v.v:4223$1006.r[35:13]$1188 [6] 1'0 $21\bedrock_ea_decode_pkg_bedrock_decode_extended_ea$func$../build/yosys/bedrock_full_decode_sv2v.v:4223$1006.r[35:13]$1188 [6] 1'0 $20\bedrock_ea_decode_pkg_bedrock_decode_extended_ea$func$../build/yosys/bedrock_full_decode_sv2v.v:4223$1006.r[7:0]$1187 $21\bedrock_ea_decode_pkg_bedrock_decode_extended_ea$func$../build/yosys/bedrock_full_decode_sv2v.v:4223$1006.r[35:13]$1188 [6] 2'00 $21\bedrock_ea_decode_pkg_bedrock_decode_extended_ea$func$../build/yosys/bedrock_full_decode_sv2v.v:4223$1006.r[35:13]$1188 [6] $21\bedrock_ea_decode_pkg_bedrock_decode_extended_ea$func$../build/yosys/bedrock_full_decode_sv2v.v:4223$1006.r[35:13]$1188 [6] $20\bedrock_ea_decode_pkg_bedrock_decode_extended_ea$func$../build/yosys/bedrock_full_decode_sv2v.v:4223$1006.r[7:0]$1187 1'0 $21\bedrock_ea_decode_pkg_bedrock_decode_extended_ea$func$../build/yosys/bedrock_full_decode_sv2v.v:4223$1006.r[35:13]$1188 [6] 2'00 $21\bedrock_ea_decode_pkg_bedrock_decode_extended_ea$func$../build/yosys/bedrock_full_decode_sv2v.v:4223$1006.r[35:13]$1188 [6] $21\bedrock_ea_decode_pkg_bedrock_decode_extended_ea$func$../build/yosys/bedrock_full_decode_sv2v.v:4223$1006.r[35:13]$1188 [6] $20\bedrock_ea_decode_pkg_bedrock_decode_extended_ea$func$../build/yosys/bedrock_full_decode_sv2v.v:4223$1006.r[7:0]$1187 2'00 $20\bedrock_ea_decode_pkg_bedrock_decode_extended_ea$func$../build/yosys/bedrock_full_decode_sv2v.v:4223$1006.r[7:0]$1187 1'0 $21\bedrock_ea_decode_pkg_bedrock_decode_extended_ea$func$../build/yosys/bedrock_full_decode_sv2v.v:4223$1006.r[35:13]$1188 [6] 7'0000000 $20\bedrock_ea_decode_pkg_bedrock_decode_extended_ea$func$../build/yosys/bedrock_full_decode_sv2v.v:4223$1006.r[7:0]$1187 7'0000001 }, Y={ $1\bedrock_ea_decode_pkg_bedrock_decode_ea$func$../build/yosys/bedrock_full_decode_sv2v.v:4235$1004.$result[39:0]$1068 [7:6] $1\bedrock_ea_decode_pkg_bedrock_decode_ea$func$../build/yosys/bedrock_full_decode_sv2v.v:4235$1004.$result[39:0]$1068 [4:0] }
      New connections: $1\bedrock_ea_decode_pkg_bedrock_decode_ea$func$../build/yosys/bedrock_full_decode_sv2v.v:4235$1004.$result[39:0]$1068 [5] = $1\bedrock_ea_decode_pkg_bedrock_decode_ea$func$../build/yosys/bedrock_full_decode_sv2v.v:4235$1004.$result[39:0]$1068 [2]
  Optimizing cells in module \bedrock_ea_decode.
  Optimizing cells in module \bedrock_prefix_decode.
  Optimizing cells in module \bedrock_decode.
Performed a total of 2 changes.

2.19.13. Executing OPT_MERGE pass (detect identical cells).
Finding identical cells in module `\bedrock_full_decode'.
Computing hashes of 131 cells of `\bedrock_full_decode'.
Finding duplicate cells in `\bedrock_full_decode'.
Finding identical cells in module `\bedrock_agu_request_build'.
Computing hashes of 10 cells of `\bedrock_agu_request_build'.
Finding duplicate cells in `\bedrock_agu_request_build'.
Finding identical cells in module `\bedrock_ea_decode'.
Computing hashes of 85 cells of `\bedrock_ea_decode'.
Finding duplicate cells in `\bedrock_ea_decode'.
Computing hashes of 84 cells of `\bedrock_ea_decode'.
Finding duplicate cells in `\bedrock_ea_decode'.
<suppressed ~3 debug messages>
Finding identical cells in module `\bedrock_prefix_decode'.
Computing hashes of 79 cells of `\bedrock_prefix_decode'.
Finding duplicate cells in `\bedrock_prefix_decode'.
Finding identical cells in module `\bedrock_decode'.
Computing hashes of 654 cells of `\bedrock_decode'.
Finding duplicate cells in `\bedrock_decode'.
Computing hashes of 653 cells of `\bedrock_decode'.
Finding duplicate cells in `\bedrock_decode'.
Computing hashes of 652 cells of `\bedrock_decode'.
Finding duplicate cells in `\bedrock_decode'.
Computing hashes of 651 cells of `\bedrock_decode'.
Finding duplicate cells in `\bedrock_decode'.
<suppressed ~9 debug messages>
Removed a total of 4 cells.

2.19.14. Executing OPT_SHARE pass.

2.19.15. Executing OPT_DFF pass (perform DFF optimizations).

2.19.16. Executing OPT_CLEAN pass (remove unused cells and wires).
Finding unused cells or wires in module \bedrock_full_decode..
Finding unused cells or wires in module \bedrock_agu_request_build..
Finding unused cells or wires in module \bedrock_ea_decode..
Finding unused cells or wires in module \bedrock_prefix_decode..
Finding unused cells or wires in module \bedrock_decode..
Removed 0 unused cells and 5 unused wires.
<suppressed ~2 debug messages>

2.19.17. Executing OPT_EXPR pass (perform const folding).
Optimizing module bedrock_full_decode.
Optimizing module bedrock_agu_request_build.
Optimizing module bedrock_ea_decode.
Optimizing module bedrock_prefix_decode.
Optimizing module bedrock_decode.

2.19.18. Rerunning OPT passes. (Maybe there is more to do..)

2.19.19. Executing OPT_MUXTREE pass (detect dead branches in mux trees).
Running muxtree optimizer on module \bedrock_full_decode..
  Creating internal representation of mux trees.
  Evaluating internal representation of mux trees.
  Analyzing evaluation results.
Running muxtree optimizer on module \bedrock_agu_request_build..
  Creating internal representation of mux trees.
  No muxes found in this module.
Running muxtree optimizer on module \bedrock_ea_decode..
  Creating internal representation of mux trees.
  Evaluating internal representation of mux trees.
  Analyzing evaluation results.
Running muxtree optimizer on module \bedrock_prefix_decode..
  Creating internal representation of mux trees.
  Evaluating internal representation of mux trees.
  Analyzing evaluation results.
Running muxtree optimizer on module \bedrock_decode..
  Creating internal representation of mux trees.
  Evaluating internal representation of mux trees.
  Analyzing evaluation results.
Removed 0 multiplexer ports.
<suppressed ~381 debug messages>

2.19.20. Executing OPT_REDUCE pass (consolidate $*mux and $reduce_* inputs).
  Optimizing cells in module \bedrock_full_decode.
  Optimizing cells in module \bedrock_agu_request_build.
  Optimizing cells in module \bedrock_ea_decode.
  Optimizing cells in module \bedrock_prefix_decode.
  Optimizing cells in module \bedrock_decode.
Performed a total of 0 changes.

2.19.21. Executing OPT_MERGE pass (detect identical cells).
Finding identical cells in module `\bedrock_full_decode'.
Computing hashes of 131 cells of `\bedrock_full_decode'.
Finding duplicate cells in `\bedrock_full_decode'.
Finding identical cells in module `\bedrock_agu_request_build'.
Computing hashes of 10 cells of `\bedrock_agu_request_build'.
Finding duplicate cells in `\bedrock_agu_request_build'.
Finding identical cells in module `\bedrock_ea_decode'.
Computing hashes of 84 cells of `\bedrock_ea_decode'.
Finding duplicate cells in `\bedrock_ea_decode'.
Finding identical cells in module `\bedrock_prefix_decode'.
Computing hashes of 79 cells of `\bedrock_prefix_decode'.
Finding duplicate cells in `\bedrock_prefix_decode'.
Finding identical cells in module `\bedrock_decode'.
Computing hashes of 651 cells of `\bedrock_decode'.
Finding duplicate cells in `\bedrock_decode'.
Removed a total of 0 cells.

2.19.22. Executing OPT_SHARE pass.

2.19.23. Executing OPT_DFF pass (perform DFF optimizations).

2.19.24. Executing OPT_CLEAN pass (remove unused cells and wires).
Finding unused cells or wires in module \bedrock_full_decode..
Finding unused cells or wires in module \bedrock_agu_request_build..
Finding unused cells or wires in module \bedrock_ea_decode..
Finding unused cells or wires in module \bedrock_prefix_decode..
Finding unused cells or wires in module \bedrock_decode..

2.19.25. Executing OPT_EXPR pass (perform const folding).
Optimizing module bedrock_full_decode.
Optimizing module bedrock_agu_request_build.
Optimizing module bedrock_ea_decode.
Optimizing module bedrock_prefix_decode.
Optimizing module bedrock_decode.

2.19.26. Finished fast OPT passes. (There is nothing left to do.)

2.20. Executing TECHMAP pass (map to technology primitives).

2.20.1. Executing Verilog-2005 frontend: /opt/homebrew/bin/../share/yosys/techmap.v
Parsing Verilog input from `/opt/homebrew/bin/../share/yosys/techmap.v' to AST representation.
Generating RTLIL representation for module `\_90_simplemap_bool_ops'.
Generating RTLIL representation for module `\_90_simplemap_reduce_ops'.
Generating RTLIL representation for module `\_90_simplemap_logic_ops'.
Generating RTLIL representation for module `\_90_simplemap_compare_ops'.
Generating RTLIL representation for module `\_90_simplemap_various'.
Generating RTLIL representation for module `\_90_simplemap_registers'.
Generating RTLIL representation for module `\_90_shift_ops_shr_shl_sshl_sshr'.
Generating RTLIL representation for module `\_90_shift_shiftx'.
Generating RTLIL representation for module `\_90_fa'.
Generating RTLIL representation for module `\_90_lcu_brent_kung'.
Generating RTLIL representation for module `\_90_alu'.
Generating RTLIL representation for module `\_90_macc'.
Generating RTLIL representation for module `\_90_alumacc'.
Generating RTLIL representation for module `$__div_mod_u'.
Generating RTLIL representation for module `$__div_mod_trunc'.
Generating RTLIL representation for module `\_90_div'.
Generating RTLIL representation for module `\_90_mod'.
Generating RTLIL representation for module `$__div_mod_floor'.
Generating RTLIL representation for module `\_90_divfloor'.
Generating RTLIL representation for module `\_90_modfloor'.
Generating RTLIL representation for module `\_90_pow'.
Generating RTLIL representation for module `\_90_demux'.
Generating RTLIL representation for module `\_90_lut'.
Generating RTLIL representation for module `$connect'.
Generating RTLIL representation for module `$input_port'.
Successfully finished Verilog frontend.

2.20.2. Continuing TECHMAP pass.
Using extmapper simplemap for cells of type $not.
Using extmapper simplemap for cells of type $or.
Using extmapper simplemap for cells of type $reduce_and.
Using template $paramod$740b056ede97228d3eae64ea2fdc81f0a33e0fe7\_90_alu for cells of type $alu.
Using extmapper simplemap for cells of type $reduce_or.
Using template $paramod$cf7613839d500415f5b0bc26b1d563f7648e9cd6\_90_alu for cells of type $alu.
Using template $paramod$8b1a36ab2238111d2a0f4cb4ef2e14f2a55fc1f9\_90_alu for cells of type $alu.
Using template $paramod$b8c0a997bce700f23568a5ada79cc6781d1f5ca0\_90_alu for cells of type $alu.
Using template $paramod$8566e740d04f74bcf985006e358778bd42fe2a0e\_90_alu for cells of type $alu.
Using template $paramod$eae5c6d909a05153739c7821f34da2cbc0422532\_90_alu for cells of type $alu.
Using template $paramod$8742280fdebca84e1c87f2a86ed84f62d558f4cc\_90_alu for cells of type $alu.
Using template $paramod$a9c900cfac70fce03c31ed9e1b8decb8a10ccec8\_90_alu for cells of type $alu.
Using template $paramod$50421b562f8eb1318d93ca56f0d931d9bef85d75\_90_alu for cells of type $alu.
Using template $paramod$75108d6e8d490ab2eec24aee458e87cb2a6c124c\_90_alu for cells of type $alu.
Using template $paramod$dc04b7d98e503a7bab16fce2df70e6e2c5ca34d6\_90_alu for cells of type $alu.
Using template $paramod$d110826863300b0a690a6a0b0b8913eb7015ee77\_90_alu for cells of type $alu.
Using extmapper simplemap for cells of type $logic_and.
Using extmapper simplemap for cells of type $eq.
Using extmapper simplemap for cells of type $mux.
Using extmapper simplemap for cells of type $pmux.
Using extmapper simplemap for cells of type $logic_not.
Using extmapper simplemap for cells of type $and.
Using extmapper simplemap for cells of type $pos.
Using template $paramod\_90_fa\WIDTH=32'00000000000000000000000000010000 for cells of type $fa.
Using template $paramod\_90_lcu_brent_kung\WIDTH=32'00000000000000000000000000010000 for cells of type $lcu.
Using extmapper simplemap for cells of type $xor.
Using template $paramod\_90_fa\WIDTH=32'00000000000000000000000000000101 for cells of type $fa.
Using template $paramod\_90_lcu_brent_kung\WIDTH=32'00000000000000000000000000000101 for cells of type $lcu.
Using template $paramod\_90_fa\WIDTH=32'00000000000000000000000000000011 for cells of type $fa.
Using template $paramod\_90_lcu_brent_kung\WIDTH=32'00000000000000000000000000000011 for cells of type $lcu.
Using template $paramod\_90_fa\WIDTH=32'00000000000000000000000000000110 for cells of type $fa.
Using template $paramod\_90_lcu_brent_kung\WIDTH=32'00000000000000000000000000000110 for cells of type $lcu.
Using template $paramod\_90_fa\WIDTH=32'00000000000000000000000000001000 for cells of type $fa.
Using template $paramod\_90_lcu_brent_kung\WIDTH=32'00000000000000000000000000001000 for cells of type $lcu.
Using template $paramod\_90_fa\WIDTH=32'00000000000000000000000000000100 for cells of type $fa.
Using template $paramod\_90_lcu_brent_kung\WIDTH=32'00000000000000000000000000000100 for cells of type $lcu.
Using template $paramod$32a7b7b86c07519b7537abc18e96f0331f97914d\_90_alu for cells of type $alu.
Using extmapper simplemap for cells of type $reduce_bool.
Using extmapper simplemap for cells of type $logic_or.
Using template $paramod$1a3a0c35c4a4896fbfd612699525c057298e72d2\_90_alu for cells of type $alu.
Using template $paramod$bfceb922395790c0ce92e9f9b5b428d4fc72cc30\_90_alu for cells of type $alu.
Using extmapper maccmap for cells of type $macc_v2.
  add \ea0_descriptor_token (2 bits, unsigned)
  add $auto$wreduce.cc:514:run$18678 [2:0] (3 bits, unsigned)
  add $auto$wreduce.cc:514:run$18679 [2:0] (3 bits, unsigned)
No more expansions possible.
<suppressed ~3054 debug messages>

2.21. Executing OPT pass (performing simple optimizations).

2.21.1. Executing OPT_EXPR pass (perform const folding).
Optimizing module bedrock_full_decode.
<suppressed ~507 debug messages>
Optimizing module bedrock_agu_request_build.
<suppressed ~31 debug messages>
Optimizing module bedrock_ea_decode.
<suppressed ~780 debug messages>
Optimizing module bedrock_prefix_decode.
<suppressed ~524 debug messages>
Optimizing module bedrock_decode.
<suppressed ~7736 debug messages>

2.21.2. Executing OPT_MERGE pass (detect identical cells).
Finding identical cells in module `\bedrock_full_decode'.
Computing hashes of 1552 cells of `\bedrock_full_decode'.
Finding duplicate cells in `\bedrock_full_decode'.
Computing hashes of 1326 cells of `\bedrock_full_decode'.
Finding duplicate cells in `\bedrock_full_decode'.
Computing hashes of 1196 cells of `\bedrock_full_decode'.
Finding duplicate cells in `\bedrock_full_decode'.
Computing hashes of 1159 cells of `\bedrock_full_decode'.
Finding duplicate cells in `\bedrock_full_decode'.
<suppressed ~1179 debug messages>
Finding identical cells in module `\bedrock_agu_request_build'.
Computing hashes of 23 cells of `\bedrock_agu_request_build'.
Finding duplicate cells in `\bedrock_agu_request_build'.
Finding identical cells in module `\bedrock_ea_decode'.
Computing hashes of 877 cells of `\bedrock_ea_decode'.
Finding duplicate cells in `\bedrock_ea_decode'.
Computing hashes of 653 cells of `\bedrock_ea_decode'.
Finding duplicate cells in `\bedrock_ea_decode'.
Computing hashes of 574 cells of `\bedrock_ea_decode'.
Finding duplicate cells in `\bedrock_ea_decode'.
Computing hashes of 565 cells of `\bedrock_ea_decode'.
Finding duplicate cells in `\bedrock_ea_decode'.
Computing hashes of 562 cells of `\bedrock_ea_decode'.
Finding duplicate cells in `\bedrock_ea_decode'.
<suppressed ~945 debug messages>
Finding identical cells in module `\bedrock_prefix_decode'.
Computing hashes of 587 cells of `\bedrock_prefix_decode'.
Finding duplicate cells in `\bedrock_prefix_decode'.
Computing hashes of 419 cells of `\bedrock_prefix_decode'.
Finding duplicate cells in `\bedrock_prefix_decode'.
Computing hashes of 339 cells of `\bedrock_prefix_decode'.
Finding duplicate cells in `\bedrock_prefix_decode'.
Computing hashes of 333 cells of `\bedrock_prefix_decode'.
Finding duplicate cells in `\bedrock_prefix_decode'.
Computing hashes of 331 cells of `\bedrock_prefix_decode'.
Finding duplicate cells in `\bedrock_prefix_decode'.
<suppressed ~768 debug messages>
Finding identical cells in module `\bedrock_decode'.
Computing hashes of 7901 cells of `\bedrock_decode'.
Finding duplicate cells in `\bedrock_decode'.
Computing hashes of 5352 cells of `\bedrock_decode'.
Finding duplicate cells in `\bedrock_decode'.
Computing hashes of 4248 cells of `\bedrock_decode'.
Finding duplicate cells in `\bedrock_decode'.
Computing hashes of 3801 cells of `\bedrock_decode'.
Finding duplicate cells in `\bedrock_decode'.
Computing hashes of 3695 cells of `\bedrock_decode'.
Finding duplicate cells in `\bedrock_decode'.
Computing hashes of 3666 cells of `\bedrock_decode'.
Finding duplicate cells in `\bedrock_decode'.
Computing hashes of 3660 cells of `\bedrock_decode'.
Finding duplicate cells in `\bedrock_decode'.
Computing hashes of 3659 cells of `\bedrock_decode'.
Finding duplicate cells in `\bedrock_decode'.
<suppressed ~12726 debug messages>
Removed a total of 5206 cells.

2.21.3. Executing OPT_DFF pass (perform DFF optimizations).

2.21.4. Executing OPT_CLEAN pass (remove unused cells and wires).
Finding unused cells or wires in module \bedrock_full_decode..
Finding unused cells or wires in module \bedrock_agu_request_build..
Finding unused cells or wires in module \bedrock_ea_decode..
Finding unused cells or wires in module \bedrock_prefix_decode..
Finding unused cells or wires in module \bedrock_decode..
Removed 208 unused cells and 7726 unused wires.
<suppressed ~213 debug messages>

2.21.5. Finished fast OPT passes.

2.22. Executing ABC pass (technology mapping using ABC).

2.22.1. Extracting gate netlist of module `\bedrock_full_decode' to `<abc-temp-dir>/input.blif'..

2.22.1.1. Executed ABC.
Extracted 1124 gates and 1274 wires to a netlist network with 148 inputs and 100 outputs.
Running ABC script: <abc-temp-dir>/abc.script
ABC: ======== ABC command line "source <abc-temp-dir>/abc.script"
ABC: + read_blif <abc-temp-dir>/input.blif 
ABC: + read_library <abc-temp-dir>/stdcells.genlib 
ABC: + strash 
ABC: + &get -n 
ABC: + &fraig -x 
ABC: + &put 
ABC: + scorr 
ABC: Warning: The network is combinational (run "fraig" or "fraig_sweep").
ABC: + dc2 
ABC: + dretime 
ABC: + strash 
ABC: + &get -n 
ABC: + &dch -f 
ABC: + &nf 
ABC: + &put 
ABC: + write_blif <abc-temp-dir>/output.blif 

2.22.1.2. Re-integrating ABC results.
ABC RESULTS:               AND cells:      221
ABC RESULTS:            ANDNOT cells:       37
ABC RESULTS:               MUX cells:      101
ABC RESULTS:              NAND cells:      434
ABC RESULTS:               NOR cells:        8
ABC RESULTS:               NOT cells:        6
ABC RESULTS:                OR cells:       18
ABC RESULTS:             ORNOT cells:       10
ABC RESULTS:              XNOR cells:        5
ABC RESULTS:               XOR cells:       14
ABC RESULTS:        internal signals:     1026
ABC RESULTS:           input signals:      148
ABC RESULTS:          output signals:      100
Removing temp directory.

2.22.2. Extracting gate netlist of module `\bedrock_agu_request_build' to `<abc-temp-dir>/input.blif'..

2.22.2.1. Executed ABC.
Extracted 17 gates and 29 wires to a netlist network with 12 inputs and 8 outputs.
Running ABC script: <abc-temp-dir>/abc.script
ABC: ======== ABC command line "source <abc-temp-dir>/abc.script"
ABC: + read_blif <abc-temp-dir>/input.blif 
ABC: + read_library <abc-temp-dir>/stdcells.genlib 
ABC: + strash 
ABC: + &get -n 
ABC: + &fraig -x 
ABC: + &put 
ABC: + scorr 
ABC: Warning: The network is combinational (run "fraig" or "fraig_sweep").
ABC: + dc2 
ABC: + dretime 
ABC: + strash 
ABC: + &get -n 
ABC: + &dch -f 
ABC: + &nf 
ABC: + &put 
ABC: + write_blif <abc-temp-dir>/output.blif 

2.22.2.2. Re-integrating ABC results.
ABC RESULTS:               AND cells:        4
ABC RESULTS:            ANDNOT cells:        2
ABC RESULTS:              NAND cells:        1
ABC RESULTS:                OR cells:        2
ABC RESULTS:             ORNOT cells:        1
ABC RESULTS:              XNOR cells:        1
ABC RESULTS:               XOR cells:        3
ABC RESULTS:        internal signals:        9
ABC RESULTS:           input signals:       12
ABC RESULTS:          output signals:        8
Removing temp directory.

2.22.3. Extracting gate netlist of module `\bedrock_ea_decode' to `<abc-temp-dir>/input.blif'..

2.22.3.1. Executed ABC.
Extracted 561 gates and 585 wires to a netlist network with 22 inputs and 40 outputs.
Running ABC script: <abc-temp-dir>/abc.script
ABC: ======== ABC command line "source <abc-temp-dir>/abc.script"
ABC: + read_blif <abc-temp-dir>/input.blif 
ABC: + read_library <abc-temp-dir>/stdcells.genlib 
ABC: + strash 
ABC: + &get -n 
ABC: + &fraig -x 
ABC: + &put 
ABC: + scorr 
ABC: Warning: The network is combinational (run "fraig" or "fraig_sweep").
ABC: + dc2 
ABC: + dretime 
ABC: + strash 
ABC: + &get -n 
ABC: + &dch -f 
ABC: + &nf 
ABC: + &put 
ABC: + write_blif <abc-temp-dir>/output.blif 

2.22.3.2. Re-integrating ABC results.
ABC RESULTS:               AND cells:       96
ABC RESULTS:            ANDNOT cells:       25
ABC RESULTS:               MUX cells:        4
ABC RESULTS:              NAND cells:       89
ABC RESULTS:               NOR cells:        6
ABC RESULTS:               NOT cells:        4
ABC RESULTS:                OR cells:       27
ABC RESULTS:             ORNOT cells:       24
ABC RESULTS:              XNOR cells:        2
ABC RESULTS:              ZERO cells:        1
ABC RESULTS:        internal signals:      523
ABC RESULTS:           input signals:       22
ABC RESULTS:          output signals:       40
Removing temp directory.

2.22.4. Extracting gate netlist of module `\bedrock_prefix_decode' to `<abc-temp-dir>/input.blif'..

2.22.4.1. Executed ABC.
Extracted 331 gates and 348 wires to a netlist network with 16 inputs and 19 outputs.
Running ABC script: <abc-temp-dir>/abc.script
ABC: ======== ABC command line "source <abc-temp-dir>/abc.script"
ABC: + read_blif <abc-temp-dir>/input.blif 
ABC: + read_library <abc-temp-dir>/stdcells.genlib 
ABC: + strash 
ABC: + &get -n 
ABC: + &fraig -x 
ABC: + &put 
ABC: + scorr 
ABC: Warning: The network is combinational (run "fraig" or "fraig_sweep").
ABC: + dc2 
ABC: + dretime 
ABC: + strash 
ABC: + &get -n 
ABC: + &dch -f 
ABC: + &nf 
ABC: + &put 
ABC: + write_blif <abc-temp-dir>/output.blif 

2.22.4.2. Re-integrating ABC results.
ABC RESULTS:               AND cells:       22
ABC RESULTS:            ANDNOT cells:       18
ABC RESULTS:               MUX cells:        3
ABC RESULTS:              NAND cells:       44
ABC RESULTS:               NOR cells:        8
ABC RESULTS:               NOT cells:        1
ABC RESULTS:                OR cells:        6
ABC RESULTS:             ORNOT cells:        5
ABC RESULTS:        internal signals:      313
ABC RESULTS:           input signals:       16
ABC RESULTS:          output signals:       19
Removing temp directory.

2.22.5. Extracting gate netlist of module `\bedrock_decode' to `<abc-temp-dir>/input.blif'..

2.22.5.1. Executed ABC.
Extracted 3487 gates and 3517 wires to a netlist network with 28 inputs and 27 outputs.
Running ABC script: <abc-temp-dir>/abc.script
ABC: ======== ABC command line "source <abc-temp-dir>/abc.script"
ABC: + read_blif <abc-temp-dir>/input.blif 
ABC: + read_library <abc-temp-dir>/stdcells.genlib 
ABC: + strash 
ABC: + &get -n 
ABC: + &fraig -x 
ABC: + &put 
ABC: + scorr 
ABC: Warning: The network is combinational (run "fraig" or "fraig_sweep").
ABC: + dc2 
ABC: + dretime 
ABC: + strash 
ABC: + &get -n 
ABC: + &dch -f 
ABC: + &nf 
ABC: + &put 
ABC: + write_blif <abc-temp-dir>/output.blif 

2.22.5.2. Re-integrating ABC results.
ABC RESULTS:               AND cells:     1055
ABC RESULTS:            ANDNOT cells:      126
ABC RESULTS:               MUX cells:        6
ABC RESULTS:              NAND cells:      474
ABC RESULTS:               NOR cells:       41
ABC RESULTS:               NOT cells:       15
ABC RESULTS:                OR cells:       54
ABC RESULTS:             ORNOT cells:       60
ABC RESULTS:               XOR cells:        2
ABC RESULTS:        internal signals:     3462
ABC RESULTS:           input signals:       28
ABC RESULTS:          output signals:       27
Removing temp directory.
Removing global temp directory.

2.23. Executing OPT pass (performing simple optimizations).

2.23.1. Executing OPT_EXPR pass (perform const folding).
Optimizing module bedrock_full_decode.
Optimizing module bedrock_agu_request_build.
Optimizing module bedrock_ea_decode.
Optimizing module bedrock_prefix_decode.
Optimizing module bedrock_decode.
<suppressed ~1 debug messages>

2.23.2. Executing OPT_MERGE pass (detect identical cells).
Finding identical cells in module `\bedrock_full_decode'.
Computing hashes of 860 cells of `\bedrock_full_decode'.
Finding duplicate cells in `\bedrock_full_decode'.
Finding identical cells in module `\bedrock_agu_request_build'.
Computing hashes of 14 cells of `\bedrock_agu_request_build'.
Finding duplicate cells in `\bedrock_agu_request_build'.
Finding identical cells in module `\bedrock_ea_decode'.
Computing hashes of 277 cells of `\bedrock_ea_decode'.
Finding duplicate cells in `\bedrock_ea_decode'.
Computing hashes of 276 cells of `\bedrock_ea_decode'.
Finding duplicate cells in `\bedrock_ea_decode'.
<suppressed ~3 debug messages>
Finding identical cells in module `\bedrock_prefix_decode'.
Computing hashes of 107 cells of `\bedrock_prefix_decode'.
Finding duplicate cells in `\bedrock_prefix_decode'.
Finding identical cells in module `\bedrock_decode'.
Computing hashes of 1833 cells of `\bedrock_decode'.
Finding duplicate cells in `\bedrock_decode'.
Removed a total of 1 cells.

2.23.3. Executing OPT_DFF pass (perform DFF optimizations).

2.23.4. Executing OPT_CLEAN pass (remove unused cells and wires).
Finding unused cells or wires in module \bedrock_full_decode..
Finding unused cells or wires in module \bedrock_agu_request_build..
Finding unused cells or wires in module \bedrock_ea_decode..
Finding unused cells or wires in module \bedrock_prefix_decode..
Finding unused cells or wires in module \bedrock_decode..
Removed 0 unused cells and 3782 unused wires.
<suppressed ~18 debug messages>

2.23.5. Finished fast OPT passes.

2.24. Executing HIERARCHY pass (managing design hierarchy).
Attribute `top' found on module `bedrock_full_decode'. Setting top module to bedrock_full_decode.

2.24.1. Analyzing design hierarchy..
Top module:  \bedrock_full_decode
Used module:     \bedrock_ea_decode
Used module:     \bedrock_agu_request_build
Used module:     \bedrock_decode
Used module:     \bedrock_prefix_decode

2.24.2. Analyzing design hierarchy..
Top module:  \bedrock_full_decode
Used module:     \bedrock_ea_decode
Used module:     \bedrock_agu_request_build
Used module:     \bedrock_decode
Used module:     \bedrock_prefix_decode
Removed 0 unused modules.

2.25. Printing statistics.

=== bedrock_full_decode ===

        +----------Local Count, excluding submodules.
        | 
      861 wires
     1736 wire bits
      107 public wires
      982 public wire bits
       47 ports
      393 port bits
      854 cells
       37   $_ANDNOT_
      221   $_AND_
      101   $_MUX_
      434   $_NAND_
        8   $_NOR_
        6   $_NOT_
       10   $_ORNOT_
       18   $_OR_
        5   $_XNOR_
       14   $_XOR_
        6 submodules
        2   bedrock_agu_request_build
        1   bedrock_decode
        2   bedrock_ea_decode
        1   bedrock_prefix_decode

=== bedrock_agu_request_build ===

        +----------Local Count, excluding submodules.
        | 
       34 wires
      123 wire bits
       28 public wires
      117 public wire bits
       27 ports
      116 port bits
       14 cells
        2   $_ANDNOT_
        4   $_AND_
        1   $_NAND_
        1   $_ORNOT_
        2   $_OR_
        1   $_XNOR_
        3   $_XOR_

=== bedrock_ea_decode ===

        +----------Local Count, excluding submodules.
        | 
      290 wires
      566 wire bits
       52 public wires
      328 public wire bits
       24 ports
       62 port bits
      276 cells
       25   $_ANDNOT_
       96   $_AND_
        4   $_MUX_
       88   $_NAND_
        6   $_NOR_
        4   $_NOT_
       24   $_ORNOT_
       27   $_OR_
        2   $_XNOR_

=== bedrock_prefix_decode ===

        +----------Local Count, excluding submodules.
        | 
      113 wires
      462 wire bits
       25 public wires
      374 public wire bits
       11 ports
       35 port bits
      107 cells
       18   $_ANDNOT_
       22   $_AND_
        3   $_MUX_
       44   $_NAND_
        8   $_NOR_
        1   $_NOT_
        5   $_ORNOT_
        6   $_OR_

=== bedrock_decode ===

        +----------Local Count, excluding submodules.
        | 
     1826 wires
     1984 wire bits
       20 public wires
      178 public wire bits
       11 ports
       56 port bits
     1833 cells
      126   $_ANDNOT_
     1055   $_AND_
        6   $_MUX_
      474   $_NAND_
       41   $_NOR_
       15   $_NOT_
       60   $_ORNOT_
       54   $_OR_
        2   $_XOR_

=== design hierarchy ===

        +----------Count including submodules.
        | 
     3374 bedrock_full_decode
       14 bedrock_agu_request_build
     1833 bedrock_decode
      276 bedrock_ea_decode
      107 bedrock_prefix_decode

        +----------Count including submodules.
        | 
     3448 wires
     5560 wire bits
      312 public wires
     2424 public wire bits
      171 ports
      840 port bits
        - memories
        - memory bits
        - processes
     3374 cells
      235   $_ANDNOT_
     1498   $_AND_
      118   $_MUX_
     1130   $_NAND_
       69   $_NOR_
       30   $_NOT_
      125   $_ORNOT_
      136   $_OR_
       11   $_XNOR_
       22   $_XOR_
        6 submodules
        2   bedrock_agu_request_build
        1   bedrock_decode
        2   bedrock_ea_decode
        1   bedrock_prefix_decode

2.26. Executing CHECK pass (checking for obvious problems).
Checking module bedrock_full_decode...
Checking module bedrock_agu_request_build...
Checking module bedrock_ea_decode...
Checking module bedrock_prefix_decode...
Checking module bedrock_decode...
Found and reported 0 problems.

3. Printing statistics.

=== bedrock_full_decode ===

        +----------Local Count, excluding submodules.
        | 
      861 wires
     1736 wire bits
      107 public wires
      982 public wire bits
       47 ports
      393 port bits
      854 cells
       37   $_ANDNOT_
      221   $_AND_
      101   $_MUX_
      434   $_NAND_
        8   $_NOR_
        6   $_NOT_
       10   $_ORNOT_
       18   $_OR_
        5   $_XNOR_
       14   $_XOR_
        6 submodules
        2   bedrock_agu_request_build
        1   bedrock_decode
        2   bedrock_ea_decode
        1   bedrock_prefix_decode

=== bedrock_agu_request_build ===

        +----------Local Count, excluding submodules.
        | 
       34 wires
      123 wire bits
       28 public wires
      117 public wire bits
       27 ports
      116 port bits
       14 cells
        2   $_ANDNOT_
        4   $_AND_
        1   $_NAND_
        1   $_ORNOT_
        2   $_OR_
        1   $_XNOR_
        3   $_XOR_

=== bedrock_ea_decode ===

        +----------Local Count, excluding submodules.
        | 
      290 wires
      566 wire bits
       52 public wires
      328 public wire bits
       24 ports
       62 port bits
      276 cells
       25   $_ANDNOT_
       96   $_AND_
        4   $_MUX_
       88   $_NAND_
        6   $_NOR_
        4   $_NOT_
       24   $_ORNOT_
       27   $_OR_
        2   $_XNOR_

=== bedrock_prefix_decode ===

        +----------Local Count, excluding submodules.
        | 
      113 wires
      462 wire bits
       25 public wires
      374 public wire bits
       11 ports
       35 port bits
      107 cells
       18   $_ANDNOT_
       22   $_AND_
        3   $_MUX_
       44   $_NAND_
        8   $_NOR_
        1   $_NOT_
        5   $_ORNOT_
        6   $_OR_

=== bedrock_decode ===

        +----------Local Count, excluding submodules.
        | 
     1826 wires
     1984 wire bits
       20 public wires
      178 public wire bits
       11 ports
       56 port bits
     1833 cells
      126   $_ANDNOT_
     1055   $_AND_
        6   $_MUX_
      474   $_NAND_
       41   $_NOR_
       15   $_NOT_
       60   $_ORNOT_
       54   $_OR_
        2   $_XOR_

=== design hierarchy ===

        +----------Count including submodules.
        | 
     3374 bedrock_full_decode
       14 bedrock_agu_request_build
     1833 bedrock_decode
      276 bedrock_ea_decode
      107 bedrock_prefix_decode

        +----------Count including submodules.
        | 
     3448 wires
     5560 wire bits
      312 public wires
     2424 public wire bits
      171 ports
      840 port bits
        - memories
        - memory bits
        - processes
     3374 cells
      235   $_ANDNOT_
     1498   $_AND_
      118   $_MUX_
     1130   $_NAND_
       69   $_NOR_
       30   $_NOT_
      125   $_ORNOT_
      136   $_OR_
       11   $_XNOR_
       22   $_XOR_
        6 submodules
        2   bedrock_agu_request_build
        1   bedrock_decode
        2   bedrock_ea_decode
        1   bedrock_prefix_decode

4. Executing JSON backend.

End of script. Logfile hash: fe8a8a6138, time: 2.14s, user: 1.36s, system: 0.04s, MEM: 88.38 MB peak
Yosys 0.65 (git sha1 aec814bdf3071f7e0fd0fbe43f7f711e99d01e24, clang++ 21.0.0 -fPIC -O3)
Time spent: 37% 1x abc (0 sec), 13% 3x read_verilog (0 sec), ...
